aaroh101: "Hank Aaron"
aarot101: "Tommie Aaron"
abert101: "Ted Abernathy"
acklf101: "Fritz Ackley"
adaij101: "Jerry Adair"
adamd101: "Doug Adams"
adamm101: "Mike Adamson"
adcoj101: "Joe Adcock"
adled101: "Dave Adlesh"
ageet101: "Tommie Agee"
aguih101: "Hank Aguirre"
akerj102: "Jack Aker"
alcal101: "Luis Alcaraz"
alleb101: "Bob Allen"
alleb105: "Bernie Allen"
alled101: "Dick Allen"
alleg101: "Gene Alley"
alleh104: "Hank Allen"
allel101: "Lloyd Allen"
allib103: "Bob Allison"
aloms101: "Sandy Alomar"
alouf101: "Felipe Alou"
alouj101: "Jesus Alou"
aloum101: "Matty Alou"
altmg101: "George Altman"
altoj101: "Joe Altobelli"
alusg101: "George Alusik"
alval101: "Luis Alvarado"
alvar101: "Rogelio Alvarez"
alvim101: "Max Alvis"
alyeb101: "Brant Alyea"
amalj101: "Joey Amalfitano"
amarr101: "Ruben Amaro"
amors101: "Sandy Amoros"
andeb102: "Bob Anderson"
andec101: "Craig Anderson"
andeh101: "Harry Anderson"
andej102: "John Anderson"
andrm101: "Mike Andrews"
antoj103: "Johnny Antonelli"
aparl101: "Luis Aparicio"
archj101: "Jim Archer"
arcij101: "Jose Arcia"
arded101: "Dan Ardell"
arlid101: "Don Arlich"
arlis101: "Steve Arlin"
arrig101: "Gerry Arrigo"
arrol101: "Luis Arroyo"
ashbr101: "Richie Ashburn"
asprb101: "Bob Aspromonte"
asprk101: "Ken Aspromonte"
austd101: "Dennis Aust"
avere102: "Earl Averill"
azcuj101: "Joe Azcue"
bahns101: "Stan Bahnsen"
bailb103: "Bob Bailey"
baile101: "Ed Bailey"
bails102: "Steve Bailey"
bairb101: "Bob Baird"
baked002: "Dusty Baker"
baked103: "Dave Bakenhaster"
bakef104: "Frank Baker"
bakeg101: "Gene Baker"
baket102: "Tom Baker"
baldd101: "Dave Baldwin"
baldj101: "Jack Baldschun"
balel101: "Lee Bales"
balst101: "Tony Balsamo"
bands101: "Sal Bando"
baned101: "Dick Baney"
banke101: "Ernie Banks"
bankg101: "George Banks"
barbj102: "Jim Barbieri"
barbs102: "Steve Barber"
barkr102: "Ray Barker"
barne102: "Ed Barnowski"
barnf102: "Frank Barnes"
barod101: "Dick Barone"
barrc101: "Cuno Barragan"
barrr102: "Rich Barry"
bartb101: "Bob Barton"
bassn101: "Norm Bass"
bated102: "Dick Bates"
batej102: "John Bateman"
batte101: "Earl Battey"
baueh101: "Hank Bauer"
baumf102: "Frank Baumann"
baumj102: "Jim Baumer"
baute101: "Ed Bauta"
bearl101: "Larry Bearnarth"
beauj101: "Jim Beauchamp"
beckg101: "Glenn Beckert"
beckr101: "Rich Beck"
becqj101: "Julio Becquer"
bedeh101: "Howie Bedell"
beenf101: "Fred Beene"
belam101: "Mark Belanger"
belib101: "Bo Belinsky"
bellg102: "Gary Bell"
bellg103: "Gus Bell"
bencj101: "Johnny Bench"
bennd101: "Dennis Bennett"
bennd102: "Dave Bennett"
berbl101: "Lou Berberet"
berrk101: "Ken Berry"
berry101: "Yogi Berra"
bertd101: "Dick Bertell"
bertf101: "Frank Bertaina"
bertr101: "Reno Bertoia"
bethb101: "Bill Bethea"
bethj101: "Jim Bethke"
bevah101: "Hal Bevan"
bilks101: "Steve Bilko"
billd101: "Dick Billings"
billj101: "Jack Billingham"
blace103: "Ethan Blackaby"
bladr101: "Rick Bladt"
blaip101: "Paul Blair"
blang101: "Gil Blanco"
blanj101: "Johnny Blanchard"
blasd101: "Don Blasingame"
blass101: "Steve Blass"
blasw101: "Wade Blasingame"
blefc101: "Curt Blefary"
blemr101: "Ray Blemker"
blomr101: "Ron Blomberg"
bloob101: "Bud Bloomfield"
bluev001: "Vida Blue"
boakc101: "Chet Boak"
bobbr101: "Randy Bobb"
boccj101: "John Boccabella"
boehl101: "Len Boehmer"
boglw101: "Warren Bogle"
bolec101: "Carl Boles"
bolib101: "Bobby Bolin"
bollf101: "Frank Bolling"
bollg101: "Greg Bollo"
bondb101: "Bobby Bonds"
bondw101: "Walt Bond"
bonij101: "Joe Bonikowski"
bookb101: "Buddy Booker"
boonr101: "Ray Boone"
boozj101: "John Boozer"
borbp101: "Pedro Borbon"
borkf101: "Frank Bork"
borlt101: "Tom Borland"
boros101: "Steve Boros"
boscd101: "Don Bosch"
bosmd101: "Dick Bosman"
boswd101: "Dave Boswell"
boswk101: "Ken Boswell"
botzb101: "Bob Botz"
bouce101: "Ed Bouchee"
boulc101: "Carl Bouldin"
boutj101: "Jim Bouton"
bowes103: "Sam Bowens"
bowlw101: "Weldon Bowlin"
bowme101: "Ernie Bowman"
bowst101: "Ted Bowsfield"
boydb102: "Bob Boyd"
boydg101: "Gary Boyd"
boyec102: "Clete Boyer"
boyek101: "Ken Boyer"
brabg101: "Gene Brabender"
bradb105: "Buddy Bradford"
bradd102: "Don Bradey"
bradt102: "Tom Bradley"
branb102: "Bucky Brandon"
branh101: "Harvey Branch"
branj101: "Jackie Brandt"
branr101: "Ron Brand"
brauj101: "John Braun"
brava101: "Angel Bravo"
breaj101: "Jim Breazeale"
breed101: "Danny Breeden"
breem101: "Marv Breeding"
brenj101: "Jim Brenneman"
brese101: "Eddie Bressoud"
bretk101: "Ken Brett"
brewj102: "Jim Brewer"
brewt101: "Tom Brewer"
brica101: "Alan Brice"
bricf102: "Fritz Brickell"
bridm101: "Marshall Bridges"
bridr101: "Rocky Bridges"
brigh101: "Harry Bright"
brigj101: "John Briggs"
brigj102: "John Briggs"
briln101: "Nelson Briles"
brinc101: "Chuck Brinkman"
brine101: "Ed Brinkman"
britj101: "Jim Britton"
brocl102: "Lou Brock"
broge101: "Ernie Broglio"
bronj101: "Jim Bronstad"
broob101: "Bobby Brooks"
brosf101: "Frank Brosseau"
brosj101: "Jim Brosnan"
browb101: "Byron Browne"
browc105: "Cal Browning"
browd102: "Dick Brown"
browg101: "Gates Brown"
browh101: "Hal Brown"
browi101: "Ike Brown"
browj104: "Jophery Brown"
browl104: "Larry Brown"
browo101: "Oscar Brown"
browo102: "Ollie Brown"
browp101: "Paul Brown"
browp103: "Pidge Browne"
browr102: "Randy Brown"
browt101: "Tom Brown"
brubb102: "Bruce Brubaker"
brucb101: "Bob Bruce"
brucf101: "Fred Bruckbauer"
brumm101: "Mike Brumley"
bruna101: "Arlo Brunsberg"
brung101: "George Brunet"
brutb101: "Bill Bruton"
bryab101: "Billy Bryan"
bryad101: "Don Bryant"
bryar101: "Ron Bryant"
buchj102: "Jerry Buchek"
buckb001: "Bill Buckner"
buddd101: "Don Buddin"
bufod101: "Don Buford"
buhlb101: "Bob Buhl"
bunkw101: "Wally Bunker"
bunnj101: "Jim Bunning"
burbb101: "Bill Burbach"
burcl101: "Larry Burchart"
burdb102: "Bob Burda"
burdf101: "Freddie Burdette"
burdl101: "Lew Burdette"
burgs101: "Smoky Burgess"
burgt001: "Tom Burgmeier"
burgt101: "Tom Burgess"
burkl102: "Leo Burke"
burnp102: "Pete Burnside"
burrl101: "Larry Burright"
burte101: "Ellis Burton"
burwd101: "Dick Burwell"
busbj101: "Jim Busby"
buscd101: "Don Buschhorn"
butlb101: "Bill Butler"
butlc102: "Cecil Butler"
buttt101: "Tom Butters"
buzhj101: "John Buzhardt"
byerb103: "Bud Byerly"
cainl101: "Les Cain"
callj101: "Johnny Callison"
calmd101: "Dick Calmus"
camid101: "Doug Camilli"
camil101: "Lou Camilli"
campb101: "Bert Campaneris"
campd101: "Dave Campbell"
campj101: "Joe Campbell"
campj104: "Jim Campbell"
campj105: "Jim Campanis"
campr101: "Ron Campbell"
camps102: "Sal Campisi"
cannc101: "Chris Cannizzaro"
carbb101: "Bernie Carbo"
cardc101: "Conrad Cardinal"
cardd101: "Don Cardwell"
cardj101: "Jose Cardenal"
cardl101: "Leo Cardenas"
carea101: "Andy Carey"
carer001: "Rod Carew"
carlc102: "Cisco Carlos"
carls001: "Steve Carlton"
carmd101: "Duke Carmel"
carpf101: "Frank Carpin"
carrc103: "Clay Carroll"
carrc104: "Cam Carreon"
cartr101: "Rico Carty"
casaj101: "Jerry Casale"
casap101: "Paul Casanova"
cashd101: "Dave Cash"
cashn101: "Norm Cash"
cated101: "Danny Cater"
causw101: "Wayne Causey"
cecca101: "Art Ceccarelli"
cepeo101: "Orlando Cepeda"
cervb101: "Bob Cerv"
chace101: "Elio Chacon"
chamb101: "Bill Champion"
chanb101: "Bob Chance"
chand101: "Darrel Chaney"
chand102: "Dean Chance"
chare101: "Ed Charles"
charp101: "Pete Charton"
chavn101: "Nestor Chavez"
chavo101: "Ossie Chavarria"
chent101: "Tom Cheney"
chith101: "Harry Chiti"
chitn101: "Nelson Chittum"
choad101: "Don Choate"
chrib101: "Bob Christian"
chrij101: "Joe Christopher"
chrin101: "Neil Chrisley"
churl101: "Len Church"
cicoa101: "Al Cicotte"
cimip101: "Pete Cimino"
cimog101: "Gino Cimoli"
ciprf101: "Frank Cipriani"
ciscg101: "Galen Cisco"
clarg104: "Glen Clark"
clarh101: "Horace Clarke"
clarr103: "Ron Clark"
clarr104: "Rickey Clark"
clemd101: "Doug Clemens"
clemr101: "Roberto Clemente"
clend101: "Donn Clendenon"
clevr101: "Reggie Cleveland"
clevt101: "Tex Clevenger"
clinl101: "Lou Clinton"
clint101: "Ty Cline"
clont101: "Tony Cloninger"
closa101: "Al Closter"
coatj101: "Jim Coates"
coggf101: "Frank Coggins"
cokej101: "Jimmie Coker"
colar101: "Rocky Colavito"
colbj101: "Jim Colborn"
colbn101: "Nate Colbert"
colec105: "Clarence Coleman"
coleg101: "Gordy Coleman"
colej102: "Joe Coleman"
coler101: "Rip Coleman"
collj102: "Jackie Collum"
collk101: "Kevin Collins"
coltl101: "Larry Colton"
comew101: "Wayne Comer"
condr101: "Ramon Conde"
conib101: "Billy Conigliaro"
conit101: "Tony Conigliaro"
conlg101: "Gene Conley"
connb101: "Bill Connors"
conne102: "Ed Connolly"
consb101: "Billy Consolo"
consj101: "Jim Constable"
cookc101: "Cliff Cook"
coomd101: "Danny Coombs"
corkm101: "Mike Corkins"
corrp102: "Pat Corrales"
cosmj101: "Jim Cosman"
cottc101: "Chuck Cottier"
cougm101: "Marlan Coughtry"
coulc101: "Chip Coulter"
courc101: "Clint Courtney"
coviw101: "Wes Covington"
cowab101: "Billy Cowan"
cox-b103: "Bobby Cox"
cox-c101: "Casey Cox"
craip101: "Pete Craig"
crair101: "Roger Craig"
cramg101: "Gerald Cram"
crand102: "Del Crandall"
craww101: "Willie Crawford"
cridj101: "Jerry Crider"
crowg101: "George Crowe"
crowt101: "Terry Crowley"
cuelm101: "Mike Cuellar"
cuetd101: "Dagoberto Cueto"
cullj101: "Jack Cullen"
cullt101: "Tim Cullen"
culpr101: "Ray Culp"
culvg101: "George Culver"
cumbj101: "John Cumberland"
cunnj101: "Joe Cunningham"
currt101: "Tony Curry"
curtj102: "Jack Curtis"
dahlj102: "Jay Dahl"
dailb101: "Bill Dailey"
dalcb101: "Bruce DalCanton"
daleb102: "Bud Daley"
dalep101: "Pete Daley"
dalrc101: "Clay Dalrymple"
damaj101: "Jack Damaska"
danib102: "Bennie Daniels"
darka101: "Al Dark"
darwb101: "Bobby Darwin"
davaj101: "Jerry DaVanon"
davav101: "Vic Davalillo"
davej101: "Jim Davenport"
davib102: "Bob Davis"
davib105: "Brock Davis"
davib106: "Bill Davis"
davij104: "Jacke Davis"
davim101: "Mike Davison"
davir101: "Ray Daviault"
davir102: "Ron Davis"
davit102: "Ted Davidson"
davit103: "Tommy Davis"
daviw102: "Willie Davis"
day-b102: "Boots Day"
deant101: "Tommy Dean"
debud101: "Dave DeBusschere"
deckj101: "Joe Decker"
deesc101: "Charlie Dees"
degem101: "Mike Degerick"
delam101: "Mike de la Hoz"
delgb101: "Bobby Del Greco"
deloi101: "Ike Delock"
delsj101: "Jim Delsing"
demaj101: "Joe DeMaestri"
demed101: "Don Demeter"
demej101: "John DeMerit"
demes101: "Steve Demeter"
dempr001: "Rick Dempsey"
deneb101: "Bill Denehy"
dennd101: "Don Dennis"
dickj101: "Jim Dickson"
dickp101: "Paul Dicken"
didib101: "Bob Didier"
dierl101: "Larry Dierker"
dietd101: "Dick Dietz"
dilaj101: "Jack DiLauro"
dillb101: "Bill Dillman"
dilld101: "Don Dillard"
dills102: "Steve Dillon"
dista101: "Alec Distaso"
ditma101: "Art Ditmar"
dobbd101: "Dan Dobbek"
dobsc101: "Chuck Dobson"
dobsp101: "Pat Dobson"
donaj101: "John Donaldson"
donod101: "Dick Donovan"
donoj103: "Jim Donohue"
dottd101: "Dutch Dotterer"
dottg101: "Gary Dotter"
dowld101: "Dave Dowling"
downa101: "Al Downing"
doylp101: "Paul Doyle"
drabm101: "Moe Drabowsky"
dragd101: "Dick Drago"
draks102: "Sammy Drake"
dropw101: "Walt Dropo"
drotd101: "Dick Drott"
drysd101: "Don Drysdale"
duckj101: "Jim Duckworth"
duffj101: "John Duffie"
duffj102: "Jim Duffalo"
dukej101: "Jan Dukes"
duket101: "Tom Dukes"
dulib101: "Bob Duliba"
duncd101: "Dave Duncan"
durer101: "Ryne Duren"
dustb101: "Bob Dustal"
dyerd101: "Duffy Dyer"
earla101: "Arnold Earley"
edgeb101: "Bill Edgerton"
edmop101: "Paul Edmondson"
edwad102: "Doc Edwards"
edwaj101: "Johnny Edwards"
egand101: "Dick Egan"
egant101: "Tom Egan"
eiled101: "Dave Eilers"
elial101: "Lee Elia"
ellid101: "Dock Ellis"
ellij101: "John Ellis"
ellij102: "Jim Ellis"
ellil101: "Larry Elliot"
ellis101: "Sammy Ellis"
ellsd101: "Dick Ellsworth"
elstd101: "Don Elston"
emerc101: "Cal Emery"
epstm101: "Mike Epstein"
espos101: "Sammy Esposito"
essec101: "Chuck Essegian"
ested102: "Dick Estelle"
estrc101: "Chuck Estrada"
etcha101: "Andy Etchebarren"
etheb101: "Bobby Etheridge"
evand001: "Darrell Evans"
everl101: "Leon Everitt"
facer101: "Roy Face"
fairj102: "Jim Fairey"
fairr101: "Ron Fairly"
fanoh101: "Harry Fanok"
farlb101: "Bob Farley"
farrt101: "Turk Farrell"
fastd101: "Darcy Fast"
faulb101: "Bill Faul"
fazie101: "Ernie Fazio"
felsj101: "John Felske"
fernc101: "Chico Fernandez"
fernc102: "Chico Fernandez"
fernf101: "Frank Fernandez"
ferra101: "Al Ferrara"
ferrd102: "Don Ferrarese"
ferrm101: "Mike Ferraro"
fingr001: "Rollie Fingers"
fiorm101: "Mike Fiore"
fiscb101: "Bill Fischer"
fisch101: "Hank Fischer"
fishe102: "Eddie Fisher"
fishf101: "Fritz Fisher"
fishj101: "Jack Fisher"
fisht101: "Tom Fisher"
fiskc001: "Carlton Fisk"
fitza101: "Al Fitzmorris"
fitzs101: "Shaun Fitzmaurice"
flavj101: "John Flavin"
flett101: "Tom Fletcher"
flooc101: "Curt Flood"
floyb101: "Bobby Floyd"
foilh101: "Hank Foiles"
fordw101: "Whitey Ford"
fornm101: "Mike Fornieles"
fosnj101: "Jerry Fosnow"
fossl101: "Larry Foss"
fossr101: "Ray Fosse"
fosta101: "Alan Foster"
fostg001: "George Foster"
fostl102: "Larry Foster"
fowla101: "Art Fowler"
fox-n101: "Nellie Fox"
fox-t101: "Terry Fox"
foy-j101: "Joe Foy"
foytp101: "Paul Foytack"
frane101: "Earl Francis"
frant101: "Tito Francona"
freeb103: "Bill Freehan"
freeg101: "George Freese"
freeg102: "Gene Freese"
freem101: "Mark Freeman"
fregj101: "Jim Fregosi"
frenj101: "Jim French"
frieb102: "Bob Friend"
frisd101: "Danny Frisella"
frymw101: "Woodie Fryman"
fuenm101: "Miguel Fuentes"
fuent101: "Tito Fuentes"
fullv101: "Vern Fuller"
funkf101: "Frank Funk"
furic101: "Carl Furillo"
gablg102: "Gabe Gabler"
gabrl102: "Len Gabrielson"
gaglp101: "Phil Gagliano"
gaglr101: "Ralph Gagliano"
gainj101: "Joe Gaines"
galld101: "Doug Gallagher"
gambo001: "Oscar Gamble"
garbg001: "Gene Garber"
garcm101: "Mike Garcia"
gardb101: "Billy Gardner"
gardr101: "Rob Gardner"
garib101: "Bob Garibaldi"
garmm101: "Mike Garman"
garra101: "Adrian Garrett"
garrg101: "Gil Garrido"
garrr101: "Ralph Garr"
garrw101: "Wayne Garrett"
garvn102: "Ned Garver"
garvs001: "Steve Garvey"
gaspr101: "Rod Gaspar"
gastc101: "Cito Gaston"
gatea101: "Aubrey Gatewood"
geigg101: "Gary Geiger"
geisv101: "Vern Geishert"
gelnj101: "John Gelnar"
gentg101: "Gary Gentry"
gentj101: "Jim Gentile"
gerad101: "Dave Gerard"
gerbg101: "George Gerberman"
gernd101: "Dick Gernert"
geroc101: "Cesar Geronimo"
gibbj101: "Jake Gibbs"
gibbj102: "Joe Gibbon"
gibsb101: "Bob Gibson"
gibsr102: "Russ Gibson"
gielp101: "Paul Giel"
giggb101: "Bob Giggie"
gigon101: "Norm Gigon"
gil-g101: "Gus Gil"
giled101: "Don Gile"
gillj102: "Jim Gilliam"
gillp102: "Paul Gilliford"
gilsh101: "Hal Gilson"
ginsj101: "Joe Ginsberg"
giusd101: "Dave Giusti"
gladf102: "Fred Gladding"
glear101: "Roy Gleason"
glenj103: "John Glenn"
goetj101: "John Goetz"
goldj102: "Jim Golden"
goldp101: "Purnal Goldy"
gomer101: "Ruben Gomez"
gondj101: "Jesse Gonder"
gonzp101: "Pedro Gonzalez"
gonzt101: "Tony Gonzalez"
goodb101: "Billy Goodman"
goosg101: "Greg Goossen"
goryj101: "Johnny Goryl"
gosgj101: "Jim Gosger"
gossh101: "Howie Goss"
gotaj101: "Julio Gotay"
grabb101: "Billy Grabarkewitz"
grahb101: "Bill Graham"
grahw101: "Wayne Graham"
grama101: "Alex Grammas"
gramt101: "Tommy Gramly"
granj101: "Jim Grant"
granw101: "Wayne Granger"
grayd102: "Dick Gray"
grayd103: "Dave Gray"
grbae101: "Eli Grba"
greed101: "Dallas Green"
greed102: "Dick Green"
greef101: "Fred Green"
greeg101: "Gene Green"
greel101: "Lenny Green"
greep102: "Pumpsie Green"
gregl101: "Lee Gregory"
grifd102: "Derrell Griffith"
grift101: "Tom Griffin"
grilg101: "Guido Grilli"
grimb102: "Bob Grim"
groad101: "Dick Groat"
grosd101: "Don Gross"
grotj101: "Jerry Grote"
grotj102: "Johnny Groth"
grzej101: "Joe Grzenda"
guinb103: "Bobby Guindon"
guins101: "Skip Guinn"
gutic101: "Cesar Gutierrez"
guzms101: "Santiago Guzman"
haase101: "Eddie Haas"
hackw102: "Warren Hacker"
haddh101: "Harvey Haddix"
hadlk101: "Kent Hadley"
haguj101: "Joe Hague"
hahnd102: "Don Hahn"
hairj101: "Johnny Hairston"
haleb101: "Bob Hale"
halld101: "Dick Hall"
hallj107: "Jimmie Hall"
hallt101: "Tom Hall"
hallt102: "Tom Haller"
hamij101: "Jack Hamilton"
hamis101: "Steve Hamilton"
hamlk101: "Ken Hamlin"
hamng102: "Granny Hamner"
handb101: "Bill Hands"
handv101: "Vern Handrahan"
hanel101: "Larry Haney"
hankj101: "Jay Hankins"
hannj102: "Jim Hannan"
hansr102: "Ron Hansen"
hardc101: "Carroll Hardy"
hardj101: "Jim Hardin"
hargs101: "Steve Hargan"
harkt101: "Tim Harkness"
harmt101: "Terry Harmon"
harpt101: "Tommy Harper"
harrb101: "Bud Harrelson"
harrb103: "Billy Harrell"
harrb108: "Billy Harris"
harrb110: "Bill Harrelson"
harrc101: "Chuck Harrison"
harrc103: "Candy Harris"
harrg101: "Gail Harris"
harrj106: "John Harrell"
harrk101: "Ken Harrelson"
harrm102: "Mickey Harrington"
harrt001: "Toby Harrah"
harrt101: "Tom Harrison"
harsj101: "Jack Harshman"
hartb105: "Bob Hartman"
hartc105: "Chuck Hartenstein"
hartj101: "J.C. Hartman"
hartj102: "James Hart"
hattg101: "Grady Hatton"
hawkw101: "Wynn Hawkins"
haywb101: "Bill Haywood"
healf102: "Fran Healy"
heatb101: "Bill Heath"
hebnr001: "Richie Hebner"
hedlm101: "Mike Hedlund"
heffb101: "Bob Heffner"
hegaj101: "Jim Hegan"
hegam101: "Mike Hegan"
heidj101: "Jack Heidemann"
heisa101: "Al Heist"
heisb101: "Bob Heise"
heisr101: "Roy Heiser"
heldw101: "Woodie Held"
helmt101: "Tommy Helms"
hemar101: "Russ Heman"
hendb101: "Bob Hendley"
hende103: "Ellie Hendricks"
hendk101: "Ken Henderson"
hennp102: "Phil Hennigan"
henrb101: "Bill Henry"
henrb102: "Bill Henry"
henrr101: "Ron Henry"
heplb101: "Bill Hepler"
herbr101: "Ray Herbert"
herbr102: "Ron Herbel"
hermr101: "Remy Hermoso"
hernj102: "Jackie Hernandez"
hernr101: "Rudy Hernandez"
hernr102: "Ramon Hernandez"
herre102: "Ed Herrmann"
herrj101: "John Herrnstein"
herrj102: "Jose Herrera"
herrp101: "Pancho Herrera"
herrr101: "Rick Herrscher"
hersm101: "Mike Hershberger"
herts101: "Steve Hertz"
herzw101: "Whitey Herzog"
hiatj101: "Jack Hiatt"
hibbj101: "Jim Hibbs"
hickj101: "Joe Hicks"
hickj103: "Jim Hickman"
hickj104: "Jesse Hickman"
hickj105: "Jim Hicks"
higgd101: "Dennis Higgins"
hilgt101: "Tom Hilgendorf"
hillc101: "Chuck Hiller"
hilld102: "Dave Hillman"
hillg101: "Garry Hill"
hillh102: "Herman Hill"
hillj101: "John Hiller"
hinsj101: "Jerry Hinsley"
hintc101: "Chuck Hinton"
hipph101: "Herb Hippauf"
hisll101: "Larry Hisle"
hoakd101: "Don Hoak"
hobae101: "Ed Hobaugh"
hobbg101: "Glen Hobbie"
hodgg101: "Gil Hodges"
hoefb101: "Billy Hoeft"
hoerj101: "Joe Hoerner"
hoffj104: "John Hoffman"
holmg101: "Gary Holman"
holtj101: "Jim Holt"
holtk101: "Ken Holtzman"
holtv101: "Vern Holtgrave"
hookj101: "Jay Hook"
hopkg101: "Gail Hopkins"
horlj101: "Joe Horlen"
hortt101: "Tony Horton"
hortw101: "Willie Horton"
housf103: "Frank House"
housp101: "Pat House"
hovls101: "Steve Hovley"
howab101: "Bruce Howard"
howae101: "Elston Howard"
howaf102: "Frank Howard"
howsd101: "Dick Howser"
hrinw101: "Walt Hriniak"
hubbk101: "Ken Hubbs"
hudsj102: "Jesse Hudson"
hughd101: "Dick Hughes"
humpb102: "Bob Humphreys"
hundr101: "Randy Hundley"
huntj101: "Jim Hunter"
huntk101: "Ken Hunt"
huntk102: "Ken Hunt"
huntr101: "Ron Hunt"
hunts101: "Steve Huntz"
huntw102: "Willard Hunter"
huttt101: "Tom Hutton"
hyded101: "Dick Hyde"
izquh101: "Hank Izquierdo"
jablr101: "Ray Jablonski"
jacka101: "Al Jackson"
jackg101: "Grant Jackson"
jackl101: "Lou Jackson"
jackl102: "Larry Jackson"
jackr001: "Reggie Jackson"
jackr101: "Ron Jackson"
jacks102: "Sonny Jackson"
jacoj101: "Jake Jacobs"
jaecj101: "Jake Jaeckel"
jamec101: "Cleo James"
jamec102: "Charlie James"
jamej101: "Johnny James"
jamej102: "Jeff James"
jamer101: "Rick James"
jarvp101: "Pat Jarvis"
jarvr101: "Ray Jarvis"
jastl101: "Larry Jaster"
javij101: "Julian Javier"
jay-j101: "Joey Jay"
jenkf101: "Ferguson Jenkins"
jenkj101: "Jack Jenkins"
jensj101: "Jackie Jensen"
jestg101: "Garry Jestadt"
jetej101: "Johnny Jeter"
jimee101: "Elvio Jimenez"
jimem101: "Manny Jimenez"
johna104: "Alex Johnson"
johnb103: "Bob Johnson"
johnb104: "Bob Johnson"
johnb105: "Bart Johnson"
johnb107: "Ben Johnson"
johnd103: "Deron Johnson"
johnd105: "Dave Johnson"
johnd106: "Darrell Johnson"
johnf103: "Frank Johnson"
johnj002: "Jay Johnstone"
johnj104: "Jerry Johnson"
johnk102: "Ken Johnson"
johnl104: "Lou Johnson"
johnr107: "Rex Johnston"
johns102: "Stan Johnson"
johnt001: "Tommy John"
jonec102: "Cleon Jones"
jonec103: "Clarence Jones"
joned101: "Deacon Jones"
joned102: "Dalton Jones"
joneg101: "Gordon Jones"
joneh103: "Hal Jones"
jonem102: "Mack Jones"
jones101: "Steve Jones"
jones102: "Sherman Jones"
jones105: "Sam Jones"
jonew101: "Willie Jones"
jorgm001: "Mike Jorgensen"
josed101: "Duane Josephson"
joser101: "Rick Joseph"
joshv101: "Von Joshua"
joycd101: "Dick Joyce"
joycm101: "Mike Joyce"
jurem101: "Mike Jurewicz"
kaatj101: "Jim Kaat"
kalia101: "Al Kaline"
kaner101: "Rod Kanehl"
kaske101: "Eddie Kasko"
keals101: "Steve Kealey"
keege101: "Ed Keegan"
kekim101: "Mike Kekich"
kelld102: "Dick Kelley"
kellp101: "Pat Kelly"
kellr101: "Ron Keller"
kellt102: "Tom Kelley"
kellv101: "Van Kelly"
kelsb101: "Bill Kelso"
kemmr101: "Russ Kemmerer"
kenda101: "Al Kenders"
kendf101: "Fred Kendall"
kennj103: "Jerry Kenney"
kennj105: "John Kennedy"
kenwd102: "Dick Kenworthy"
keouj101: "Joe Keough"
keoum101: "Marty Keough"
kernb101: "Bill Kern"
kerng101: "George Kernek"
kessd101: "Don Kessinger"
kestr101: "Rick Kester"
kiell101: "Leo Kiely"
kilkm101: "Mike Kilkenny"
killh102: "Harmon Killebrew"
kindj101: "Jerry Kindall"
kingh102: "Hal King"
kingj101: "Jim King"
kippf101: "Fred Kipp"
kirbc101: "Clay Kirby"
kirkb101: "Bill Kirk"
kirke102: "Ed Kirkpatrick"
kirkw101: "Willie Kirkland"
klagf101: "Fred Klages"
klaub101: "Billy Klaus"
klaub102: "Bobby Klaus"
kliml101: "Lou Klimchock"
klimr101: "Ron Klimkowski"
klinr102: "Ron Kline"
klipj101: "Johnny Klippstein"
klust101: "Ted Kluszewski"
knoob101: "Bobby Knoop"
knowd101: "Darold Knowles"
kocha101: "Alan Koch"
kolbg101: "Gary Kolb"
kolsh101: "Hal Kolstad"
koonc101: "Cal Koonce"
koosj001: "Jerry Koosman"
kopag101: "George Kopacz"
koplh101: "Howie Koplitz"
koppj101: "Joe Koppe"
korig101: "George Korince"
kosca101: "Andy Kosco"
kostf101: "Frank Kostro"
koufs101: "Sandy Koufax"
kralj101: "Jack Kralick"
krane101: "Ed Kranepool"
kraul102: "Lew Krausse"
kravd101: "Danny Kravitz"
kreuf101: "Frank Kreutzer"
krolg101: "Gary Kroll"
krsnm101: "Mike Krsnich"
krugc101: "Chris Krug"
kubet101: "Tony Kubek"
kubij101: "Jack Kubiszyn"
kubit101: "Ted Kubiak"
kuckj101: "Johnny Kucks"
kuenh101: "Harvey Kuenn"
kunkb101: "Bill Kunkel"
kurth101: "Hal Kurtz"
kutym101: "Marty Kutyna"
labic101: "Clem Labine"
laboc101: "Coco Laboy"
lachm101: "Marcel Lachemann"
lachr101: "Rene Lachemann"
lahoj101: "Joe Lahoud"
lamaj101: "Jack Lamabe"
lambr101: "Ray Lamb"
lampk101: "Keith Lampard"
landb101: "Bill Landis"
landd101: "Don Landrum"
landh101: "Hobie Landrith"
landj103: "Jim Landis"
lanih101: "Hal Lanier"
larkn101: "Norm Larker"
larov101: "Vic LaRose"
larsd102: "Don Larsen"
larut101: "Tony LaRussa"
larya101: "Al Lary"
laryf101: "Frank Lary"
lashf101: "Fred Lasher"
latmb101: "Barry Latman"
lau-c101: "Charlie Lau"
lauzg101: "George Lauzerique"
law-r101: "Ron Law"
law-v101: "Vern Law"
lawrb103: "Brooks Lawrence"
lawrj101: "Jim Lawrence"
lazad101: "Danny Lazar"
lee-b101: "Bill Lee"
lee-b104: "Bob Lee"
lee-d102: "Don Lee"
lee-l101: "Le Lee"
lee-m102: "Mike Lee"
leekg101: "Gene Leek"
lefej101: "Jim Lefebvre"
lehej101: "Jim Lehew"
lehmk101: "Ken Lehman"
lejaf101: "Frank Leja"
lejod101: "Don LeJohn"
lemad102: "Denny Lemaster"
lemad103: "Dick LeMay"
lemod101: "Dave Lemonds"
lemoj101: "Jim Lemon"
leond101: "Dave Leonhard"
leone102: "Eddie Leon"
lepct101: "Ted Lepcio"
leppd101: "Don Leppert"
lersb101: "Barry Lersch"
lewia101: "Allan Lewis"
lewij102: "Johnny Lewis"
librf101: "Frankie Libran"
lillb101: "Bob Lillis"
linde102: "Em Lindbeck"
lindp101: "Paul Lindblad"
lined101: "Dick Lines"
linzf101: "Frank Linzy"
linzp101: "Phil Linz"
lipsb101: "Bob Lipski"
llenw101: "Winston Llenas"
lockb101: "Bobby Locke"
lockb102: "Bob Locker"
lockd101: "Don Lock"
lockr101: "Ron Locke"
locks101: "Skip Lockwood"
lockw101: "Whitey Lockman"
loesb101: "Billy Loes"
logaj101: "Johnny Logan"
lolim101: "Mickey Lolich"
lolls101: "Sherm Lollar"
lonbj101: "Jim Lonborg"
longd101: "Dale Long"
longj101: "Jeoff Long"
lookb101: "Bruce Look"
lookd101: "Dean Look"
lopas101: "Stan Lopata"
lopea101: "Art Lopez"
lopeh101: "Hector Lopez"
lopem101: "Marcelino Lopez"
loper101: "Ramon Lopez"
lougl101: "Larry Loughlin"
lound101: "Don Loun"
lovrp101: "Pete Lovrich"
lownt101: "Turk Lown"
luebd101: "Dick Luebke"
lum-m101: "Mike Lum"
lumpj101: "Jerry Lumpe"
lundg101: "Gordy Lund"
lupla101: "Al Luplow"
lyles101: "Sparky Lyle"
lyncj102: "Jerry Lynch"
lyttj101: "Jim Lyttle"
maasd101: "Duke Maas"
mabeb101: "Bob Mabe"
mackg101: "Gordon MacKenzie"
mackk101: "Ken MacKenzie"
maclb101: "Billy MacLeod"
maesh101: "Hector Maestri"
magrp101: "Pete Magrini"
mahaa102: "Art Mahaffey"
mahoj101: "Jim Mahoney"
malkb101: "Bobby Malkmus"
maloj102: "Jim Maloney"
malzf101: "Frank Malzone"
manga101: "Angel Mangual"
mannj103: "Jim Manning"
mantf101: "Felix Mantilla"
mantm101: "Mickey Mantle"
manuc101: "Chuck Manuel"
marag101: "Georges Maranda"
marel101: "Leo Marentette"
marij101: "Juan Marichal"
marir101: "Roger Maris"
marol101: "Lou Marone"
marsd101: "Dave Marshall"
marsj101: "Jim Marshall"
marsm101: "Mike Marshall"
martb001: "Buck Martinez"
martb105: "Billy Martin"
martg101: "Gene Martin"
marth102: "Hector Martinez"
martj103: "Jose Martinez"
martj107: "J.C. Martin"
martm102: "Marty Martinez"
martt101: "Tony Martinez"
mashc101: "Clyde Mashore"
masod101: "Don Mason"
masoh101: "Hank Mason"
matct101: "Tommy Matchick"
mathc101: "Carl Mathias"
mathe101: "Eddie Mathews"
mathn101: "Nelson Mathews"
maxil101: "Larry Maxie"
maxvd101: "Dal Maxvill"
maxwc101: "Charlie Maxwell"
may-c101: "Carlos May"
may-d101: "Dave May"
may-j101: "Jerry May"
may-l101: "Lee May"
may-r101: "Rudy May"
maybj101: "John Mayberry"
mayel101: "Lee Maye"
maysw101: "Willie Mays"
mazeb101: "Bill Mazeroski"
mcanj101: "Jim McAndrew"
mcanj102: "Jim McAnany"
mcaud101: "Dick McAuliffe"
mcbea101: "Al McBean"
mcbrk101: "Ken McBride"
mccab105: "Brian McCall"
mccaj108: "Joe McCabe"
mccat101: "Tim McCarver"
mcclj104: "Joe McClain"
mccob105: "Billy McCool"
mccom103: "Mike McCormick"
mccow101: "Willie McCovey"
mccrt102: "Tommy McCraw"
mcdal101: "Lindy McDaniel"
mcded101: "Danny McDevitt"
mcdem102: "Mickey McDermott"
mcdod102: "Dave McDonald"
mcdog101: "Gil McDougald"
mcdos101: "Sam McDowell"
mcfal101: "Leon McFadden"
mcfao101: "Orlando McFarlane"
mcgid101: "Dan McGinn"
mcglj101: "Jim McGlothlin"
mcgrt001: "Tug McGraw"
mcgum101: "Mickey McGuire"
mcknj101: "Jim McKnight"
mclad101: "Denny McLain"
mclic101: "Cal McLish"
mcmad102: "Don McMahon"
mcmaj101: "Jimmy McMath"
mcmaj105: "Jim McManus"
mcmir101: "Roy McMillan"
mcmuk101: "Ken McMullen"
mcnad102: "Dave McNally"
mcnej101: "Jerry McNertney"
mcnub101: "Bill McNulty"
mcqum103: "Mike McQueen"
mcrah001: "Hal McRae"
mcran101: "Norm McRae"
mejir101: "Roman Mejias"
meltb101: "Bill Melton"
menkd101: "Denis Menke"
merrj102: "Jim Merritt"
messa101: "Andy Messersmith"
metct101: "Tom Metcalf"
meyeb102: "Bob Meyer"
meyej101: "Jack Meyer"
michg101: "Gene Michael"
mikkp101: "Pete Mikkelsen"
milej101: "Jim Miles"
millb102: "Bob Miller"
millb106: "Bob L. Miller"
millf105: "Felix Millan"
millj103: "John Miller"
millj104: "John Miller"
milll101: "Larry Miller"
milln101: "Norm Miller"
mills101: "Stu Miller"
mincd101: "Don Mincher"
minom101: "Minnie Minoso"
mittg101: "George Mitterwald"
mizew101: "Wilmer Mizell"
moelj101: "Joe Moeller"
moelr101: "Ron Moeller"
mofoh101: "Herb Moford"
monbb101: "Bill Monbouquette"
mondr001: "Rick Monday"
moned101: "Don Money"
monta103: "Aurelio Monteagudo"
montm101: "Manny Montejo"
montw101: "Willie Montanez"
monzr101: "Ramon Monzant"
moocj101: "Joe Moock"
moonw101: "Wally Moon"
moora101: "Archie Moore"
moorb102: "Bob Moorhead"
moorb105: "Barry Moore"
moorj102: "Jackie Moore"
moorr101: "Ray Moore"
moosb101: "Bob Moose"
moraa102: "Al Moran"
morab101: "Billy Moran"
moraj101: "Jerry Morales"
morar102: "Rich Morales"
mored103: "Dave Morehead"
mores101: "Seth Morehead"
morgj001: "Joe Morgan"
morgj101: "Joe Morgan"
morgt101: "Tom Morgan"
morhm101: "Moe Morhardt"
morrd102: "Danny Morris"
morrj106: "John Morris"
mortb101: "Bubba Morton"
mortc102: "Carl Morton"
moryw101: "Walt Moryn"
moscr101: "Ross Moschitto"
mosej101: "Jerry Moses"
mossd101: "Don Mossi"
motam101: "Manny Mota"
mottc101: "Curt Motton"
mudrp101: "Phil Mudrock"
muffb101: "Billy Muffett"
munst101: "Thurman Munson"
muram101: "Masanori Murakami"
murcb101: "Bobby Murcer"
murpb101: "Billy Murphy"
murpd105: "Danny Murphy"
murpt101: "Tom Murphy"
murri101: "Ivan Murrell"
muset101: "Tony Muser"
musgd101: "Dennis Musgraves"
musis101: "Stan Musial"
nager101: "Russ Nagelson"
nagym101: "Mike Nagy"
napod101: "Danny Napoleon"
narah101: "Hal Naragon"
narub101: "Buster Narum"
nashc101: "Cotton Nash"
nashj101: "Jim Nash"
navaj101: "Julio Navarro"
nealc101: "Charlie Neal"
neemc101: "Cal Neeman"
neibg101: "Gary Neibauer"
neiga101: "Al Neiger"
nelsd101: "Dave Nelson"
nelsm101: "Mel Nelson"
nelsr101: "Roger Nelson"
nelsr103: "Rocky Nelson"
nen-d101: "Dick Nen"
nettg001: "Graig Nettles"
newcd101: "Don Newcombe"
newmf101: "Fred Newman"
nichc102: "Chet Nichols"
nichd101: "Dave Nicholson"
niekj001: "Joe Niekro"
niekp001: "Phil Niekro"
niemb101: "Bob Nieman"
niesc101: "Chuck Nieson"
nippm101: "Merlin Nippert"
niscr101: "Ron Nischwitz"
nixor101: "Russ Nixon"
nolag101: "Gary Nolan"
noldd101: "Dick Nold"
norei101: "Irv Noren"
norij101: "John Noriega"
normf101: "Fred Norman"
nortj101: "Jim Northrup"
norts101: "Scott Northey"
nossj101: "Joe Nossek"
nottd101: "Don Nottebart"
nunnh101: "Howie Nunn"
nuxhj101: "Joe Nuxhall"
nye-r101: "Rich Nye"
nymaj101: "Jerry Nyman"
obris101: "Syd O'Brien"
ocond101: "Danny O'Connell"
odelb101: "Billy O'Dell"
odomj101: "Johnny Odom"
odonj101: "John O'Donoghue"
oldib101: "Bob Oldis"
oliva001: "Al Oliver"
olivb101: "Bob Oliver"
olivc101: "Chi-chi Olivo"
olivd101: "Diomedes Olivo"
olive101: "Ed Olivares"
olivg101: "Gene Oliver"
olivn101: "Nate Oliver"
olivt102: "Tony Oliva"
olloj101: "Jim Ollom"
orild101: "Don O'Riley"
orsij101: "John Orsino"
ortep101: "Phil Ortega"
ortij101: "Jose Ortiz"
osbob101: "Bobo Osborne"
osind101: "Dan Osinski"
ostec103: "Claude Osteen"
osted101: "Darrell Osteen"
otisa001: "Amos Otis"
otood101: "Dennis O'Toole"
otooj101: "Jim O'Toole"
ott-b101: "Billy Ott"
owenj101: "Jim Owens"
oyler101: "Ray Oyler"
pacij101: "John Paciorek"
paepd101: "Dennis Paepke"
pagaj101: "Jose Pagan"
pagem101: "Mike Page"
paglj101: "Jim Pagliaroni"
paigs101: "Satchel Paige"
palme101: "Ed Palmquist"
palmj001: "Jim Palmer"
palml101: "Lowell Palmer"
papaj101: "John Papa"
pappm101: "Milt Pappas"
parkw101: "Wes Parker"
parst101: "Tom Parsons"
pascc102: "Camilo Pascual"
patef101: "Freddie Patek"
pattd102: "Daryl Patterson"
pattm101: "Marty Pattin"
paulm101: "Mike Paul"
pavld101: "Don Pavletich"
peara102: "Albie Pearson"
penaj101: "Jose Pena"
penao101: "Orlando Pena"
penar101: "Roberto Pena"
pendj101: "Jim Pendleton"
pepij101: "Joe Pepitone"
peppd101: "Don Pepper"
peral101: "Luis Peraza"
perem101: "Marty Perez"
peret001: "Tony Perez"
perkc103: "Cecil Perkins"
perrb103: "Bob Perry"
perrg101: "Gaylord Perry"
perrj102: "Jim Perry"
perrr101: "Ron Perranoski"
petec101: "Cap Peterson"
petef101: "Fritz Peterson"
peteg101: "Gary Peters"
petrr101: "Rico Petrocelli"
pfeib101: "Bobby Pfeil"
pfisd101: "Dan Pfister"
phila101: "Adolfo Phillips"
philb102: "Bubba Phillips"
phild102: "Dave Philley"
phild103: "Dick Phillips"
philt101: "Taylor Phillips"
phoet101: "Tom Phoebus"
pichr101: "Ron Piche"
pierb101: "Billy Pierce"
pierj102: "Jim Piersall"
piert101: "Tony Pierce"
pignj101: "Joe Pignatano"
pilaa101: "Al Pilarcik"
pinah101: "Horacio Pina"
pinil001: "Lou Piniella"
pinsv101: "Vada Pinson"
pisoj101: "Jim Pisoni"
pizaj101: "Juan Pizarro"
plase101: "Elmo Plaskett"
pleib101: "Bill Pleis"
plumb101: "Bill Plummer"
podrj101: "Johnny Podres"
poina101: "Aaron Pointer"
popop101: "Paul Popovich"
porta101: "Arnie Portocarrero"
posal101: "Leo Posada"
postw101: "Wally Post"
poulk101: "Ken Poulsen"
poweb101: "Boog Powell"
poweg101: "Grover Powell"
powej103: "John Powers"
powev101: "Vic Power"
pregj101: "John Pregenzer"
presb101: "Bobby Prescott"
pricj102: "Jim Price"
pridb101: "Bob Priddy"
prind101: "Don Prince"
purdj101: "John Purdin"
purkb101: "Bob Purkey"
qualj101: "Jim Qualls"
queem102: "Mel Queen"
quilf101: "Frank Quilici"
quira101: "Art Quirk"
radad101: "Dick Radatz"
raded103: "Doug Rader"
raffa101: "Al Raffo"
rakoe101: "Ed Rakow"
ramop101: "Pedro Ramos"
ranem101: "Merritt Ranew"
rathf101: "Fred Rath"
ratlg101: "Gene Ratliff"
ratlp101: "Paul Ratliff"
raudb101: "Bob Raudman"
ray-j101: "Jim Ray"
raymc101: "Claude Raymond"
reaml101: "Leroy Reams"
rebef101: "Frank Reberger"
redmw101: "Wayne Redmond"
reedb102: "Bob Reed"
reedh102: "Howie Reed"
reedj101: "Jack Reed"
reedr001: "Ron Reed"
reesr101: "Rich Reese"
regap101: "Phil Regan"
reicr101: "Rick Reichardt"
reids101: "Scott Reid"
renih101: "Hal Reniff"
renir101: "Rick Renick"
renks101: "Steve Renko"
repor101: "Roger Repoz"
repur101: "Rip Repulski"
rettm101: "Merv Rettenmund"
retzk101: "Ken Retzer"
reusj001: "Jerry Reuss"
reyna101: "Archie Reynolds"
reynb102: "Bob Reynolds"
reynt101: "Tommie Reynolds"
ribad101: "Dennis Ribant"
riced101: "Del Rice"
richb102: "Bobby Richardson"
richd102: "Duane Richards"
richg101: "Gordie Richardson"
richp102: "Pete Richert"
rickd102: "Dave Ricketts"
ricof101: "Fred Rico"
ridzs101: "Steve Ridzik"
riosj101: "Juan Rios"
rippr101: "Ray Rippelmeyer"
ritcj101: "Jay Ritchie"
rivej101: "Jim Rivera"
roacm101: "Mel Roach"
roarm101: "Mike Roarke"
robeb101: "Bob Robertson"
robed101: "Dave Roberts"
robed105: "Daryl Robertson"
robed107: "Dale Roberts"
robed108: "Dave Roberts"
robej102: "Jerry Robertson"
rober101: "Rich Robertson"
rober102: "Robin Roberts"
robib101: "Bill Robinson"
robib104: "Brooks Robinson"
robie102: "Earl Robinson"
robif102: "Floyd Robinson"
robif103: "Frank Robinson"
robih101: "Humberto Robinson"
roblr101: "Rafael Robles"
rodga101: "Andre Rodgers"
rodgb102: "Bob Rodgers"
rodra101: "Aurelio Rodriguez"
rodre101: "Ellie Rodriguez"
rodrr101: "Roberto Rodriquez"
roebe101: "Ed Roebuck"
roggg101: "Garry Roggenburk"
rohrb101: "Billy Rohr"
rohrl101: "Les Rohr"
rojac101: "Cookie Rojas"
rojam101: "Minnie Rojas"
rolaj101: "Jim Roland"
rollr101: "Rich Rollins"
romab101: "Bill Roman"
romaj101: "John Romano"
romov101: "Vicente Romo"
roofp101: "Phil Roof"
rookj101: "Jim Rooker"
rosas101: "Santiago Rosario"
roseb102: "Bob Roselli"
rosej101: "John Roseboro"
rosep001: "Pete Rose"
rossg102: "Gary Ross"
rowed101: "Don Rowe"
rowek101: "Ken Rowe"
roznv101: "Vic Roznovsky"
rubes101: "Sonny Ruberto"
rubij101: "Jorge Rubio"
rudij101: "Joe Rudi"
rudod103: "Don Rudolph"
rudok101: "Ken Rudolph"
ruizc102: "Chico Ruiz"
runnp101: "Pete Runnels"
rushb101: "Bob Rush"
russb001: "Bill Russell"
rustd101: "Dick Rusteck"
ryanm101: "Mike Ryan"
ryann001: "Nolan Ryan"
sader101: "Ray Sadecki"
sadob101: "Bob Sadowski"
sadob102: "Bob Sadowski"
sadoe101: "Ed Sadowski"
sadot101: "Ted Sadowski"
salmc101: "Chico Salmon"
samua101: "Amado Samuel"
sancr101: "Raul Sanchez"
sandc101: "Charlie Sands"
sandj101: "John Sanders"
sandk101: "Ken Sanders"
sanfj101: "Jack Sanford"
sangm101: "Manny Sanguillen"
santa101: "Al Santorini"
santj101: "Jose Santiago"
santr102: "Ron Santo"
satrt101: "Tom Satriano"
savat101: "Ted Savage"
saveb101: "Bob Saverine"
sawac101: "Carl Sawatski"
schaj102: "Johnny Schaive"
schaj104: "Jimmie Schaffer"
schaj105: "Joe Schaffernoth"
schap101: "Paul Schaal"
schef102: "Fred Scherman"
scher101: "Richie Scheinblum"
schic101: "Chuck Schilling"
schlr101: "Rudy Schlesinger"
schma101: "Al Schmelz"
schmb101: "Bob Schmidt"
schnd101: "Dan Schneider"
schod101: "Dick Schofield"
schog102: "Gerry Schoen"
schor101: "Red Schoendienst"
schra101: "Al Schroll"
schrb102: "Bob Schroder"
schrt101: "Ted Schreiber"
schua101: "Art Schult"
schub101: "Barney Schultz"
schuw102: "Wayne Schurr"
schwd101: "Don Schwall"
schwr101: "Randy Schwartz"
scorh101: "Herb Score"
scotd102: "Dick Scott"
scotg102: "George Scott"
sealj101: "Johnnie Seale"
seavt001: "Tom Seaver"
secrd101: "Don Secrist"
segud101: "Diego Segui"
selmd101: "Dick Selma"
sembc101: "Carroll Sembera"
sempr101: "Ray Semproch"
sevcj101: "John Sevcik"
sevea101: "Al Severinsen"
seyfg101: "Gordon Seyfried"
shama101: "Art Shamsky"
shanb101: "Billy Shantz"
shanb102: "Bobby Shantz"
shanm101: "Mike Shannon"
shanw101: "Wally Shannon"
shawb103: "Bob Shaw"
shawd102: "Don Shaw"
sheas102: "Steve Shea"
shelj101: "Jim Shellenback"
shelr101: "Rollie Sheldon"
sherl101: "Larry Sherry"
shern102: "Norm Sherry"
shetb101: "Barry Shetrone"
shifg101: "Garland Shifflett"
shipj101: "Joe Shipley"
shirb101: "Bart Shirley"
shocc101: "Costen Shockley"
shoec101: "Charlie Shoemaker"
shopt101: "Tom Shopay"
shorb101: "Bill Short"
shorc102: "Chris Short"
siebd101: "Dwight Siebler"
siebn101: "Norm Siebern"
siebs101: "Sonny Siebert"
sievr101: "Roy Sievers"
simmc101: "Curt Simmons"
simmt001: "Ted Simmons"
simpd102: "Dick Simpson"
simsd101: "Duke Sims"
simsg101: "Greg Sims"
singb101: "Bill Singer"
sipij101: "John Sipin"
siskt101: "Tommie Sisk"
sisld102: "Dave Sisler"
sizet101: "Ted Sizemore"
skinb101: "Bob Skinner"
skowb101: "Bill Skowron"
slaus101: "Sterling Slaughter"
slocr101: "Ron Slocum"
smita102: "Al Smith"
smitb104: "Bobby Smith"
smitb112: "Bill Smith"
smitc105: "Charley Smith"
smitd102: "Dick Smith"
smitd104: "Dick Smith"
smitg101: "George Smith"
smith106: "Hal Smith"
smith108: "Hal Smith"
smitj109: "Jack Smith"
smitn101: "Nate Smith"
smitp102: "Pete Smith"
smitr101: "Reggie Smith"
smitw102: "Willie Smith"
snidd101: "Duke Snider"
snydj103: "Jim Snyder"
snydr102: "Russ Snyder"
solat101: "Tony Solaita"
sorrb101: "Bill Sorrell"
soutb102: "Bill Southworth"
spahw101: "Warren Spahn"
spana101: "Al Spangler"
spanb101: "Bill Spanswick"
sparj101: "Joe Sparma"
spenb102: "Bob Spence"
spend101: "Daryl Spencer"
speng102: "George Spencer"
spenj101: "Jim Spencer"
spiee101: "Ed Spiezio"
spins101: "Scipio Spinks"
sprae101: "Ed Sprague"
sprig101: "George Spriggs"
sprij102: "Jack Spring"
sprob102: "Bob Sprout"
staem101: "Marv Staehle"
stafb101: "Bill Stafford"
stahl101: "Larry Stahl"
stalg103: "Gerry Staley"
stalt101: "Tracy Stallard"
stana101: "Al Stanek"
stanf101: "Fred Stanley"
stanl101: "Lee Stange"
stanm101: "Mickey Stanley"
starh101: "Herman Starrette"
starw101: "Willie Stargell"
staur001: "Rusty Staub"
steem101: "Morris Steevens"
stend101: "Dave Stenhouse"
stepb104: "Buzz Stephen"
stepg101: "Gene Stephens"
stepj102: "John Stephenson"
stepj103: "Jerry Stephenson"
stevr101: "R Stevens"
stewj102: "Jimmy Stewart"
stigd101: "Dick Stigman"
stilr101: "Ron Stillwell"
stinb101: "Bob Stinson"
stobc101: "Chuck Stobbs"
stocw101: "Wes Stock"
stonb101: "Bill Stoneman"
stond102: "Dean Stone"
stong102: "George Stone"
stong103: "Gene Stone"
stonr102: "Ron Stone"
stotm101: "Mel Stottlemyre"
stowh101: "Hal Stowe"
strig102: "George Strickland"
strij102: "Jake Striker"
stroe101: "Ed Stroud"
stuad101: "Dick Stuart"
stubm101: "Moose Stubing"
sturt101: "Tom Sturdivant"
suark101: "Ken Suarez"
sudab101: "Bill Sudakis"
sukle101: "Ed Sukla"
sullf101: "Frank Sullivan"
sullh101: "Haywood Sullivan"
sullj103: "John Sullivan"
suthd102: "Darrell Sutherland"
suthg101: "Gary Sutherland"
suttd001: "Don Sutton"
swobr101: "Ron Swoboda"
talbf101: "Fred Talbot"
taltt101: "Tim Talton"
tannc101: "Chuck Tanner"
tappe101: "El Tappe"
tartj101: "Jose Tartabull"
tasbw101: "Willie Tasby"
tatuj101: "Jarvis Tatum"
tatuk101: "Ken Tatum"
tausd101: "Don Taussig"
taylc101: "Chuck Taylor"
taylc102: "Carl Taylor"
taylg102: "Gary Taylor"
taylh102: "Hawk Taylor"
taylr101: "Ron Taylor"
tayls102: "Sammy Taylor"
taylt101: "Tony Taylor"
tempj101: "Johnny Temple"
tenag101: "Gene Tenace"
tepef101: "Frank Tepedino"
terrr101: "Ralph Terry"
terww101: "Wayne Terwilliger"
thacm101: "Moe Thacker"
thied101: "Dave Thies"
thoed101: "Dick Thoenen"
thomb105: "Bobby Thomson"
thomc102: "Carl Thomas"
thomf103: "Frank Thomas"
thomg102: "George Thomas"
thoml103: "Lee Thomas"
thomv101: "Valmy Thomas"
throf101: "Faye Throneberry"
throm101: "Marv Throneberry"
tianl101: "Luis Tiant"
tiefb101: "Bobby Tiefenauer"
tiefv101: "Verle Tiefenthaler"
tillb101: "Bob Tillman"
tillt101: "Thad Tillotson"
timbg101: "Gary Timberlake"
timmt101: "Tom Timmermann"
tisct101: "Tom Tischinski"
tolab101: "Bobby Tolan"
tompr101: "Ron Tompkins"
toppr101: "Rupe Toppin"
torbj101: "Jeff Torborg"
torge101: "Earl Torgeson"
torrf101: "Felix Torres"
torrf102: "Frank Torre"
torrh101: "Hector Torres"
torrj101: "Joe Torre"
torrm001: "Mike Torrez"
tothp101: "Paul Toth"
tovac101: "Cesar Tovar"
tracd101: "Dick Tracewski"
trest101: "Tom Tresh"
trevb101: "Bobby Trevino"
triag101: "Gus Triandos"
trowb101: "Bob Trowbridge"
tsitj101: "John Tsitouris"
turlb101: "Bob Turley"
turnk101: "Ken Turner"
tuttb101: "Bill Tuttle"
tyrid101: "Dave Tyriver"
ueckb101: "Bob Uecker"
uhlat101: "Ted Uhlaender"
umbaa101: "Arnold Umbach"
umbrj101: "Jim Umbricht"
unsed101: "Del Unser"
uphaj101: "John Upham"
upshc101: "Cecil Upshaw"
valdj102: "Jose Valdivielso"
valds101: "Sandy Valdespino"
valeb102: "Bobby Valentine"
valef101: "Fred Valentine"
vallh101: "Hector Valle"
valoe101: "Elmer Valo"
vaugc101: "Charlie Vaughan"
vaugg101: "Glenn Vaughan"
vealb101: "Bob Veale"
vealc101: "Coot Veal"
velaf101: "Freddie Velazquez"
verbj101: "Joe Verbanic"
vernm101: "Mickey Vernon"
versz101: "Zoilo Versalles"
vidaj101: "Jose Vidal"
vined101: "Dave Vineyard"
vinsc101: "Charlie Vinson"
virdb101: "Bill Virdon"
virgo101: "Ozzie Virgil"
vonhb101: "Bruce Von Hoff"
vossb101: "Bill Voss"
wagng101: "Gary Wagner"
wagnl101: "Leon Wagner"
wakeb101: "Bill Wakefield"
walkj104: "Jerry Walker"
walkl101: "Luke Walker"
walld102: "Don Wallace"
walll101: "Lee Walls"
waltc101: "Charlie Walters"
waltd101: "Danny Walton"
waltk101: "Ken Walters"
wantd101: "Dick Wantz"
wardj101: "Jon Warden"
wardj103: "Jay Ward"
wardp102: "Pete Ward"
warnj102: "Jackie Warner"
warnj104: "Jack Warner"
warwc101: "Carl Warwick"
washg101: "Greg Washburn"
washr101: "Ray Washburn"
waslg101: "Gary Waslewski"
watkb102: "Bob Watkins"
watkd101: "Dave Watkins"
watsb001: "Bob Watson"
watte101: "Eddie Watt"
weavf101: "Floyd Weaver"
weavj102: "Jim Weaver"
websr101: "Ray Webster"
websr102: "Ray Webster"
weekj101: "Johnny Weekly"
wegem101: "Mike Wegener"
weisa101: "Al Weis"
wenzf101: "Fred Wenz"
werhj101: "Johnny Werhas"
wertd103: "Don Wert"
wertv101: "Vic Wertz"
whisp101: "Pete Whisenant"
whitb105: "Bill White"
whitb108: "Bill Whitby"
white105: "Elder White"
whitf103: "Fred Whitfield"
whitm103: "Mike White"
whitr101: "Roy White"
whits101: "Steve Whitaker"
whits103: "Sammy White"
wickd101: "Dave Wickersham"
wickf101: "Floyd Wicker"
wieat101: "Ted Wieand"
wilhh101: "Hoyt Wilhelm"
willb102: "Billy Williams"
willb104: "Billy Williams"
willb106: "Bob Will"
willc104: "Carl Willey"
willd104: "Dick Williams"
willd108: "Don Williams"
willd110: "Don Williams"
willd111: "Dale Willis"
willg101: "George Williams"
willj107: "Jimy Williams"
willj108: "Jim Williams"
willm102: "Maury Wills"
willn101: "Nick Willhite"
willr102: "Ron Willis"
wills102: "Stan Williams"
willt102: "Ted Wills"
willt103: "Ted Williams"
willw103: "Walt Williams"
wilsb101: "Bill Wilson"
wilsd102: "Don Wilson"
wilse102: "Earl Wilson"
wilsn101: "Neil Wilson"
wilsr102: "Red Wilson"
windg101: "Gordie Windhorn"
wineb101: "Bobby Wine"
wisec101: "Casey Wise"
wiser101: "Rick Wise"
wissd101: "Dave Wissman"
withc101: "Corky Withrow"
wittr101: "Red Witt"
wojcj101: "John Wojcik"
wolfw101: "Wally Wolf"
womad101: "Dooley Womack"
woodd102: "Dick Woodson"
woodg101: "Gene Woodling"
woodh101: "Hal Woodeshick"
woodj103: "Jim Woods"
woodj107: "Jake Wood"
woodr102: "Ron Woods"
woodw101: "Woody Woodward"
woodw103: "Wilbur Wood"
worta101: "Al Worthington"
wrigc102: "Clyde Wright"
wrigm101: "Mel Wright"
wyatj102: "John Wyatt"
wynnb102: "Billy Wynne"
wynne101: "Early Wynn"
wynnj101: "Jim Wynn"
yastc101: "Carl Yastrzemski"
yelll101: "Larry Yellen"
yoste101: "Eddie Yost"
yound103: "Don Young"
zachc101: "Chris Zachary"
zannd101: "Dom Zanni"
zeppb101: "Bill Zepp"
zimmd101: "Don Zimmer"
zimmj101: "Jerry Zimmerman"
zipfb101: "Bud Zipfel"
zupof101: "Frank Zupo"
