aaroh101: "Hank Aaron"
abera101: "Al Aber"
aberb101: "Bill Abernathie"
abert101: "Ted Abernathy"
abrac101: "Cal Abrams"
acket101: "Tom Acker"
adaij101: "Jerry Adair"
adamb103: "Bobby Adams"
adamh101: "Herb Adams"
adcoj101: "Joe Adcock"
addib101: "Bob Addis"
aggah101: "Harry Agganis"
aguih101: "Hank Aguirre"
albaj101: "Joe Albanese"
albre101: "Ed Albrecht"
alexb101: "Bob Alexander"
allib103: "Bob Allison"
allig101: "Gair Allie"
aloml101: "Luis Aloma"
alouf101: "Felipe Alou"
alstt101: "Tom Alston"
altmg101: "George Altman"
altoj101: "Joe Altobelli"
alusg101: "George Alusik"
alvao101: "Ossie Alvarez"
amalj101: "Joey Amalfitano"
amarr101: "Ruben Amaro"
amors101: "Sandy Amoros"
amorv101: "Vicente Amor"
andeb102: "Bob Anderson"
andef102: "Ferrell Anderson"
andeh101: "Harry Anderson"
andej102: "John Anderson"
andes101: "Sparky Anderson"
andrj102: "John Andre"
antob101: "Bill Antonello"
antoj103: "Johnny Antonelli"
aparl101: "Luis Aparicio"
appll101: "Luke Appling"
arfth101: "Hank Arft"
ariar101: "Rudy Arias"
arrol101: "Luis Arroyo"
ashbr101: "Richie Ashburn"
asprb101: "Bob Aspromonte"
asprk101: "Ken Aspromonte"
astrj101: "Joe Astroth"
atkij101: "James Atkins"
atwet101: "Toby Atwell"
avere102: "Earl Averill"
avilb101: "Bobby Avila"
avrej101: "Jay Avrea"
aylwd101: "Dick Aylward"
babel101: "Loren Babe"
baczf101: "Fred Baczewski"
baile101: "Ed Bailey"
bailj101: "James Bailey"
bakef103: "Floyd Baker"
bakeg101: "Gene Baker"
balcb101: "Bobby Balcena"
baldf101: "Frank Baldwin"
bambg101: "George Bamberger"
bankd101: "Dan Bankhead"
banke101: "Ernie Banks"
bantj101: "Jack Banta"
barcc101: "Curt Barclay"
barmb101: "Bruce Barmes"
barnf102: "Frank Barnes"
barnr103: "Rex Barney"
barrf104: "Frank Barrett"
bartt101: "Tony Bartirome"
basgm101: "Monty Basgall"
batte101: "Earl Battey"
battm101: "Matt Batts"
baueh101: "Hank Bauer"
bauer101: "Russ Bauers"
baumf101: "Frank Baumholtz"
baumf102: "Frank Baumann"
baumj101: "John Baumgartner"
baxej101: "Jim Baxes"
baxem101: "Mike Baxes"
beamc102: "Charlie Beamon"
bearg102: "Gene Bearden"
bearr101: "Ralph Beard"
beart101: "Ted Beard"
becqj101: "Julio Becquer"
belaw101: "Wayne Belardi"
bellb101: "Bill Bell"
bellg102: "Gary Bell"
bellg103: "Gus Bell"
bellz101: "Zeke Bella"
bensv101: "Vern Benson"
benta101: "Al Benton"
beraj101: "Johnny Berardino"
berbl101: "Lou Berberet"
bernc102: "Carlos Bernier"
beroj101: "Johnny Bero"
berrn101: "Neil Berry"
berry101: "Yogi Berra"
bertr101: "Reno Bertoia"
besaf101: "Fred Besana"
bessd101: "Don Bessent"
bevah101: "Hal Bevan"
bickv101: "Vern Bickford"
bilks101: "Steve Bilko"
birrb101: "Babe Birrer"
bishc101: "Charlie Bishop"
blacb101: "Bud Black"
blace102: "Ewell Blackwell"
blacj102: "Jim Blackburn"
blacj103: "Joe Black"
blacr101: "Ron Blackburn"
blake101: "Ed Blake"
blanj101: "Johnny Blanchard"
blasd101: "Don Blasingame"
blatj101: "Johnny Blatnik"
blayb101: "Bob Blaylock"
blayg101: "Gary Blaylock"
blaym101: "Marv Blaylock"
blooj101: "Jimmy Bloodworth"
blyzm101: "Mike Blyzka"
boked101: "Dick Bokelmann"
bolgj101: "Jim Bolger"
bolld101: "Don Bollweg"
bollf101: "Frank Bolling"
bollm101: "Milt Bolling"
boonr101: "Ray Boone"
borkb101: "Bob Borkowski"
boroh101: "Hank Borowy"
boros101: "Steve Boros"
bouce101: "Ed Bouchee"
boudl101: "Lou Boudreau"
bowmb102: "Bob Bowman"
bowmr101: "Roger Bowman"
bowst101: "Ted Bowsfield"
boydb102: "Bob Boyd"
boyec101: "Cloyd Boyer"
boyec102: "Clete Boyer"
boyek101: "Ken Boyer"
bradb106: "Bill Bradford"
bradg102: "George Bradshaw"
bradj102: "Jim Brady"
branj101: "Jackie Brandt"
branr103: "Ralph Branca"
braza101: "Al Brazle"
brech101: "Harry Brecheen"
brese101: "Eddie Bressoud"
brewt101: "Tom Brewer"
bricf102: "Fritz Brickell"
bricr101: "Ralph Brickner"
bridj101: "Jim Brideweser"
bridm101: "Marshall Bridges"
bridr101: "Rocky Bridges"
brigh101: "Harry Bright"
brigj101: "John Briggs"
brinl101: "Leon Brinkopf"
brisl101: "Lou Brissie"
britj102: "Jack Brittin"
brodd101: "Dick Brodowski"
broge101: "Ernie Broglio"
bronj101: "Jim Bronstad"
brosj101: "Jim Brosnan"
brovj101: "Joe Brovia"
browa101: "Alton Brown"
browb105: "Bobby Brown"
browd102: "Dick Brown"
browh101: "Hal Brown"
browt103: "Tommy Brown"
brucb101: "Bob Bruce"
brung101: "George Brunet"
brunj101: "Jack Bruner"
brutb101: "Bill Bruton"
buchj104: "Johnny Bucha"
buddd101: "Don Buddin"
buhlb101: "Bob Buhl"
bullg101: "George Bullard"
bunnj101: "Jim Bunning"
burbn101: "Nelson Burbrink"
burdl101: "Lew Burdette"
burgs101: "Smoky Burgess"
burgt101: "Tom Burgess"
burkl102: "Leo Burke"
burkm101: "Mack Burk"
burnp102: "Pete Burnside"
burnw101: "Wally Burnette"
burrp101: "Paul Burris"
burte101: "Ellis Burton"
burtm101: "Moe Burtschy"
busbj101: "Jim Busby"
buzhj101: "John Buzhardt"
byerb103: "Bud Byerly"
byrdh101: "Harry Byrd"
byrnt101: "Tommy Byrne"
cabap101: "Putsy Caballero"
caffj101: "Joe Caffie"
cainb101: "Bob Cain"
calds101: "Sam Calderone"
callj101: "Johnny Callison"
calvp101: "Paul Calvert"
campf101: "Frank Campos"
campp101: "Paul Campbell"
campr102: "Roy Campanella"
candm101: "Milo Candini"
cardd101: "Don Cardwell"
carea101: "Andy Carey"
carld101: "Don Carlsen"
carmd101: "Duke Carmel"
carrc104: "Cam Carreon"
carrc105: "Chico Carrasquel"
carrt102: "Tom Carroll"
carsf101: "Frank Carswell"
casaj101: "Jerry Casale"
cashn101: "Norm Cash"
castf101: "Foster Castleman"
castp102: "Pete Castiglione"
causw101: "Wayne Causey"
cavap101: "Phil Cavarretta"
cecca101: "Art Ceccarelli"
cepeo101: "Orlando Cepeda"
cervb101: "Bob Cerv"
chakb101: "Bob Chakales"
chamc102: "Cliff Chambers"
chaps101: "Sam Chapman"
chent101: "Tom Cheney"
chesb101: "Bob Chesnes"
chipb101: "Bob Chipman"
chith101: "Harry Chiti"
chitn101: "Nelson Chittum"
chrij101: "Joe Christopher"
chrin101: "Neil Chrisley"
churb101: "Bubba Church"
churc101: "Chuck Churn"
ciafl101: "Larry Ciaffone"
cicoa101: "Al Cicotte"
cimog101: "Gino Cimoli"
clara102: "Allie Clark"
clarb101: "Buzz Clarkson"
clarm101: "Mike Clark"
clarm102: "Mel Clark"
clarp101: "Phil Clark"
clarw103: "Webbo Clarke"
clemr101: "Roberto Clemente"
clevt101: "Tex Clevenger"
coang101: "Gil Coan"
coatj101: "Jim Coates"
coheh101: "Hyman Cohen"
cokej101: "Jimmie Coker"
colar101: "Rocky Colavito"
colec103: "Chuck Coles"
coled101: "Dick Cole"
coled103: "Dave Cole"
coleg101: "Gordy Coleman"
colej101: "Joe Coleman"
colej106: "Jerry Coleman"
coler101: "Rip Coleman"
coler102: "Ray Coleman"
collj101: "Joe Collins"
collj102: "Jackie Collum"
combm101: "Merl Combs"
commj101: "Jim Command"
conlb101: "Bob Conley"
conlg101: "Gene Conley"
connb103: "Bill Connelly"
connc101: "Chuck Connors"
consb101: "Billy Consolo"
consj101: "Jim Constable"
conss101: "Sandy Consuegra"
conyh101: "Herb Conyers"
coogd102: "Dale Coogan"
cookc101: "Cliff Cook"
coopw102: "Walker Cooper"
corwa101: "Al Corwin"
cottc101: "Chuck Cottier"
courc101: "Clint Courtney"
coviw101: "Wes Covington"
cox-b101: "Billy Cox"
cox-g101: "Glenn Cox"
cradw101: "Walt Craddock"
crair101: "Roger Craig"
crand102: "Del Crandall"
crawj101: "Jake Crawford"
crimj101: "Jack Crimian"
crisl101: "Leo Cristante"
cronr101: "Ray Crone"
crowg101: "George Crowe"
cuelc101: "Charlie Cuellar"
cuelm101: "Mike Cuellar"
cunnj101: "Joe Cunningham"
currb101: "Bill Currie"
cusij101: "Jack Cusick"
dagra101: "Angelo Dagres"
dahlj101: "Jerry Dahlke"
daleb102: "Bud Daley"
dalep101: "Pete Daley"
danib102: "Bennie Daniels"
danic102: "Chuck Daniel"
danij102: "Jack Daniels"
darka101: "Al Dark"
darnb101: "Bob Darnell"
daugd101: "Doc Daugherty"
davay101: "Yo-yo Davalillo"
davej101: "Jim Davenport"
davib102: "Bob Davis"
davib103: "Brandy Davis"
davij103: "Jim Davis"
davij105: "Jerry Davie"
davit101: "Tod Davis"
davit103: "Tommy Davis"
dealc101: "Cot Deal"
delgb101: "Bobby Del Greco"
delij101: "Juan Delis"
deloi101: "Ike Delock"
delsj101: "Jim Delsing"
demab101: "Billy DeMars"
demaj101: "Joe DeMaestri"
demed101: "Don Demeter"
demej101: "John DeMerit"
demes101: "Steve Demeter"
dempc101: "Con Dempsey"
dents101: "Sam Dente"
derrj101: "Jim Derrington"
dickm101: "Murry Dickson"
dierc101: "Chuck Diering"
dietr101: "Roy Dietzel"
dillb102: "Bob Dillinger"
dilld101: "Don Dillard"
dimad101: "Dom DiMaggio"
dimaj101: "Joe DiMaggio"
dipib101: "Bob DiPietro"
ditma101: "Art Ditmar"
dittj101: "Jack Dittmer"
dixos101: "Sonny Dixon"
dobbd101: "Dan Dobbek"
dobsj101: "Joe Dobson"
dobyl101: "Larry Doby"
doerb101: "Bobby Doerr"
donnb101: "Blix Donnelly"
donne101: "Ed Donnelly"
donod101: "Dick Donovan"
donol101: "Lino Donoso"
dorif101: "Fritz Dorish"
dottd101: "Dutch Dotterer"
dougw101: "Whammy Douglas"
drabm101: "Moe Drabowsky"
draks101: "Solly Drake"
drewk101: "Karl Drews"
dropw101: "Walt Dropo"
drotd101: "Dick Drott"
drysd101: "Don Drysdale"
dubim101: "Monk Dubiel"
dulib101: "Bob Duliba"
dunlg102: "George Dunlap"
dunnj103: "Jim Dunn"
durer101: "Ryne Duren"
durhj101: "Joe Durham"
durnb101: "Bobby Durnbaugh"
dusae101: "Erv Dusak"
dusec101: "Carl Duser"
dyckj101: "Jim Dyck"
eaddd101: "Don Eaddy"
eastj102: "John Easton"
eastl101: "Luke Easter"
edelj102: "John Edelman"
edwab101: "Bruce Edwards"
edwah101: "Hank Edwards"
ellib103: "Bob Elliott"
ellih101: "Harry Elliott"
ellsd101: "Dick Ellsworth"
elstd101: "Don Elston"
ennid101: "Del Ennis"
eppea101: "Al Epperly"
eraue101: "Eddie Erautt"
erauj101: "Joe Erautt"
ericd101: "Don Erickson"
erich102: "Hal Erickson"
ernaf101: "Frank Ernaga"
erskc101: "Carl Erskine"
escan101: "Nino Escalera"
espos101: "Sammy Esposito"
essec101: "Chuck Essegian"
estog101: "George Estock"
evana101: "Al Evans"
evanb103: "Bill Evans"
everh101: "Hoot Evers"
facer101: "Roy Face"
fahrj101: "Jerry Fahr"
fainf101: "Ferris Fain"
fairr101: "Ron Fairly"
fannc101: "Cliff Fannin"
fannj101: "Jim Fanning"
fanof101: "Frank Fanovich"
farrt101: "Turk Farrell"
faszj101: "Jack Faszholz"
fearv101: "Vern Fear"
fedea101: "Al Federoff"
fellb101: "Bob Feller"
fellj101: "Jack Feller"
fernc102: "Chico Fernandez"
fernn101: "Nanny Fernandez"
ferrd101: "Dave Ferriss"
ferrd102: "Don Ferrarese"
ferrt101: "Tom Ferrick"
finet101: "Tommy Fine"
finij101: "Jim Finigan"
fiscb101: "Bill Fischer"
fishe102: "Eddie Fisher"
fishh101: "Harry Fisher"
fishj101: "Jack Fisher"
fishm101: "Maurice Fisher"
fitze101: "Ed Fitzgerald"
fitzj104: "John Fitzgerald"
flant101: "Tom Flanigan"
fletv101: "Van Fletcher"
flooc101: "Curt Flood"
florj101: "Jesse Flores"
flowb101: "Ben Flowers"
fodgg101: "Gene Fodge"
foilh101: "Hank Foiles"
fondd101: "Dee Fondy"
fordw101: "Whitey Ford"
fornm101: "Mike Fornieles"
fowla101: "Art Fowler"
fowld101: "Dick Fowler"
fox-h101: "Howie Fox"
fox-n101: "Nellie Fox"
foytp101: "Paul Foytack"
frant101: "Tito Francona"
frazj101: "Joe Frazier"
freeg101: "George Freese"
freeg102: "Gene Freese"
freeh101: "Hersh Freeman"
freem101: "Mark Freeman"
fricm101: "Marion Fricano"
fridj101: "Jim Fridley"
frieb102: "Bob Friend"
frieo101: "Owen Friend"
froab101: "Bill Froats"
furic101: "Carl Furillo"
fussl101: "Les Fusselman"
gablg101: "Gabe Gabler"
gablg102: "Gabe Gabler"
gaede101: "Eddie Gaedel"
garaj101: "Joe Garagiola"
garba101: "Alex Garbowski"
garbb101: "Bob Garber"
garcc101: "Chico Garcia"
garcm101: "Mike Garcia"
gardb101: "Billy Gardner"
gardd101: "Danny Gardella"
garvn102: "Ned Garver"
gastt101: "Tom Gastall"
geigg101: "Gary Geiger"
genog101: "George Genovese"
genth101: "Harvey Gentry"
gentj101: "Jim Gentile"
geora101: "Alex George"
gernd101: "Dick Gernert"
getta101: "Al Gettel"
gialb101: "Bob Giallombardo"
gibsb101: "Bob Gibson"
gielp101: "Paul Giel"
giggb101: "Bob Giggie"
gilbb104: "Buddy Gilbert"
gilbt101: "Tookie Gilbert"
giled101: "Don Gile"
gillb102: "Bob Gillespie"
gillj102: "Jim Gilliam"
ginsj101: "Joe Ginsberg"
giort101: "Tommy Giordano"
glavt101: "Tommy Glaviano"
glynb101: "Bill Glynn"
goldg101: "Gordon Goldsberry"
golim101: "Mike Goliat"
gomer101: "Ruben Gomez"
gonzv101: "Vince Gonzales"
goodb101: "Billy Goodman"
gorbg101: "Glen Gorbous"
gordj101: "Joe Gordon"
gords101: "Sid Gordon"
goric101: "Charlie Gorin"
gormh102: "Herb Gorman"
gormt102: "Tom Gorman"
goryj101: "Johnny Goryl"
grabr102: "Rod Graber"
grafm101: "Milt Graff"
grama101: "Alex Grammas"
granj101: "Jim Grant"
grasm101: "Mickey Grasso"
grayd102: "Dick Gray"
grayj101: "Johnny Gray"
grayt101: "Ted Gray"
grbae101: "Eli Grba"
greab101: "Bill Greason"
greeb103: "Bob Greenwood"
greef101: "Fred Green"
greeg101: "Gene Green"
greej102: "Jim Greengrass"
greel101: "Lenny Green"
greep102: "Pumpsie Green"
gregh102: "Hal Gregg"
grigh101: "Hal Griggs"
grimb102: "Bob Grim"
grimr102: "Ross Grimsley"
grism101: "Marv Grissom"
groad101: "Dick Groat"
grobc101: "Connie Grob"
groms101: "Steve Gromek"
grosd101: "Don Gross"
grosh101: "Harley Grossman"
grotj102: "Johnny Groth"
gruna101: "Al Grunwald"
guerm102: "Mike Guerra"
guinb101: "Ben Guintini"
gumbh101: "Harry Gumbert"
gumpr101: "Randy Gumpert"
gustf101: "Frankie Gustine"
haasb102: "Bert Haas"
haase101: "Eddie Haas"
habeb101: "Bob Habenicht"
hackw102: "Warren Hacker"
haddh101: "Harvey Haddix"
hadlk101: "Kent Hadley"
haefm101: "Mickey Haefner"
hahnf101: "Fred Hahn"
hairs101: "Sammy Hairston"
haleb101: "Bob Hale"
hallb103: "Bob Hall"
hallb105: "Bill Hall"
halld101: "Dick Hall"
hamit101: "Tom Hamilton"
hamlk101: "Ken Hamlin"
hamng102: "Granny Hamner"
hamrb101: "Bert Hamric"
haneh101: "Harry Hanebrink"
hansa101: "Andy Hansen"
hansd101: "Doug Hansen"
hansr102: "Ron Hansen"
hardb101: "Bud Hardin"
hardc101: "Carroll Hardy"
hardr101: "Red Hardy"
harmc101: "Chuck Harmon"
harrb102: "Bill Harrington"
harrb103: "Billy Harrell"
harrb104: "Bubba Harris"
harrb112: "Bill Harris"
harrb114: "Bob Harrison"
harre101: "Earl Harrist"
harrg101: "Gail Harris"
harrm101: "Mickey Harris"
harsj101: "Jack Harshman"
hartb105: "Bob Hartman"
hartc102: "Clint Hartung"
hartr101: "Roy Hartsfield"
hatff101: "Fred Hatfield"
hattg101: "Grady Hatton"
hattj101: "Joe Hatten"
haugp101: "Phil Haugstad"
hawer101: "Roy Hawes"
haydl101: "Lefty Hayden"
haynj101: "Joe Haynes"
hazlb101: "Bob Hazle"
hearj101: "Jay Heard"
hearj102: "Jim Hearn"
hegaj101: "Jim Hegan"
heink101: "Ken Heintzelman"
heisj101: "Jim Heise"
heldm101: "Mel Held"
heldw101: "Woodie Held"
hemus101: "Solly Hemus"
henlg101: "Gail Henley"
henrb101: "Bill Henry"
henrb103: "Bobby Henrich"
henrt101: "Tommy Henrich"
herbr101: "Ray Herbert"
hermg101: "Gene Hermanski"
herne101: "Evelio Hernandez"
herrb102: "Bobby Herrera"
herrp101: "Pancho Herrera"
herrt101: "Tom Herrin"
herrt102: "Troy Herriage"
herse101: "Earl Hersh"
hertn101: "Neal Hertweck"
herzw101: "Whitey Herzog"
hetkj101: "Johnny Hetki"
hickb101: "Buddy Hicks"
hickj101: "Joe Hicks"
higbk101: "Kirby Higbe"
hilld101: "Dave Hill"
hilld102: "Dave Hillman"
hillf101: "Frank Hiller"
hinrp101: "Paul Hinrichs"
hisnh101: "Harley Hisner"
hitcb101: "Billy Hitchcock"
hittl101: "Lloyd Hittle"
hoakd101: "Don Hoak"
hobbg101: "Glen Hobbie"
hodem101: "Mel Hoderlein"
hodgg101: "Gil Hodges"
hoefb101: "Billy Hoeft"
hofmb101: "Bobby Hofman"
hogub101: "Bobby Hogue"
hoguc101: "Cal Hogue"
holck101: "Ken Holcombe"
hollb101: "Bobo Holloman"
holls101: "Stan Hollmig"
holmt101: "Tommy Holmes"
hookj101: "Jay Hook"
hoopb101: "Bob Hooper"
hoovd101: "Dick Hoover"
hoppj102: "Johnny Hopp"
hoskd101: "Dave Hoskins"
hostg101: "Gene Host"
houkr101: "Ralph Houk"
housf103: "Frank House"
houta101: "Art Houtteman"
howae101: "Elston Howard"
howaf102: "Frank Howard"
howeb101: "Bill Howerton"
howec101: "Cal Howe"
howed101: "Dixie Howell"
howed102: "Dixie Howell"
hoylt101: "Tex Hoyle"
hudsh101: "Hal Hudson"
hudss101: "Sid Hudson"
hughj103: "Jim Hughes"
hught105: "Tom Hughes"
huntb105: "Billy Hunter"
huntk102: "Ken Hunt"
hurdt101: "Tom Hurd"
hutcf101: "Fred Hutchinson"
hyded101: "Dick Hyde"
irvim101: "Monte Irvin"
jablr101: "Ray Jablonski"
jacka101: "Al Jackson"
jackl101: "Lou Jackson"
jackl102: "Larry Jackson"
jackr101: "Ron Jackson"
jackr102: "Randy Jackson"
jacos101: "Spook Jacobs"
jacot101: "Tony Jacobs"
jamej101: "Johnny James"
janov101: "Vic Janowicz"
jansl101: "Larry Jansen"
jay-j101: "Joey Jay"
jeffh101: "Hal Jeffcoat"
jennb101: "Bill Jennings"
jensj101: "Jackie Jensen"
jestv101: "Virgil Jester"
jeths101: "Sam Jethroe"
johnb107: "Ben Johnson"
johnb108: "Bill Johnson"
johnc103: "Connie Johnson"
johnd102: "Don Johnson"
johnd106: "Darrell Johnson"
johne101: "Ernie Johnson"
johne105: "Earl Johnson"
johnf102: "Footer Johnson"
johnk101: "Ken Johnson"
johnk102: "Ken Johnson"
jok-s101: "Stan Jok"
jolld101: "Dave Jolly"
joneg101: "Gordon Jones"
jonen101: "Nippy Jones"
jones103: "Sheldon Jones"
jones105: "Sam Jones"
jonew101: "Willie Jones"
joose101: "Eddie Joost"
jordm101: "Milt Jordan"
jordn101: "Niles Jordan"
jorgs101: "Spider Jorgensen"
judsh101: "Howie Judson"
kaatj101: "Jim Kaat"
kaisd101: "Don Kaiser"
kalia101: "Al Kaline"
kaske101: "Eddie Kasko"
kattr101: "Ray Katt"
kazae101: "Eddie Kazak"
kazat101: "Ted Kazanski"
keegb101: "Bob Keegan"
keege101: "Ed Keegan"
kella103: "Alex Kellner"
kellb103: "Bob Kelly"
kellc101: "Charlie Keller"
kellf102: "Frank Kellert"
kellg102: "George Kell"
kellh103: "Hal Keller"
kells102: "Skeeter Kell"
kellw101: "Walt Kellner"
keltk101: "Ken Keltner"
kemmr101: "Russ Kemmerer"
kennb103: "Bill Kennedy"
kennb104: "Bob Kennedy"
kennj104: "John Kennedy"
kennm101: "Monte Kennedy"
keoum101: "Marty Keough"
kerig101: "Gus Keriazakos"
kerrb101: "Buddy Kerr"
kiell101: "Leo Kiely"
kille102: "Evans Killeen"
killh102: "Harmon Killebrew"
kinde101: "Ellis Kinder"
kindj101: "Jerry Kindall"
kiner101: "Ralph Kiner"
kingc101: "Clyde King"
kingc102: "Chick King"
kingj101: "Jim King"
kingn101: "Nellie King"
kippf101: "Fred Kipp"
kippt101: "Thorton Kipper"
kirkw101: "Willie Kirkland"
kirrj101: "Joe Kirrene"
kitsc101: "Chris Kitsos"
klaub101: "Billy Klaus"
kleil101: "Lou Klein"
kliee101: "Ed Klieman"
kliml101: "Lou Klimchock"
klinb104: "Bobby Kline"
klinr102: "Ron Kline"
klipj101: "Johnny Klippstein"
klust101: "Ted Kluszewski"
klutc101: "Clyde Kluttz"
koban101: "Nick Koback"
kokod101: "Dick Kokos"
kolld101: "Don Kolloway"
konia101: "Alex Konikowski"
konsj101: "Jim Konstanty"
koppj101: "Joe Koppe"
korcs101: "Steve Korcheck"
koshc101: "Clem Koshorek"
koskb101: "Bill Koski"
kosld101: "Dave Koslo"
koufs101: "Sandy Koufax"
kozaa101: "Al Kozar"
kralj101: "Jack Kralick"
krals101: "Steve Kraly"
kramj101: "Jack Kramer"
kravd101: "Danny Kravitz"
kresc101: "Chuck Kress"
kretl101: "Lou Kretlow"
kriek101: "Kurt Krieger"
krsnr101: "Rocky Krsnich"
kryhd101: "Dick Kryhoski"
kubet101: "Tony Kubek"
kucaj101: "Johnny Kucab"
kuckj101: "Johnny Kucks"
kuenh101: "Harvey Kuenn"
kuhnk101: "Kenny Kuhn"
kumem101: "Mike Kume"
kutym101: "Marty Kutyna"
kuzab101: "Bob Kuzava"
labic101: "Clem Labine"
laded101: "Doyle Lade"
lakea101: "Al Lakeman"
lakee101: "Eddie Lake"
landd101: "Don Landrum"
landh101: "Hobie Landrith"
landj101: "Joe Landrum"
landj103: "Jim Landis"
landk101: "Ken Landenberger"
lanej101: "Jerry Lane"
lanim101: "Max Lanier"
lapap102: "Paul LaPalme"
larkn101: "Norm Larker"
larsd102: "Don Larsen"
larya101: "Al Lary"
laryf101: "Frank Lary"
lasot101: "Tom LaSorda"
lassd101: "Don Lassetter"
latmb101: "Barry Latman"
lau-c101: "Charlie Lau"
law-v101: "Vern Law"
lawrb103: "Brooks Lawrence"
lee-d102: "Don Lee"
leekg101: "Gene Leek"
lehmk101: "Ken Lehman"
lehnp101: "Paul Lehner"
lejaf101: "Frank Leja"
lembs101: "Steve Lembo"
lemob101: "Bob Lemon"
lemoj101: "Jim Lemon"
lenhd101: "Don Lenhardt"
lennb102: "Bob Lennon"
leond103: "Dutch Leonard"
lepct101: "Ted Lepcio"
leppd102: "Don Leppert"
lercg101: "George Lerchen"
levaj101: "Jesse Levan"
lewad102: "Dan Lewandowski"
liddd101: "Don Liddle"
lillb101: "Bob Lillis"
limml101: "Lou Limmer"
lindc102: "Chuck Lindstrom"
lindj101: "Johnny Lindell"
lindw101: "Walt Linden"
linhc101: "Carl Linhart"
lintr101: "Roy Lint"
lipea101: "Angelo LiPetri"
lipoj101: "Johnny Lipon"
littd102: "Dick Littlefield"
littj104: "Jack Littrell"
litwd101: "Danny Litwhiler"
livim101: "Mickey Livingston"
lockb101: "Bobby Locke"
lockc101: "Chuck Locke"
locks102: "Stu Locklin"
lockw101: "Whitey Lockman"
loesb101: "Billy Loes"
logaj101: "Johnny Logan"
lohrj101: "Jack Lohrke"
lolls101: "Sherm Lollar"
lombv101: "Vic Lombardi"
longd101: "Dale Long"
lonnj101: "Joe Lonnett"
lopae101: "Eddie Lopat"
lopas101: "Stan Lopata"
lopeh101: "Hector Lopez"
lovel102: "Lynn Lovenguth"
lownt101: "Turk Lown"
lowrp101: "Peanuts Lowrey"
lumer101: "Ralph Lumenti"
lumpj101: "Jerry Lumpe"
lunam101: "Memo Luna"
lundd102: "Don Lund"
luttl101: "Lyle Luttrell"
lutzj101: "Joe Lutz"
lyncj102: "Jerry Lynch"
maasd101: "Duke Maas"
mabeb101: "Bob Mabe"
macdb101: "Bill Macdonald"
macke102: "Eric MacKenzie"
mackj102: "John Mackinson"
maddc101: "Clarence Maddern"
madid101: "Dave Madison"
magls101: "Sal Maglie"
maguj101: "Jack Maguire"
mahob101: "Bob Mahoney"
mahoj101: "Jim Mahoney"
mainw102: "Woody Main"
majeh101: "Hank Majeski"
malkb101: "Bobby Malkmus"
mallj103: "Jerry Mallett"
mallm101: "Mal Mallette"
malmh101: "Harry Malmberg"
maloe101: "Eddie Malone"
malzf101: "Frank Malzone"
mangj101: "Jim Mangan"
mantf101: "Felix Mantilla"
mantm101: "Mickey Mantle"
manvd101: "Dick Manville"
mapec101: "Cliff Mapes"
marcp101: "Phil Marchildon"
margj101: "Joe Margoneri"
marim101: "Marty Marion"
marir101: "Roger Maris"
markd101: "Duke Markell"
markg101: "Gene Markland"
marld101: "Dick Marlowe"
marof101: "Fred Marolewski"
marqb101: "Bob Marquis"
marql101: "Luis Marquez"
marqr101: "Roger Marquis"
marrc101: "Connie Marrero"
marsc101: "Cuddles Marshall"
marsf101: "Fred Marsh"
marsj101: "Jim Marshall"
marsw101: "Willard Marshall"
martb101: "Babe Martin"
martb102: "Bob Martyn"
martb104: "B Martin"
martb105: "Billy Martin"
martf101: "Fred Martin"
martj107: "J.C. Martin"
martm101: "Morrie Martin"
martp101: "Paul Martin"
martr102: "Rogelio Martinez"
masip101: "Phil Masi"
masoh101: "Hank Mason"
massg101: "Gordon Massa"
mastw101: "Walt Masterson"
matal101: "Len Matarazzo"
mathe101: "Eddie Mathews"
maucg101: "Gene Mauch"
maurc101: "Carmen Mauro"
maurr101: "Ralph Mauriello"
maxwc101: "Charlie Maxwell"
mayee102: "Ed Mayer"
mayel101: "Lee Maye"
mayoj101: "Jackie Mayo"
maysw101: "Willie Mays"
mazeb101: "Bill Mazeroski"
mcanj102: "Jim McAnany"
mcavt101: "Tom McAvoy"
mcbrk101: "Ken McBride"
mccar101: "Roger McCardell"
mccat101: "Tim McCarver"
mccaw102: "Windy McCall"
mccob101: "Barney McCosky"
mccom101: "Mike McCormick"
mccom103: "Mike McCormick"
mccow101: "Willie McCovey"
mccrl101: "Les McCrabb"
mccuc101: "Clyde McCullough"
mcdal101: "Lindy McDaniel"
mcdav101: "Von McDaniel"
mcded101: "Danny McDevitt"
mcdem102: "Mickey McDermott"
mcdog101: "Gil McDougald"
mcdoj104: "Jim McDonald"
mcghe101: "Ed McGhee"
mcglp101: "Pat McGlothin"
mcils101: "Stover McIlwain"
mclew101: "Wayne McLeland"
mclic101: "Cal McLish"
mcmad102: "Don McMahon"
mcmaj102: "Jack McMahan"
mcmir101: "Roy McMillan"
medli101: "Irv Medlinger"
meeks101: "Sammy Meeks"
mejir101: "Roman Mejias"
meles101: "Sam Mele"
meltd101: "Dave Melton"
merrl101: "Lloyd Merritt"
merrl102: "Lloyd Merriman"
mersj101: "Jack Merson"
metkg101: "George Metkovich"
meyej101: "Jack Meyer"
meyer101: "Russ Meyer"
micem101: "Mickey Micelotta"
michc101: "Cass Michaels"
micke101: "Ed Mickelson"
mickg101: "Glenn Mickens"
miere101: "Ed Mierkowicz"
miggl101: "Larry Miggins"
mikse101: "Eddie Miksis"
miled102: "Don Miles"
millb102: "Bob Miller"
millb103: "Bob Miller"
millb104: "Bill Miller"
millb106: "Bob Miller"
millb114: "Bob Milliken"
mille104: "Eddie Miller"
millr106: "Rod Miller"
mills101: "Stu Miller"
milnp101: "Pete Milne"
minar101: "Rudy Minarcin"
minnd101: "Don Minnick"
minnp101: "Paul Minner"
minom101: "Minnie Minoso"
miraw101: "Willie Miranda"
mitcd101: "Dale Mitchell"
mizej101: "Johnny Mize"
mizew101: "Wilmer Mizell"
moelr101: "Ron Moeller"
mofoh101: "Herb Moford"
moisb101: "Bill Moisan"
monar101: "Rinty Monahan"
monbb101: "Bill Monbouquette"
monrz101: "Zach Monroe"
montf101: "Felipe Montemayor"
monzr101: "Ray Monzant"
moonw101: "Wally Moon"
moorr101: "Ray Moore"
morab101: "Billy Moran"
mored102: "Danny Morejon"
morej102: "Julio Moreno"
mores101: "Seth Morehead"
morgb102: "Bobby Morgan"
morgj101: "Joe Morgan"
morgt101: "Tom Morgan"
morgv101: "Vern Morgan"
mortm101: "Moose Morton"
moryw101: "Walt Moryn"
mosew101: "Wally Moses"
mossd101: "Don Mossi"
mosse101: "Earl Mossor"
mossl101: "Les Moss"
mrozr101: "Ron Mrozinski"
mueld101: "Don Mueller"
muelg101: "Gordie Mueller"
muelr101: "Ray Mueller"
muffb101: "Billy Muffett"
muirj101: "Joe Muir"
mullp101: "Pat Mullin"
muncb101: "Bob Muncrief"
mungr101: "Red Munger"
murfr101: "Red Murff"
murpd102: "Dick Murphy"
murrj102: "Joe Murray"
murrr102: "Ray Murray"
murtd101: "Danny Murtaugh"
musis101: "Stan Musial"
myerr101: "Richie Myers"
nagys101: "Steve Nagy"
narag101: "Gonzalo Naranjo"
narah101: "Hal Naragon"
narlr101: "Ray Narleski"
natop101: "Pete Naton"
nealc101: "Charlie Neal"
neccr101: "Ron Necciai"
neemc101: "Cal Neeman"
negrr101: "Ron Negray"
nelsr103: "Rocky Nelson"
nelst102: "Tex Nelson"
nevee102: "Ernie Nevel"
newcd101: "Don Newcombe"
newhh101: "Hal Newhouser"
newsb101: "Bobo Newsom"
niarg101: "Gus Niarhos"
nichb101: "Bill Nicholson"
nichc102: "Chet Nichols"
nichd102: "Dolan Nichols"
nichd103: "Don Nicholas"
nielm101: "Milt Nielsen"
niemb101: "Bob Nieman"
nixor101: "Russ Nixon"
nixow101: "Willard Nixon"
noblr101: "Ray Noble"
norei101: "Irv Noren"
nortr101: "Ron Northey"
nunnh101: "Howie Nunn"
nuxhj101: "Joe Nuxhall"
obrie101: "Eddie O'Brien"
obrij101: "Johnny O'Brien"
obrit103: "Tommy O'Brien"
ocond101: "Danny O'Connell"
odelb101: "Billy O'Dell"
odong101: "George O'Donnell"
oertc101: "Chuck Oertel"
okril101: "Len Okrie"
oldhj101: "John Oldham"
oldib101: "Bob Oldis"
olivg101: "Gene Oliver"
olmol101: "Luis Olmo"
olsok101: "Karl Olson"
orave101: "Ernie Oravetz"
orouc101: "Charlie O'Rourke"
ortir101: "Roberto Ortiz"
osbob101: "Bobo Osborne"
osteb101: "Bill Oster"
ostec103: "Claude Osteen"
ostrj101: "Joe Ostrowski"
ostrj102: "Johnny Ostrowski"
otooj101: "Jim O'Toole"
overs101: "Stubby Overmire"
owenj101: "Jim Owens"
owenm101: "Mickey Owen"
pafka101: "Andy Pafko"
pagaj101: "Jose Pagan"
pagej101: "Joe Page"
paglj101: "Jim Pagliaroni"
paigs101: "Satchel Paige"
painp101: "Phil Paine"
palie101: "Erv Palica"
palys101: "Stan Palys"
papaa101: "Al Papai"
papif101: "Frank Papish"
pappm101: "Milt Pappas"
parnm101: "Mel Parnell"
pascc101: "Carlos Pascual"
pascc102: "Camilo Pascual"
pattt101: "Tom Patton"
paulc101: "Carlos Paula"
pavld101: "Don Pavletich"
pawls101: "Stan Pawloski"
peara102: "Albie Pearson"
pearj101: "Jim Pearce"
pedel101: "Les Peden"
peetc101: "Charlie Peete"
pelle101: "Eddie Pellagrini"
penao101: "Orlando Pena"
pendj101: "Jim Pendleton"
pensp101: "Paul Penson"
peppl101: "Laurin Pepper"
pereg101: "George Perez"
perkh101: "Harry Perkowski"
perkj101: "John Perkovich"
perrj102: "Jim Perry"
peskj101: "Johnny Pesky"
peteb102: "Buddy Peterson"
peteg101: "Gary Peters"
peteh101: "Hardy Peterson"
petek101: "Kent Peterson"
pettp101: "Paul Pettit"
philb102: "Bubba Phillips"
phild102: "Dave Philley"
phile101: "Eddie Phillips"
philj101: "Jack Phillips"
philt101: "Taylor Phillips"
picom101: "Mario Picone"
pierb101: "Billy Pierce"
pierb102: "Bill Pierro"
pierj102: "Jim Piersall"
pierm101: "Marino Pieretti"
pignj101: "Joe Pignatano"
piktg101: "George Piktuzis"
pilaa101: "Al Pilarcik"
pilld101: "Duane Pillette"
pinsv101: "Vada Pinson"
pisoj101: "Jim Pisoni"
pitus101: "Stan Pitula"
pizaj101: "Juan Pizarro"
plard101: "Don Plarski"
plesr101: "Rance Pless"
plewh101: "Herb Plews"
podbb101: "Bud Podbielan"
podrj101: "Johnny Podres"
pohot101: "Tom Poholsky"
pollh101: "Howie Pollet"
poped101: "Dave Pope"
porta101: "Arnie Portocarrero"
portb102: "Bob Porterfield"
portd102: "Dan Porter"
portj101: "Jay Porter"
possl101: "Lou Possehl"
postw101: "Wally Post"
powej103: "John Powers"
powel101: "Leroy Powell"
powev101: "Vic Power"
powic101: "Carl Powis"
pramj101: "Johnny Pramesa"
presj101: "Joe Presko"
pridj101: "Jerry Priddy"
pritb101: "Buddy Pritchard"
procj101: "Jim Proctor"
purkb101: "Bob Purkey"
pybuj101: "Jim Pyburn"
pyecj101: "John Pyecha"
qualt101: "Tom Qualters"
queeb101: "Billy Queen"
queem101: "Mel Queen"
quinf104: "Frank Quinn"
rabec101: "Charlie Rabe"
rackm101: "Marv Rackley"
raeth101: "Hal Raether"
raffk101: "Ken Raffensberger"
rainl101: "Larry Raines"
ramab101: "Bob Ramazzotti"
ramop101: "Pedro Ramos"
ramsw101: "Willie Ramsdell"
randd101: "Dick Rand"
raner101: "Ribs Raney"
rappe101: "Earl Rapp"
rascv101: "Vic Raschi"
raydc101: "Curt Raydon"
raymc101: "Claude Raymond"
reedb103: "Billy Reed"
reedh102: "Howie Reed"
reesp101: "Peewee Reese"
regar101: "Rudy Regalado"
reisp101: "Pete Reiser"
renfm101: "Marshall Renfroe"
rennb101: "Bill Renna"
repur101: "Rip Repulski"
restd101: "Dino Restelli"
reyen101: "Nap Reyes"
reyna102: "Allie Reynolds"
rhodd101: "Dusty Rhodes"
riced101: "Del Rice"
riceh102: "Hal Rice"
richa101: "Al Richter"
richb102: "Bobby Richardson"
richd103: "Don Richmond"
richf101: "Fred Richards"
rickd101: "Dick Ricketts"
rickm101: "Marv Rickert"
ridzs101: "Steve Ridzik"
rignb101: "Bill Rigney"
rinkb101: "Bob Rinker"
rivej101: "Jim Rivera"
rizzp101: "Phil Rizzuto"
roacm101: "Mel Roach"
robec102: "Curt Roberts"
robed104: "Don Robertson"
robej103: "Jim Robertson"
rober102: "Robin Roberts"
robes102: "Sherry Robertson"
robia101: "Aaron Robinson"
robib104: "Brooks Robinson"
robie101: "Eddie Robinson"
robie102: "Earl Robinson"
robif103: "Frank Robinson"
robih101: "Humberto Robinson"
robij103: "Jackie Robinson"
rodga101: "Andre Rodgers"
rodie101: "Eric Rodin"
rodrf101: "Freddy Rodriguez"
rodrh101: "Hector Rodriguez"
roe-p101: "Preacher Roe"
roebe101: "Ed Roebuck"
rogos101: "Saul Rogovin"
roigt101: "Tony Roig"
rojes101: "Stan Rojek"
romaj101: "John Romano"
romaj102: "Jim Romano"
rombd101: "Dutch Romberger"
romoj101: "John Romonosky"
rosab101: "Buddy Rosar"
rosea101: "Al Rosen"
roseb102: "Bob Roselli"
rosej101: "John Roseboro"
rossb101: "Bob Ross"
rossc102: "Cliff Ross"
rossj101: "Joe Rossi"
rotbm101: "Marv Rotblatt"
roy-n101: "Normie Roy"
rozed101: "Dick Rozek"
rudod103: "Don Rudolph"
rufer101: "Rudy Rufer"
runnp101: "Pete Runnels"
rushb101: "Bob Rush"
russj102: "Jim Russell"
ruthj101: "Johnny Rutherford"
ryanc102: "Connie Ryan"
sackf101: "Frank Sacka"
safft101: "Tom Saffell"
sainj101: "Johnny Sain"
salkb101: "Bill Salkeld"
samce101: "Ed Samcoff"
samfr101: "Ron Samford"
sancr101: "Raul Sanchez"
sandm101: "Mike Sandlock"
sanff101: "Fred Sanford"
sanfj101: "Jack Sanford"
sanie101: "Ed Sanicki"
santj102: "Jose Santiago"
sarnb101: "Bill Sarni"
saucf101: "Frank Saucier"
saueh101: "Hank Sauer"
saveb101: "Bob Saverine"
savrm101: "Moe Savransky"
sawac101: "Carl Sawatski"
scalj102: "Jerry Scala"
scanp101: "Pat Scantlebury"
scarr102: "Ray Scarborough"
schaa102: "Art Schallock"
schac101: "Charley Schanz"
schah102: "Harry Schaeffer"
schaj102: "Johnny Schaive"
schaj105: "Joe Schaffernoth"
schas101: "Sid Schacht"
scheb101: "Bob Scheffing"
scheb102: "Bob Scherbarth"
schec101: "Carl Scheib"
sched102: "Danny Schell"
scheh103: "Hank Schenz"
schmb101: "Bob Schmidt"
schmg101: "George Schmees"
schmj101: "Johnny Schmitz"
schmw101: "Willard Schmidt"
schod101: "Dick Schofield"
schoj101: "Jerry Schoonmaker"
schor101: "Red Schoendienst"
schra101: "Al Schroll"
schrp103: "Paul Schramka"
schua101: "Art Schult"
schub101: "Barney Schultz"
schub103: "Bob Schultz"
schyj101: "Jerry Schypinski"
scorh101: "Herb Score"
segrk101: "Kal Segrist"
semia101: "Andy Seminick"
sempr101: "Ray Semproch"
senes101: "Sonny Senerchia"
sereb101: "Bill Serena"
shanb101: "Billy Shantz"
shanb102: "Bobby Shantz"
shanw101: "Wally Shannon"
shawb103: "Bob Shaw"
shear101: "Ray Shearer"
sheas101: "Spec Shea"
sheeb101: "Bud Sheely"
shepj102: "Jack Shepard"
sherl101: "Larry Sherry"
shern102: "Norm Sherry"
shetb101: "Barry Shetrone"
shifg101: "Garland Shifflett"
shipj101: "Joe Shipley"
shoor101: "Ron Shoop"
shorc102: "Chris Short"
shubg101: "George Shuba"
siebn101: "Norm Siebern"
sievr101: "Roy Sievers"
silva101: "Al Silvera"
silvc101: "Charlie Silvera"
silvk101: "Ken Silvestri"
simaa101: "Al Sima"
simmc101: "Curt Simmons"
simpd101: "Duke Simpson"
simph101: "Harry Simpson"
singe101: "Elmer Singleton"
sisld101: "Dick Sisler"
sisld102: "Dave Sisler"
sists101: "Sibby Sisti"
skaud101: "Dave Skaugstad"
skinb101: "Bob Skinner"
skizl101: "Lou Skizas"
skowb101: "Bill Skowron"
slaue101: "Enos Slaughter"
sleal101: "Lou Sleater"
smalj101: "Jim Small"
smalr101: "Roy Smalley"
smita102: "Al Smith"
smitb104: "Bobby Smith"
smitb108: "Bob Smith"
smitb109: "Bob Smith"
smitb112: "Bill Smith"
smitd103: "Dick Smith"
smite108: "Earl Smith"
smitf104: "Frank Smith"
smith106: "Hal Smith"
smith108: "Hal Smith"
smitm102: "Milt Smith"
smitp104: "Paul Smith"
snidd101: "Duke Snider"
snydg102: "Gene Snyder"
snydj105: "Jerry Snyder"
snydr102: "Russ Snyder"
solim101: "Marcelino Solis"
sommb101: "Bill Sommers"
soucb101: "Bud Souchock"
spahw101: "Warren Spahn"
spana101: "Al Spangler"
speab101: "Bob Speake"
spend101: "Daryl Spencer"
speng102: "George Spencer"
spicb101: "Bob Spicer"
spook101: "Karl Spooner"
sprij102: "Jack Spring"
stalg103: "Gerry Staley"
stalv101: "Virgil Stallcup"
stane101: "Eddie Stanky"
stanj105: "Joe Stanka"
stard102: "Dick Starr"
stcle101: "Ebba St.Claire"
stepb102: "Bob Stephenson"
stepg101: "Gene Stephens"
stepv101: "Vern Stephens"
steve101: "Ed Stevens"
stevr101: "R Stevens"
stewb101: "Bud Stewart"
stewb102: "Bill Stewart"
stewb103: "Bunky Stewart"
stirs101: "Snuffy Stirnweiss"
stobc101: "Chuck Stobbs"
stocw101: "Wes Stock"
stond102: "Dean Stone"
strad101: "Dick Strahs"
strew101: "Walt Streuli"
strig102: "George Strickland"
strij102: "Jake Striker"
stril101: "Lou Stringer"
stuad101: "Dick Stuart"
stuam101: "Marlin Stuart"
stufp101: "Paul Stuffel"
stumj101: "Jim Stump"
sturt101: "Tom Sturdivant"
suchj101: "Jim Suchecki"
sudep101: "Pete Suder"
sullf101: "Frank Sullivan"
sullh101: "Haywood Sullivan"
sullr101: "Russ Sullivan"
sundg101: "Gordie Sundin"
surkm101: "Max Surkont"
suscg101: "George Susce"
swanr101: "Red Swanson"
swifb102: "Bob Swift"
szekj101: "Joe Szekely"
talbb101: "Bob Talbot"
tannc101: "Chuck Tanner"
tappe101: "El Tappe"
tappt101: "Ted Tappe"
tasbw101: "Willie Tasby"
tatel101: "Lee Tate"
tausd101: "Don Taussig"
taylb102: "Bill Taylor"
taylb106: "Ben Taylor"
taylf101: "Fred Taylor"
taylh101: "Harry Taylor"
taylh102: "Hawk Taylor"
taylh105: "Harry Taylor"
taylj103: "Joe Taylor"
taylp101: "Pete Taylor"
tayls102: "Sammy Taylor"
taylt101: "Tony Taylor"
tebbb101: "Birdie Tebbetts"
teedd101: "Dick Teed"
tempc101: "Chuck Templeton"
tempj101: "Johnny Temple"
terrr101: "Ralph Terry"
terww101: "Wayne Terwilliger"
testn101: "Nick Testa"
tettd101: "Dick Tettelbach"
thacm101: "Moe Thacker"
thieb101: "Bert Thiel"
thiej101: "Jake Thies"
thomb103: "Bud Thomas"
thomb105: "Bobby Thomson"
thomd102: "Don Thompson"
thomf103: "Frank Thomas"
thomg102: "George Thomas"
thomh103: "Hank Thompson"
thomj101: "Jocko Thompson"
thomk101: "Kite Thomas"
thoml102: "Leo Thomas"
thomt106: "Tim Thompson"
thomv101: "Valmy Thomas"
thorb101: "Bob Thorpe"
thorb102: "Bob Thorpe"
throf101: "Faye Throneberry"
throm101: "Marv Throneberry"
thurb101: "Bob Thurman"
tiefb101: "Bobby Tiefenauer"
tiptj101: "Joe Tipton"
tomad101: "Dick Tomanek"
torge101: "Earl Torgeson"
torrf102: "Frank Torre"
tremb101: "Bill Tremel"
triag101: "Gus Triandos"
tricb101: "Bob Trice"
trimj101: "Joe Trimble"
trosh102: "Hal Trosky"
troud101: "Dizzy Trout"
trouq101: "Quincy Trouppe"
trowb101: "Bob Trowbridge"
trucv101: "Virgil Trucks"
tsitj101: "John Tsitouris"
tuckt102: "Thurman Tucker"
turlb101: "Bob Turley"
turne101: "Earl Turner"
tuttb101: "Bill Tuttle"
umbrj101: "Jim Umbricht"
umpht101: "Tom Umphlett"
uprid101: "Dixie Upright"
uptob101: "Bill Upton"
uptot101: "Tom Upton"
urbaj101: "Jack Urban"
usheb101: "Bob Usher"
valdj102: "Jose Valdivielso"
valdr101: "Rene Valdez"
valeb101: "Benny Valenzuela"
valec101: "Corky Valentine"
valef101: "Fred Valentine"
valev101: "Vito Valentinetti"
valoe101: "Elmer Valo"
vanbo101: "Ozzie Van Brabant"
vancc101: "Chris VanCuyk"
vandf101: "Fred Van Dusen"
vandj101: "Johnny Vander Meer"
vannj101: "Jay VanNoy"
varga101: "Andy Varga"
vargr101: "Roberto Vargas"
varnb101: "Buck Varner"
vealc101: "Coot Veal"
verbe101: "Emil Verban"
verbg101: "Gene Verble"
verdf101: "Frank Verdi"
vernm101: "Mickey Vernon"
versz101: "Zoilo Versalles"
virdb101: "Bill Virdon"
virgo101: "Ozzie Virgil"
voisb101: "Bill Voiselle"
vollc101: "Clyde Vollmer"
wadeb101: "Ben Wade"
wadeg101: "Gale Wade"
wagnl101: "Leon Wagner"
wahlk101: "Kermit Wahl"
waite101: "Eddie Waitkus"
waked101: "Dick Wakefield"
walkh102: "Harry Walker"
walkj104: "Jerry Walker"
walkr101: "Rube Walker"
walll101: "Lee Walls"
wallm101: "Murray Wall"
walsj107: "Junior Walsh"
waltb102: "Bucky Walters"
wardp101: "Preston Ward"
watef101: "Fred Waters"
watln101: "Neal Watlington"
waugj101: "Jim Waugh"
weatr101: "Roy Weatherly"
websr101: "Ray Webster"
wehmh101: "Herm Wehmeier"
weikd101: "Dick Weik"
wellb101: "Bob Wellman"
weltd101: "Dick Welteroth"
werlb101: "Bill Werle"
werlg101: "George Werley"
wertv101: "Vic Wertz"
westj101: "Jim Westlake"
westw101: "Wes Westrum"
westw102: "Wally Westlake"
wheal101: "Lee Wheat"
whisp101: "Pete Whisenant"
whitb105: "Bill White"
whitc101: "Charlie White"
whitd103: "Dick Whitman"
white106: "Ed White"
whith101: "Hal White"
whits103: "Sammy White"
widma101: "Al Widmar"
wieat101: "Ted Wieand"
wiesb101: "Bob Wiesler"
wighb101: "Bill Wight"
wilbd101: "Del Wilber"
wilhh101: "Hoyt Wilhelm"
wilhs101: "Spider Wilhelm"
wilkt101: "Ted Wilks"
willb104: "Billy Williams"
willb106: "Bob Will"
willc104: "Carl Willey"
willd102: "Davey Williams"
willd104: "Dick Williams"
willd108: "Don Williams"
willj104: "Jim Willis"
willm102: "Maury Wills"
wills102: "Stan Williams"
willt102: "Ted Wills"
willt103: "Ted Williams"
wilsa101: "Artie Wilson"
wilsa103: "Archie Wilson"
wilsb103: "Bill Wilson"
wilsb104: "Bob Wilson"
wilsd101: "Duane Wilson"
wilse102: "Earl Wilson"
wilsg101: "George Wilson"
wilsj104: "Jim Wilson"
wilsr102: "Red Wilson"
wince101: "Ed Winceniak"
windg101: "Gordie Windhorn"
wisec101: "Casey Wise"
wittr101: "Red Witt"
wojep101: "Pete Wojey"
wolfe101: "Ed Wolfe"
woodg101: "Gene Woodling"
woodh101: "Hal Woodeshick"
woodj103: "Jim Woods"
woodk101: "Ken Wood"
woolf101: "Floyd Wooldridge"
workh101: "Hank Workman"
worta101: "Al Worthington"
wrige101: "Ed Wright"
wrigm101: "Mel Wright"
wrigr101: "Roy Wright"
wrigt101: "Tom Wright"
wynne101: "Early Wynn"
wyroj101: "Johnny Wyrostek"
wyseh101: "Hank Wyse"
yewct101: "Tom Yewcic"
yochl101: "Len Yochim"
yoste101: "Eddie Yost"
younb101: "Bobby Young"
yound101: "Dick Young"
yuhae101: "Eddie Yuhas"
yvars101: "Sal Yvars"
zannd101: "Dom Zanni"
zaria101: "Al Zarilla"
zaucn101: "Norm Zauchin"
zerng101: "Gus Zernial"
zickb101: "Bob Zick"
zimmd101: "Don Zimmer"
zolds101: "Sam Zoldak"
zupof101: "Frank Zupo"
zuveg101: "George Zuverink"
