adaij102: "Jimmy Adair"
adamb101: "Buster Adams"
adamb102: "Bob Adams"
adams101: "Sparky Adams"
aderm101: "Morrie Aderholt"
akerb101: "Bill Akers"
alexd101: "Dale Alexander"
alexg102: "Grover Clevelan Alexander"
alexh101: "Hugh Alexander"
alleb102: "Bob Allen"
allee101: "Ethan Allen"
allej102: "Johnny Allen"
almam101: "Mel Almada"
amblw101: "Wayne Ambler"
andeh102: "Hal Anderson"
ander102: "Red Anderson"
andrb101: "Bill Andrus"
andri101: "Ivy Andrews"
andrn101: "Nate Andrews"
andrs101: "Stan Andrews"
appll101: "Luke Appling"
applp101: "Pete Appleton"
archf101: "Fred Archer"
archg101: "George Archie"
arleb101: "Buzz Arlett"
armbo101: "Orville Armbrust"
arnom101: "Morrie Arnovich"
asbej101: "Jim Asbell"
asbjc101: "Casper Asbjornson"
ash-k101: "Ken Ash"
atwob101: "Bill Atwood"
aukee101: "Elden Auker"
autrc102: "Chick Autry"
avere101: "Earl Averill"
babij101: "Johnny Babich"
badgr101: "Red Badgro"
baece101: "Ed Baecht"
bagbj102: "Jim Bagby"
bakea101: "Al Baker"
baket103: "Tom Baker"
balam101: "Mike Balas"
bancd101: "Dave Bancroft"
barbd101: "Dave Barbee"
barkr101: "Red Barkley"
barnb102: "Babe Barna"
barnf101: "Frank Barnes"
barng101: "George Barnicle"
barnj101: "Junie Barnes"
barnl101: "Les Barnhart"
barnr104: "Red Barnes"
barrb103: "Bob Barr"
barrb105: "Bill Barrett"
barrd101: "Dick Barrett"
barrr101: "Red Barrett"
bartd101: "Dick Bartell"
barti101: "Irv Bartling"
bartl101: "Les Bartholomew"
bartv101: "Vince Barton"
bashw101: "W Bashore"
bassd102: "Dick Bass"
bateb101: "Bud Bates"
bauer101: "Russ Bauers"
baynb101: "Bill Bayne"
beanb101: "Belve Bean"
beckb103: "Bill Beckmann"
beckb104: "Boom-boom Beck"
beckc101: "Clyde Beck"
beckj102: "Joe Becker"
bedna101: "Andy Bednar"
beggj101: "Joe Beggs"
bejmo101: "Ollie Bejma"
bellb102: "Beau Bell"
bellf102: "Fern Bell"
bellh101: "Hi Bell"
belll101: "Les Bell"
benej101: "Joe Benes"
bengb101: "Benny Bengough"
bengr101: "Ray Benge"
benjs101: "Stan Benjamin"
bennf101: "Fred Bennett"
bensa101: "Allen Benson"
benta101: "Al Benton"
bentl101: "Larry Benton"
beraj101: "Johnny Berardino"
bergb101: "Boze Berger"
bergm103: "Moe Berg"
bergw101: "Wally Berger"
berlj101: "Jack Berly"
berrc103: "Charlie Berry"
berrr101: "Ray Berres"
bertl101: "Lefty Bertrand"
betth101: "Huck Betts"
bettl101: "Larry Bettencourt"
biggc101: "Charlie Biggs"
bilde101: "Emil Bildilli"
birkr101: "Ralph Birkofer"
bishm102: "Max Bishop"
bissd101: "Del Bissonette"
bivij101: "Jim Bivin"
bladr102: "Ray Blades"
blaeg101: "George Blaeholder"
blaif101: "F Blair"
blakl101: "Linc Blakely"
blaks101: "Sheriff Blake"
blana101: "Al Blanche"
blanc101: "Cy Blanton"
blant101: "Ted Blankenship"
blooj101: "Jimmy Bloodworth"
bluel101: "Lu Blue"
blueo101: "Otto Bluege"
blueo102: "Ossie Bluege"
bocem101: "Milt Bocek"
boerl101: "Larry Boerner"
bokeb101: "Bob Boken"
bokij101: "Joe Bokina"
bolae101: "Ed Boland"
bolej101: "Joe Boley"
boles101: "Stew Bolen"
bollj101: "Jack Bolling"
boltc101: "Cliff Bolton"
bonej101: "Julio Bonetti"
bongn101: "Nino Bongiovanni"
bonuz101: "Zeke Bonura"
boola101: "Al Bool"
booni101: "Ike Boone"
bordf101: "Frenchy Bordagaray"
bossh101: "Harley Boss"
bottj101: "Jim Bottomley"
bottj102: "J Bottraini"
boudl101: "Lou Boudreau"
bowes102: "Stew Bowers"
bowlg101: "Grant Bowler"
bowmb103: "Bob Bowman"
bowmj101: "Joe Bowman"
boylb101: "Buzz Boyle"
boylh101: "Harry Boyles"
bracg101: "Gibby Brack"
brama101: "Art Bramhall"
brame101: "Erv Brame"
brana101: "Al Brancato"
brane101: "Ed Brandt"
braxg101: "Garland Braxton"
bremh101: "H Bremer"
brenb101: "Bill Brenzel"
brend101: "Don Brennan"
bresr101: "Rube Bressler"
bricf101: "Fred Brickell"
bridt101: "Tommy Bridges"
brilj101: "J Bril"
britg102: "Gus Brittain"
broaj101: "Johnny Broaca"
browb106: "Bob Brown"
browc103: "Clint Brown"
browe104: "Earl Browne"
browj107: "Jimmy Brown"
browj110: "Jumbo Brown"
browl101: "Lloyd Brown"
browl105: "Lindsay Brown"
browl106: "Louis Brower"
browm103: "Mace Brown"
brubb101: "Bill Brubaker"
bruce101: "Earle Brucker"
brunr101: "Roy Bruner"
bryac101: "Clay Bryant"
buchj101: "Jim Bucher"
bullr101: "Red Bullock"
burkb102: "Bobby Burke"
burke102: "Elmer Burkart"
burnj105: "Jack Burns"
burnj108: "Johnny Burnett"
bushf101: "F Bushey"
bushg101: "Guy Bush"
butcm101: "Max Butcher"
butlc101: "Charlie Butler"
buxtr101: "Ralph Buxton"
byrds101: "Sammy Byrd"
cafet101: "Tom Cafego"
cains101: "Sugar Cain"
caitg101: "George Caithamer"
caldb101: "Bruce Caldwell"
calde101: "Earl Caldwell"
callj102: "Joe Callahan"
callm101: "Marty Callaghan"
camid102: "Dolph Camilli"
campa102: "Archie Campbell"
campb102: "Bruce Campbell"
campg101: "Gilly Campbell"
cantb102: "Ben Cantwell"
cantg101: "Guy Cantrell"
carap101: "Pat Caraway"
caret102: "Tom Carey"
carlh101: "Hal Carlson"
carlt101: "Tex Carleton"
carra101: "Alex Carrasquel"
carro101: "Ownie Carroll"
carsk101: "Kit Carson"
carts101: "Sol Carter"
cascj101: "Joe Cascarella"
caseg101: "George Case"
caseh101: "Hugh Casey"
castg101: "George Caster"
casts101: "Slick Castleman"
cavap101: "Phil Cavarretta"
chagl101: "Leon Chagnon"
chamb103: "Bill Chamberlain"
chamj101: "Johnnie Chambers"
chamj102: "Joe Chamberlain"
chans101: "Spud Chandler"
chapb102: "Ben Chapman"
chapc101: "Calvin Chapman"
chape101: "Ed Chapman"
chapf102: "Fred Chapman"
chapg101: "Glenn Chapman"
chaps101: "Sam Chapman"
chapt101: "Tiny Chaplin"
chask101: "Ken Chase"
chatb101: "Buster Chatham"
cheli101: "I Chelim"
cherp101: "Paul Chervinko"
chilh101: "Harry Child"
chiod101: "Dino Chiozza"
chiol101: "Lou Chiozza"
chozh101: "Harry Chozen"
chrim102: "Mark Christman"
cicej101: "Joe Cicero"
cihoe101: "Ed Cihocki"
cisag101: "G Cisar"
cissb101: "Bill Cissell"
clanb101: "Bud Clancy"
clarc101: "Cap Clark"
clare103: "Earl Clark"
clars101: "Stu Clarke"
clarw101: "Watty Clark"
clasg101: "Gowell Claset"
clemb101: "Bill Clemensen"
clemc102: "Chet Clemens"
cliff101: "Flea Clifton"
clifh101: "Harlond Clift"
cobld101: "Dave Coble"
cochm101: "Mickey Cochrane"
coffd101: "Dick Coffman"
coffs101: "Slick Coffman"
cohea102: "Alta Cohen"
cohes101: "Syd Cohen"
colee101: "Ed Cole"
colee102: "Ed Coleman"
colle101: "Eddie Collins"
colle102: "Eddie Collins"
collh104: "Hap Collard"
collo102: "Orlin Collier"
collp102: "Phil Collins"
collr101: "Ripper Collins"
collr104: "Rip Collins"
combe101: "Earle Combs"
comoa101: "Adam Comorosky"
conlj102: "Jocko Conlan"
connb104: "Bruce Connatser"
conne101: "Ed Connolly"
conng101: "Gene Connell"
connm101: "Merv Connors"
conns101: "Sarge Connally"
conrb101: "Bill Conroy"
cookd102: "Dusty Cooke"
coomb101: "Bobby Coombs"
coonb102: "Bob Cooney"
coonj101: "Johnny Cooney"
coopm101: "Mort Cooper"
copph101: "Henry Coppola"
corbg101: "Gene Corbett"
coscj101: "Joe Coscarart"
coscp101: "Pete Coscarart"
cox-b102: "Bill Cox"
crabe101: "Estel Crabtree"
crafh101: "Harry Craft"
cragh101: "Howard Craghead"
cramd102: "Doc Cramer"
crawl101: "Larry Crawford"
crawp101: "Pat Crawford"
creep101: "Pat Creeden"
cresc101: "Creepy Crespi"
crith101: "Hughie Critz"
cromh101: "Herb Crompton"
cronb101: "Bill Cronin"
cronj101: "Joe Cronin"
crosf103: "Frankie Crosetti"
croub101: "Buck Crouse"
croub103: "Bill Crouch"
crouf101: "Frank Croucher"
crouj101: "Jack Crouch"
crowg102: "General Crowder"
cucca101: "Al Cuccinello"
cucct101: "Tony Cuccinello"
culld101: "Dick Culler"
culln102: "Nick Cullop"
cullr101: "Roy Cullenbine"
cunnb104: "Bruce Cunningham"
cunnr101: "Ray Cunningham"
cuylk101: "Kiki Cuyler"
daglp101: "Pete Daglia"
dahlb101: "Babe Dahlgren"
dalld101: "Dom Dallessandro"
danij101: "Jake Daniel"
dannh101: "Harry Danning"
darrg101: "George Darrow"
daugb101: "Bob Daughters"
davic103: "Curt Davis"
davih103: "Harry Davis"
davik101: "Kiddo Davis"
davip101: "Peaches Davis"
davis101: "Spud Davis"
daviw101: "Woody Davis"
day-c101: "Clyde Day"
deall101: "Lindsay Deal"
deanc101: "Chubby Dean"
deand102: "Dizzy Dean"
deanp101: "Paul Dean"
debeh101: "Hank DeBerry"
deder101: "Rod Dedeaux"
delab102: "Bill DeLancey"
delke101: "Eddie Delker"
delmb101: "Bert Delmas"
demaf102: "Frank Demaree"
derrp101: "Paul Derringer"
desag101: "Gene Desautels"
deshj101: "Jimmie DeShong"
detog101: "George Detore"
devec101: "Charlie Devens"
dickb101: "Bill Dickey"
dicke101: "Emerson Dickman"
dickg101: "George Dickey"
dickj102: "Johnny Dickshot"
dietb101: "Bill Dietrich"
diggr101: "Reese Diggs"
dimaj101: "Joe DiMaggio"
dimav101: "Vince DiMaggio"
dobej101: "Jess Dobernic"
dobsj101: "Joe Dobson"
doerb101: "Bobby Doerr"
doljf101: "Frank Doljack"
dolla101: "Art Doll"
donaa101: "Atley Donald"
donop102: "Pete Donohue"
doutt101: "Taylor Douthit"
doylc102: "Carl Doyle"
doylj105: "Jess Doyle"
drakt101: "Tom Drake"
dreeb101: "Bill Dreesen"
dresc101: "Chuck Dressen"
dudlc101: "Clise Dudley"
dugag101: "Gus Dugas"
dugaj101: "Joe Dugan"
dunlb101: "Bill Dunlap"
durhe101: "Ed Durham"
durol101: "Leo Durocher"
dursc101: "Cedric Durst"
dwyej101: "Joseph Dwyer"
dykej101: "Jimmy Dykes"
earlj101: "Jake Early"
earlt101: "Thomas Earley"
earng101: "George Earnshaw"
eastp101: "Paul Easterling"
eavev101: "Vallie Eaves"
echoj101: "Johnny Echols"
eckea101: "Al Eckert"
eckho101: "Ox Eckhardt"
edele101: "Ed Edelen"
edwaf101: "Foster Edwards"
edwas101: "Sherman Edwards"
ehmkh101: "Howard Ehmke"
eichi101: "Ike Eichrodt"
eiseh101: "Harry Eisenstat"
ellib103: "Bob Elliott"
ellih102: "Hal Elliott"
ellij103: "Jumbo Elliott"
englc101: "Charlie English"
englc102: "Charlie Engle"
englg101: "Gil English"
englw101: "Woody English"
eppea101: "Al Epperly"
eppsa101: "Aubrey Epps"
eppsh101: "Hal Epps"
erich101: "Hank Erickson"
ericr102: "Ralph Erickson"
errid101: "Dick Errickson"
estab101: "Bobby Estallela"
etten101: "Nick Etten"
evana101: "Al Evans"
evana102: "Art Evans"
evanr101: "Red Evans"
faber101: "Red Faber"
falkb101: "Bibb Falk"
falle101: "Ed Fallenstein"
fallg101: "George Fallon"
farrd101: "Doc Farrell"
faulj101: "Jim Faulkner"
fehrb101: "Bill Fehring"
feine101: "Eddie Feinberg"
fellb101: "Bob Feller"
ferrb102: "B Ferrazzi"
ferrr101: "Rick Ferrell"
ferrw101: "Wes Ferrell"
fettl101: "Lou Fette"
fiebc101: "Clarence Fieber"
fillm101: "Marc Filley"
finkh101: "Herman Fink"
finnh101: "Hal Finney"
finnl101: "Lou Finney"
finnn101: "Neal Finn"
fiscc101: "Carl Fischer"
fishs101: "Showboat Fisher"
fitzf101: "Freddie Fitzsimmons"
fitzr101: "Ray Fitzgerald"
flagi101: "Ira Flagstead"
fleml101: "Les Fleming"
flete101: "Elbie Fletcher"
flohm101: "Mort Flohr"
flowj101: "Jake Flowers"
flyts101: "Stu Flythe"
fonsl101: "Lew Fonseca"
fordg102: "Gene Ford"
fordh101: "Hod Ford"
fordw103: "William Ford"
fothb101: "Bob Fothergill"
fox-p102: "Pete Fox"
foxxj101: "Jimmie Foxx"
franf101: "Fred Frankhouse"
franh101: "Herman Franks"
frasv101: "Vic Frasier"
fredj101: "Johnny Frederick"
freit101: "Tony Freitas"
frenl101: "Larry French"
freyb101: "Benny Frey"
freyl101: "Lonny Frey"
fribb101: "Bernie Friberg"
frieb104: "Bob Friedrich"
frinf101: "Fred Frink"
frisf101: "Frankie Frisch"
fullc101: "Chick Fullis"
fullc102: "Curt Fullerton"
funkl101: "Liz Funk"
gablf101: "Frank Gabler"
gabrl101: "Len Gabrielson"
gafff101: "Fabian Gaffke"
galaa101: "Augie Galan"
galam101: "Milt Galatzer"
galed101: "Denny Galehouse"
galle101: "Ed Gallagher"
gallj103: "Joe Gallagher"
gallp101: "Phil Gallivan"
galvj102: "Jim Galvin"
gambl101: "Lee Gamble"
gantj101: "Joe Gantenbein"
garbb102: "Bob Garbark"
gardr102: "Ray Gardner"
garia101: "Art Garibaldi"
garll101: "Lou Garland"
garmd101: "Debs Garms"
garrh101: "Hank Garrity"
gastm101: "Milt Gaston"
gauts101: "Sid Gautreaux"
gedej102: "Elmer Gedeon"
gee-j101: "Johnny Gee"
gehrc101: "Charlie Gehringer"
gehrl101: "Lou Gehrig"
gehrp101: "P Gehrman"
gelbc101: "Charlie Gelbert"
genej101: "Joe Genewich"
georg101: "Greek George"
georo101: "Oscar Georgy"
gerab101: "Ben Geraghty"
gerlj101: "J Gerl"
gharp101: "Pat Gharrity"
gibss101: "Sam Gibson"
gickg101: "George Gick"
giebf101: "Floyd Giebell"
gilbw101: "Wally Gilbert"
gillg103: "George Gill"
gillj105: "Johnny Gill"
giult101: "Tony Giulani"
gleej101: "Jim Gleeson"
glenj101: "Joe Glenn"
glias101: "Sal Gliatto"
glosa101: "Al Glossop"
goldi101: "Izzy Goldstein"
goldj101: "Jonah Goldman"
gomec101: "Chile Gomez"
gomel102: "Lefty Gomez"
gonzj103: "Joe Gonzales"
gonzm101: "Mike Gonzalez"
goocj101: "Johnny Gooch"
goodi101: "Ival Goodman"
gordj101: "Joe Gordon"
gormh101: "Howie Gorman"
gormt101: "Tom Gorman"
goslg101: "Goose Goslin"
gowdh101: "Hank Gowdy"
graba101: "Al Grabowski"
grabj101: "Johnny Grabowski"
grabr101: "Reggie Grabowski"
grace101: "Earl Grace"
gracj101: "Joe Grace"
grahs102: "Skinny Graham"
grang101: "George Grant"
grang102: "George Grantham"
graym101: "Milt Gray"
grays102: "Sam Gray"
greeh101: "Harvey Green"
greeh102: "Hank Greenberg"
gregp101: "Paul Gregory"
grimb101: "Burleigh Grimes"
grimc101: "Charlie Grimm"
grime101: "Ed Grimes"
grimo101: "Oscar Grimes"
grisl101: "Lee Grissom"
grosh102: "Howdie Groskloss"
grovl101: "Lefty Grove"
grubf101: "Frank Grube"
gryss101: "Sig Gryska"
gudam101: "Marv Gudat"
guerm102: "Mike Guerra"
gullt101: "Ted Gullic"
gumbh101: "Harry Gumbert"
gumpr101: "Randy Gumpert"
gustf101: "Frankie Gustine"
guttd101: "Don Gutteridge"
gysed101: "Dick Gyselman"
haasb102: "Bert Haas"
haasm101: "Mule Haas"
hacks101: "Stan Hack"
hadlb101: "Bump Hadley"
hafeb101: "Bud Hafey"
hafec101: "Chick Hafey"
hafet101: "Tom Hafey"
haidh101: "H Haid"
hainj101: "Jesse Haines"
haleo101: "Odell Hale"
hales101: "Sammy Hale"
hallb104: "Bill Hallahan"
hamll101: "Luke Hamlin"
handl101: "Lee Handley"
hannl101: "Loy Hanning"
hanss101: "Snipe Hansen"
hardm101: "Mel Harder"
hargb101: "Bubbles Hargrave"
hargc101: "Charlie Hargreaves"
hargp101: "Pinky Hargrave"
harrb105: "Bill Harris"
harrb106: "Bucky Harris"
harrb109: "Bob Harris"
harrd101: "Dave Harris"
harrh101: "H Harris"
harrr103: "Ray Harrell"
harrs102: "Spencer Harris"
harss101: "Sam Harshany"
hartc101: "Chris Hartje"
hartg102: "Grover Hartley"
hartg103: "Gabby Hartnett"
haslm101: "Mickey Haslin"
hassb101: "Buddy Hassett"
hassg101: "Gene Hasson"
hassj101: "Joe Hassler"
hattc101: "C Hatter"
hayef101: "Frankie Hayes"
hayej101: "Jackie Hayes"
hayej103: "Jim Hayes"
haynj101: "Joe Haynes"
haywr101: "Ray Hayworth"
healf101: "Francis Healy"
heatc101: "Cliff Heathcote"
heatj101: "Jeff Heath"
heatm101: "Mickey Heath"
heatt101: "Tom Heath"
hebew101: "Wally Hebert"
heffd101: "Don Heffner"
heilh101: "Harry Heilmann"
heimf101: "Fred Heimach"
heink101: "Ken Heintzelman"
helfh101: "Hank Helf"
hemsr101: "Rollie Hemsley"
hendb102: "Bill Henderson"
hendh101: "Harvey Hendrick"
henlb101: "Butch Henline"
henng101: "George Hennessey"
henrd101: "Dutch Henry"
henrj103: "Jim Henry"
henrt101: "Tommy Henrich"
hensp101: "P Hensiek"
hensr101: "Roy Henshaw"
hermb101: "Billy Herman"
hermb102: "Babe Herman"
herra101: "Art Herring"
herrl101: "Leroy Herrmann"
hersw101: "Willard Hershberger"
heuse101: "Ed Heusser"
hevij101: "Joe Heving"
hevij102: "Johnny Heving"
higbk101: "Kirby Higbe"
higgm101: "Mike Higgins"
higha101: "Andy High"
hilcw101: "Whitey Hilcher"
hildo101: "Oral Hildebrand"
hillc102: "Carmen Hill"
hillj102: "Jesse Hill"
hillo101: "Oliver Hill"
hinkg101: "Gordie Hinkle"
hitcj101: "Jim Hitchcock"
hoagm101: "Myril Hoag"
hockg101: "G Hockette"
hocko101: "Oris Hockett"
hodaj101: "Johnny Hodapp"
hodgr101: "Ralph Hodgin"
hoffb101: "Bill Hoffman"
hogas101: "Shanty Hogan"
hoggb103: "Bert Hogg"
hogsc101: "Chief Hogsett"
holbs101: "S Holbrook"
holdj102: "Joe Holden"
holla101: "Al Hollingsworth"
hollb105: "Bill Holland"
holld101: "Dutch Holland"
holle101: "Ed Holley"
hollk101: "Ken Holloway"
holmw101: "Wattie Holm"
holsh101: "Herm Holshouser"
hooka101: "A Hooker"
hopkm102: "Marty Hopkins"
hoppj102: "Johnny Hopp"
hornr101: "Rogers Hornsby"
hoytw101: "Waite Hoyt"
hubbc101: "Carl Hubbell"
hubeo101: "Otto Huber"
hucke101: "Earl Huckleberry"
hudlw101: "Willis Hudlin"
hudsj101: "Johnny Hudson"
huffb101: "Ben Huffman"
hughr101: "Roy Hughes"
hught104: "Tom Hughes"
humpb103: "Bill Humphreys"
humpj101: "Johnny Humphries"
hungb101: "Bernie Hungling"
hunnb101: "Bill Hunnefield"
hunte101: "Eddie Hunter"
huntj102: "Joel Hunt"
hursd101: "Don Hurst"
hustw101: "Warren Huston"
hutcf101: "Fred Hutchinson"
hutci101: "Ira Hutchinson"
hutcj102: "Joe Hutcheson"
jackj102: "John Jackson"
jackt101: "Travis Jackson"
jacoa101: "Art Jacobs"
jacob102: "Bucky Jacobs"
jakus101: "Sig Jakucki"
jameb104: "Bernie James"
jamic101: "Charlie Jamieson"
jeffg101: "George Jeffcoat"
jeffi101: "Irv Jeffries"
jenkt101: "Tom Jenkins"
jensw102: "Woody Jensen"
johnb102: "Bob Johnson"
johnf101: "Fred Johnson"
johnh101: "Hank Johnson"
johnl102: "Lloyd Johnson"
johnr102: "Roy Johnson"
johns101: "Syl Johnson"
johns103: "Si Johnson"
joinr101: "Roy Joiner"
jolls101: "Smead Jolley"
jonea101: "Art Jones"
jonej103: "John Jones"
jonek101: "Ken Jones"
jonep101: "Percy Jones"
jones104: "Sam Jones"
joose101: "Eddie Joost"
jordb101: "Buck Jordan"
jordj101: "Jimmy Jordan"
jorga101: "Art Jorgens"
jorgo101: "Orville Jorgens"
jorgp101: "P Jorgensen"
joycb102: "Bob Joyce"
juddr101: "Ralph Judd"
judgj101: "Joe Judge"
judyl101: "Lyle Judy"
juelr101: "Red Juelich"
jungk101: "Ken Jungels"
jurgb101: "Billy Jurges"
kahlb101: "Bob Kahle"
kahno101: "Owen Kahn"
kalfb101: "Bill Kalfass"
kammw101: "Willie Kamm"
kampa101: "Alex Kampouris"
kanet101: "Tom Kane"
kardp101: "Paul Kardow"
kauft101: "T Kaufman"
keesj101: "Jim Keesey"
kellc101: "Charlie Keller"
kellg101: "George Kelly"
kellh101: "H Kell"
kellh104: "Hal Kelleher"
kellr104: "Red Kellett"
keltk101: "Ken Keltner"
kenna101: "Art Kenney"
kennb104: "Bob Kennedy"
kennv101: "Vern Kennedy"
kerkb101: "Bill Kerksieck"
kerrj102: "John Kerr"
kimbh101: "Harry Kimberlin"
kimbn101: "Newt Kimball"
kimsc101: "Chad Kimsey"
kingl102: "Lynn King"
kingw101: "Wes Kingdon"
kinzh101: "Harry Kinzy"
klaeh101: "Hugo Klaerner"
kleic101: "Chuck Klein"
klein101: "Nub Kleinke"
kleit101: "Ted Kleinhans"
klinb101: "Bob Klinger"
klinb103: "Bob Kline"
klinj102: "Joe Klinger"
klozn101: "Nap Kloza"
klume101: "Elmer Klumpp"
knicb101: "Bill Knickerbocker"
knotf101: "Fritz Knothe"
knotg101: "George Knothe"
knotj102: "Jack Knott"
koenl101: "Len Koenecke"
koenm101: "Mark Koenig"
kohlj101: "Joe Kohlman"
kolpr101: "Ray Kolp"
kostf102: "Fred Koster"
koupl101: "Lou Koupal"
kowaf101: "Fabian Kowalik"
koy-e101: "Ernie Koy"
kracj101: "Joe Kracher"
krakj101: "Joe Krakauskas"
kramj101: "Jack Kramer"
kraul101: "Lew Krausse"
kreem101: "Mike Kreevich"
kremr101: "Ray Kremer"
kresr101: "Red Kress"
krish101: "Howie Krist"
kronj101: "John Kroner"
kuhej101: "Joe Kuhel"
laabc101: "Chet Laabs"
lagge101: "Ed Lagger"
lakee101: "Eddie Lake"
lamaf101: "Frank Lamanske"
lamaw101: "Wayne LaMaster"
lanad101: "Dick Lanahan"
landj102: "Jesse Landrum"
langd102: "Don Lang"
langm101: "Marty Lang"
lanim101: "Max Lanier"
lannj101: "Johnny Lanning"
larss101: "Swede Larsen"
laryl101: "Lyn Lary"
lavac101: "Cookie Lavagetto"
lawrb101: "Bill Lawrence"
lawsr101: "Roxie Lawson"
lazzt101: "Tony Lazzeri"
leacf101: "Freddy Leach"
lee-b103: "Bill Lee"
lee-h101: "Hal Lee"
lee-t101: "Thornton Lee"
lefeb101: "Bill LeFebvre"
legel101: "Lou Legett"
leher101: "Regis Leheny"
leibh101: "Hank Leiber"
leipe101: "Ed Leip"
leond103: "Dutch Leonard"
lesls101: "Sam Leslie"
letcc101: "Charlie Letchas"
levej101: "Jim Levey"
lewib101: "Bill Lewis"
lewib103: "Buddy Lewis"
liebd101: "Dutch Lieber"
liebg102: "Glenn Liebhardt"
lillb102: "Bill Lillard"
lillg101: "Gene Lillard"
lindc104: "Carl Lind"
lindf101: "Freddy Lindstrom"
lindj102: "Jim Lindsey"
linke101: "Ed Linke"
lipsn101: "Nig Lipscomb"
liseh101: "Hod Lisenbee"
liska101: "Ad Liska"
livew101: "Wes Livengood"
lodid101: "Dario Lodigiani"
loepg101: "George Loepp"
logab101: "Bob Logan"
lohrb101: "Bill Lohrman"
lombe101: "Ernie Lombardi"
lopea102: "Al Lopez"
lubyh101: "Hal Luby"
lucaf101: "Fred Lucas"
lucaj101: "Johnny Lucas"
lucaj102: "Johnny Lucadello"
lucar101: "Ray Lucas"
lucar102: "Red Lucas"
luqud101: "Dolf Luque"
lynnj101: "Jerry Lynn"
lynnr101: "Red Lynn"
lyont102: "Ted Lyons"
macfd101: "Danny MacFayden"
mackr101: "Ray Mack"
macom101: "Max Macon"
madje101: "Ed Madjeski"
maggh101: "Harl Maggert"
maguf101: "Freddie Maguire"
mahar101: "Roy Mahaffey"
mahoa101: "Al Mahon"
maile101: "Emil Mailho"
majeh101: "Hank Majeski"
makof101: "F Makosky"
malaj101: "Joe Malay"
malic101: "Cy Malis"
malit101: "Tony Malinosky"
malll101: "Les Mallon"
malop103: "Pat Malone"
mancg101: "Gus Mancuso"
mangl101: "Leo Mangum"
manic101: "Clyde Manion"
manuh101: "Heinie Manush"
maplh101: "Howard Maple"
marar101: "Rabbit Maranville"
marbf101: "Firpo Marberry"
marcj101: "Johnny Marcum"
marir102: "Red Marion"
marqo101: "Ollie Marquardt"
marrb101: "Buck Marrow"
marsb101: "Bill Marshall"
marse101: "Ed Marshall"
marth101: "Hersh Martin"
martj102: "Joe Marty"
martj105: "Joe Martin"
martp103: "Pepper Martin"
marts103: "Stu Martin"
martw101: "Wedo Martini"
masip101: "Phil Masi"
mastw101: "Walt Masterson"
mastw102: "Walt Masterson"
mattb101: "Bobby Mattick"
matte101: "Earl Mattingly"
matuh101: "Harry Matuzak"
maulm101: "Mark Mauldin"
may-j102: "Jakie May"
may-p101: "Pinky May"
mayoe101: "Eddie Mayo"
mazzm101: "Mel Mazzera"
mcafb101: "Bill McAfee"
mccaj104: "Johnny McCarthy"
mcclj102: "Jim McCloskey"
mcclp101: "Pete McClanahan"
mccoa103: "Alex McColl"
mccob101: "Barney McCosky"
mccob102: "Benny McCoy"
mccof101: "Frank McCormick"
mccrl101: "Les McCrabb"
mccuh101: "Harry McCurdy"
mcdoh101: "Hank McDonald"
mcevl101: "Lou McEvoy"
mcgeb101: "Bill McGee"
mcged102: "Dan McGee"
mcgob101: "Beauty McGowan"
mckaa101: "Archie McKain"
mckah101: "Hal McKain"
mcket101: "Tim McKeithan"
mclaa101: "Art McLarney"
mclaj101: "Jud McLaughlin"
mclaj102: "Jim McLaughlin"
mclap102: "Pat McLaughlin"
mclea101: "Al McLean"
mclej101: "Jim McLeod"
mcler101: "Ralph McLeod"
mcmam101: "Marty McManus"
mcnab101: "Bob McNamara"
mcnae101: "Eric McNair"
mcnag102: "Gordon McNaughton"
mcnee101: "Earl McNeely"
mcqug101: "George McQuinn"
mcqug102: "Glenn McQuillen"
mcquj101: "Jerry McQuaig"
mcwed101: "Doug McWeeny"
mcwib101: "Bill McWilliams"
medwj101: "Joe Medwick"
meinh101: "Heinie Meine"
meled101: "Dutch Mele"
melis101: "Ski Melillo"
meltc101: "Cliff Melton"
meolm101: "Mike Meola"
meres101: "Spike Merena"
mesns101: "Steve Mesner"
metza101: "Alex Metzler"
meusb101: "Bob Meusel"
meyed101: "Dutch Meyer"
meyeg101: "George Meyer"
michj102: "John Michaels"
midkd101: "Dick Midkiff"
mihaj101: "John Mihalic"
miled101: "Dee Miles"
millb108: "Buster Mills"
millb110: "Bing Miller"
mille104: "Eddie Miller"
millj109: "Jake Miller"
millj110: "John Milligan"
milll102: "Lefty Mills"
millo102: "Otto Miller"
millw102: "Wally Millies"
milna101: "Al Milnar"
mitcc102: "Clarence Mitchell"
mizej101: "Johnny Mize"
monab101: "Blas Monaco"
monte101: "Ed Montague"
montr101: "Rene Monteagudo"
moonj101: "Jim Mooney"
moonl101: "Leo Moon"
moorc101: "Cy Moore"
moorc103: "Carlos Moore"
moord101: "Dee Moore"
moore101: "Euel Moore"
moore102: "Eddie Moore"
moorg104: "Gene Moore"
moorj103: "Jo-jo Moore"
moorj104: "Johnny Moore"
moorj106: "Jimmy Moore"
moorj107: "Jim Moore"
moorr103: "Randy Moore"
moort102: "Terry Moore"
moorw101: "Wilcy Moore"
moorw102: "Whitey Moore"
mootj101: "Jake Mooty"
morah103: "Hiker Moran"
morgc103: "Chet Morgan"
morge101: "Eddie Morgan"
morge102: "Ed Morgan"
morie101: "Ed Moriarty"
morrb101: "Bill Morrell"
morrd101: "Doyt Morris"
morre102: "Ed Morris"
morrj102: "Jo-Jo Morrissey"
morrj105: "Johnny Morrison"
mosea101: "Arnie Moser"
mosew101: "Wally Moses"
mosoj101: "Jim Mosolf"
mossc101: "Charlie Moss"
mossm101: "Mal Moss"
mossr101: "Ray Moss"
mowrj101: "Joe Mowry"
muelh101: "Heinie Mueller"
muelh102: "Heinie Mueller"
muelr101: "Ray Mueller"
mulch101: "Hugh Mulcahy"
mullf101: "Freddie Muller"
mullg101: "Greg Mulleavy"
mullj101: "Joe Mulligan"
mulrf101: "Frank Mulroney"
muncb101: "Bob Muncrief"
mungv101: "Van Mungo"
munnl101: "Les Munns"
murpj103: "Johnny Murphy"
murpw102: "Walter Murphy"
murra101: "Amby Murray"
murrg101: "George Murray"
mussd101: "Danny Musser"
myatg101: "Glenn Myatt"
myatg102: "George Myatt"
myerb101: "Billy Myers"
myerb103: "Buddy Myer"
myerl101: "Lynn Myers"
nageb101: "Bill Nagel"
naktp101: "Pete Naktenis"
narlb101: "Bill Narleski"
narrs101: "Sam Narron"
neigb101: "Bob Neighbors"
nekob101: "Bots Nekola"
nelse101: "Emmett Nelson"
nelsl101: "Lynn Nelson"
neunj101: "Johnny Neun"
newkf101: "Floyd Newkirk"
newsb101: "Bobo Newsom"
newss101: "Skeeter Newsome"
nichb101: "Bill Nicholson"
nichc101: "Chet Nichols"
niema101: "Al Niemiec"
niggj101: "Johnny Niggeling"
nonnr101: "Red Nonnenkamp"
normb101: "Bill Norman"
norrl101: "Leo Norris"
oanap101: "Prince Oana"
ock-w101: "Whitey Ock"
odeak101: "Ken O'Dea"
odoul101: "Lefty O'Doul"
ofarb101: "Bob O'Farrell"
ogdej101: "Jack Ogden"
oglej101: "Jim Oglesby"
ogrob101: "Bruce Ogrodowski"
olivt101: "Tom Oliver"
olsom101: "Marv Olson"
olsot101: "Ted Olson"
oneih102: "Harry O'Neill"
onisr101: "Ralph Onis"
orenj101: "Joe Orengo"
orouf101: "Frank O'Rourke"
orsae101: "Ernie Orsatti"
osbob102: "Bob Osborn"
osbow101: "Wayne Osborne"
ostef101: "Fritz Ostermueller"
ott-m101: "Mel Ott"
oullj101: "Johnny Oulliber"
outec101: "Chink Outen"
outlj101: "Jimmy Outlaw"
owenj102: "Jack Owens"
owenm101: "Mickey Owen"
owenm102: "Marv Owen"
paddt101: "Tom Padden"
padgd101: "Don Padgett"
pagep101: "Phil Page"
pages101: "Sam Page"
pagev101: "Vance Page"
palmj101: "Joe Palmisano"
parka101: "Art Parks"
parka102: "Ace Parker"
parks102: "Salty Parker"
parmr101: "Roy Parmelee"
parsd101: "D Parsons"
pasej101: "Johnny Pasek"
passc101: "Claude Passeau"
pattb101: "Bill Patton"
peacj101: "Johnny Peacock"
pearf101: "Frank Pearce"
peari101: "Ike Pearson"
pearm101: "Monte Pearson"
peelh101: "Homer Peel"
peerj101: "Jack Peerson"
pennh101: "Herb Pennock"
peppr101: "R Pepper"
perkc101: "Cy Perkins"
perkc102: "Charlie Perkins"
petej101: "Jim Peterson"
peter101: "Rusty Peters"
petot101: "Ted Petoskey"
pettj103: "Jesse Petty"
pettl101: "Leon Petty"
pezzp101: "Pretzel Pezzullo"
phebb101: "Bill Phebus"
phelb101: "Babe Phelps"
phelr101: "Ray Phelps"
philb103: "Buz Phillips"
phile102: "Eddie Phillips"
philr101: "Red Phillips"
piciv101: "Val Picinich"
pickc101: "Clarence Pickrel"
picku101: "Urbane Pickering"
piett101: "Tony Piet"
pilna101: "Andy Pilney"
pipge101: "Ed Pipgras"
pipgg101: "George Pipgras"
pippc101: "Cotton Pippen"
pitka101: "A Pitko"
plane102: "Emil Planeta"
poffb101: "Boots Poffenberger"
poinj101: "Jennings Poindexter"
polll101: "Lou Polli"
polln101: "Nick Polly"
pomoj101: "John Pomorski"
poolh101: "Harlin Pool"
portd101: "Dick Porter"
poseb101: "Bob Poser"
poseb102: "Bill Posedel"
pottd102: "D Potter"
pottn102: "Nels Potter"
powej106: "Jake Powell"
powel102: "Les Powers"
powem103: "Mike Powers"
prest101: "Tot Pressnell"
pricb101: "Bob Prichard"
primr101: "Ray Prim"
prueh101: "Hub Pruett"
puccg101: "George Puccinelli"
pylee101: "Ewald Pyle"
pytlf101: "Frankie Pytlak"
quelg101: "George Quellich"
quich101: "H Quic"
quinj102: "Jack Quinn"
radcr101: "Rip Radcliff"
radtj101: "Jack Radtke"
raffk101: "Ken Raffensberger"
raglf101: "Frank Ragland"
rambp102: "Pep Rambert"
rebea101: "A Rebel"
redej101: "Johnny Reder"
redmj101: "Jack Redmond"
reesj101: "Jimmie Reese"
reesr102: "Randy Reese"
reevb101: "Bobby Reeves"
regab101: "Bill Regan"
reibf101: "Frank Reiber"
reisa101: "Al Reiss"
reisb102: "Bobby Reis"
reist101: "Tommy Reis"
renij101: "Jim Reninger"
renst101: "Tony Rensa"
reync102: "Carl Reynolds"
rhemf101: "Flint Rhem"
rhieb101: "Billy Rhiel"
rhodg101: "Gordon Rhodes"
rhynh101: "Hal Rhyne"
riceh101: "Harry Rice"
rices101: "Sam Rice"
richb101: "Beryl Richmond"
richl103: "Lance Richbourg"
richn101: "Nolen Richardson"
richp101: "Paul Richards"
richw101: "Woody Rich"
ricoh101: "Harry Riconda"
ridde101: "Elmer Riddle"
riddj101: "Johnny Riddle"
riggl101: "Lew Riggs"
rignj101: "Johnny Rigney"
riplw101: "W Ripley"
rippj101: "Jimmy Ripple"
rixee101: "Eppa Rixey"
rizzj101: "Johnny Rizzo"
robeg101: "Gene Robertson"
robet101: "Tommy Robello"
rockl101: "Les Rock"
roe-p101: "Preacher Roe"
roeto101: "Oscar Roettger"
roetw101: "Wally Roettger"
rogeb101: "Buck Rogers"
rogeb102: "Billy Rogell"
rogel101: "Lee Rogers"
rogep101: "Packy Rogers"
rolfr101: "Red Rolfe"
rollr103: "Red Rollings"
romme101: "Eddie Rommel"
rootc101: "Charlie Root"
rosab101: "Buddy Rosar"
roseg101: "Goody Rosen"
roseh101: "Harry Rosenberg"
rosel101: "Larry Rosenthal"
rosem101: "Max Rosenfeld"
rossb102: "Buck Ross"
rossc103: "Chet Ross"
rossd101: "Don Ross"
rothj101: "Jack Rothrock"
rouse101: "Edd Roush"
roweb101: "Bama Rowell"
rowes101: "Schoolboy Rowe"
roy-e101: "Emil Roy"
rubla101: "Art Ruble"
ruelm101: "Muddy Ruel"
ruffr101: "Red Ruffing"
russj103: "Jack Russell"
russl102: "Lloyd Russell"
russm101: "Marius Russo"
russr101: "Rip Russell"
ruthb101: "Babe Ruth"
ryanb101: "Blondy Ryan"
ryanr101: "Rosy Ryan"
rybam101: "Mike Ryba"
rye-g101: "G Rye"
saboa101: "Alex Sabo"
saltj101: "Jack Saltzgaver"
salvj101: "Jack Salveson"
salvm101: "Manny Salvo"
samuj101: "Joe Samuels"
sankb101: "Ben Sankey"
saylb101: "Bill Sayles"
scalj101: "Johnny Scalzi"
scals101: "Skeeter Scalzi"
scarl101: "Les Scarsella"
scarr103: "Russ Scarritt"
schaa103: "Art Scharein"
schag102: "George Scharein"
schar102: "Roy Schalk"
schaw101: "Wally Schang"
sched101: "Dutch Schesler"
schej101: "Jim Schelle"
schln101: "N Schleidner"
schog101: "Gene Schott"
schub102: "Bill Schuster"
schuf101: "Fred Schulte"
schuh103: "Hal Schumacher"
schuh105: "Heinie Schuble"
schuj103: "Joe Schultz"
schuj106: "Johnny Schulte"
schuw101: "Wes Schulmerich"
scofl101: "Lou Scoffic"
scotl102: "Le Scott"
seedb101: "Bob Seeds"
seibs101: "Socks Seibold"
selkg101: "George Selkirk"
selpc101: "Carey Selph"
sewej101: "Joe Sewell"
sewel101: "Luke Sewell"
sewer101: "Rip Sewell"
shauj101: "Joe Shaute"
sheaa101: "Al Shealy"
sheam102: "Merv Shea"
sheec101: "Chuck Sheerin"
sheee101: "Earl Sheely"
shelh101: "H Shelley"
sherb101: "Bill Sherdel"
sherm101: "Monk Sherlock"
sherr102: "Roy Sherid"
sherv101: "Vince Sherlock"
shevj101: "Jimmy Shevlin"
shieb101: "Ben Shields"
shilj101: "Jim Shilling"
shira101: "Art Shires"
shivi101: "Ivey Shiver"
shofm101: "Milt Shoffner"
shorb102: "Bill Shores"
shouc101: "Clyde Shoun"
siebd102: "Dick Siebert"
sigaf101: "Frank Sigafoos"
sigmt101: "Tripp Sigman"
silbe101: "Eddie Silber"
silvk101: "Ken Silvestri"
simma101: "Al Simmons"
simom101: "Mel Simons"
singf101: "Fred Sington"
sislg101: "George Sisler"
sists101: "Sibby Sisti"
sivep101: "Pete Sivess"
skaff101: "Frank Skaff"
sladg101: "Gordon Slade"
slaue101: "Enos Slaughter"
smalc101: "Charlie Small"
smita101: "Art Smith"
smita104: "Al Smith"
smitb110: "Bob Smith"
smitc104: "Clay Smith"
smitd105: "Dave Smith"
smite103: "Ernie Smith"
smite105: "Eddie Smith"
smite106: "Earl Smith"
smitg102: "George Smith"
smith109: "Hal Smith"
smitj110: "John Smith"
smyth101: "Harry Smythe"
snydb101: "Bernie Snyder"
soltm101: "Moose Solters"
sorrv101: "Vic Sorrell"
sothd101: "Denny Sothern"
speeb101: "By Speece"
speng101: "Glenn Spencer"
spenr101: "Roy Spencer"
spers101: "Stan Sperry"
spinh101: "Hal Spindel"
spoga101: "Andy Spognardi"
spoha101: "Al Spohrer"
spotj101: "Jim Spotts"
sprij101: "Joe Sprinz"
stait101: "Tuck Stainback"
stanb101: "Buck Stanton"
starc102: "Chick Starr"
starr101: "Ray Starr"
steib102: "Bill Steinecke"
steih102: "Hal Steinbacher"
steii101: "Irv Stein"
steij101: "Justin Stein"
stepr101: "Riggs Stephenson"
stepw101: "Walter Stephenson"
stevb101: "Bobby Stevens"
stewl101: "Lefty Stewart"
stief101: "Fred Stiely"
stilr103: "Rollie Stiles"
stinl101: "Lee Stine"
stonj101: "John Stoneham"
stonj102: "John Stone"
stonl101: "Lil Stoner"
storh101: "Howie Storie"
storl101: "Lin Storti"
stoua101: "Allyn Stout"
stovr101: "Ray Stoviak"
straa102: "Alan Strange"
stram102: "Monty Stratton"
stree101: "Ed Strelecki"
strib101: "B Strickland"
strij101: "Joe Stripp"
strof101: "Floyd Stromme"
stumg101: "George Stumpf"
styll101: "Lena Styles"
suchc101: "Charley Suche"
suhrg101: "Gus Suhr"
sukec101: "Clyde Sukeforth"
sulie101: "Ernie Sulik"
sullb103: "Billy Sullivan"
sullc101: "Charlie Sullivan"
sullj102: "Joe Sullivan"
sulll101: "L Sullivan"
summh101: "Homer Summa"
sunds101: "Steve Sundra"
sunkt101: "Tom Sunkel"
suscg102: "George Susce"
suskp101: "Pete Susko"
sutcb101: "Butch Sutcliffe"
swane101: "Evar Swanson"
sweeb101: "Bill Sweeney"
sweel101: "Les Sweetland"
swets101: "Steve Swetonic"
swifb101: "Bill Swift"
swigo101: "Oad Swigart"
taboj101: "Jim Tabor"
taitd101: "Doug Taitt"
tamuv101: "Vito Tamulis"
tateb101: "Bennie Tate"
taubf101: "Fred Tauby"
tausw101: "Walt Tauscher"
tayld101: "Danny Taylor"
taylh103: "Harry Taylor"
taylz101: "Zack Taylor"
teacb101: "Bud Teachout"
tebbb101: "Birdie Tebbetts"
terrb101: "Bill Terry"
terwd101: "Dick Terwilliger"
thevt101: "Tommy Thevenow"
thomb102: "Bud Thomas"
thomf105: "Fay Thomas"
thomf106: "Fresco Thompson"
thomj102: "Junior Thompson"
thomm101: "Myles Thomas"
thomt103: "Tommy Thomas"
thomt105: "Tommy Thompson"
thuml101: "Louis Thulman"
thurs101: "Sloppy Thurston"
tietl101: "Les Tietje"
tinnb101: "Bud Tinning"
tipte101: "Eric Tipton"
tisij101: "Jack Tising"
tobij103: "Jim Tobin"
tobit101: "Tip Tobin"
todda101: "Al Todd"
todtp101: "Phil Todt"
tolsc101: "Chick Tolson"
travc101: "Cecil Travis"
trayp101: "Pie Traynor"
trear102: "Ray Treadaway"
tremn101: "Nick Tremark"
tresm101: "Mike Tresh"
tripc101: "Coaker Triplett"
trosh101: "Hal Trosky"
trotb101: "Bill Trotter"
troud101: "Dizzy Trout"
turbg101: "George Turbeville"
turnj102: "Jim Turner"
tylej101: "Johnnie Tyler"
uhalf101: "Frenchy Uhalt"
uhl-b101: "Bob Uhl"
uhleg101: "George Uhle"
uhlic101: "Charlie Uhlir"
upchw101: "Woody Upchurch"
urbab101: "Billy Urbanski"
vanar101: "Russ Van Atta"
vanca101: "Al Van Camp"
vancd101: "Dazzy Vance"
vancj102: "Joe Vance"
vandh101: "Hy Vandenberg"
vandj101: "Johnny Vander Meer"
vanrm101: "Maurice Van Robays"
vauga101: "Arky Vaughan"
vaugr101: "Roy Vaughn"
veaca101: "Al Veach"
veiga101: "Al Veigel"
veltp101: "Pat Veltman"
vergj101: "Johnny Vergez"
vernm101: "Mickey Vernon"
vosmj101: "Joe Vosmik"
waddf101: "Frank Waddey"
wadej101: "Jake Wade"
wagnc101: "Charlie Wagner"
wagnh102: "Hal Wagner"
walbr101: "Rube Walberg"
walkb101: "Bill Walker"
walkc101: "Curt Walker"
walkd101: "Dixie Walker"
walkg101: "Gee Walker"
walkh101: "Hub Walker"
walkj102: "Jim Walkup"
walse102: "Ed Walsh"
walsj103: "Joe Walsh"
waltb101: "Bernie Walter"
waltb102: "Bucky Walters"
wanel101: "Lloyd Waner"
wanep101: "Paul Waner"
wardd101: "Dick Ward"
warnh101: "H Warnock"
warnj101: "Jack Warner"
warnl101: "Lon Warneke"
warrb102: "Bennie Warren"
warsr101: "Rabbit Warstler"
wasdj101: "Jimmy Wasdell"
wasel101: "Link Wasem"
washg102: "George Washington"
watkg101: "George Watkins"
watsj101: "Johhny Watson"
wattf101: "Frank Watt"
watwj101: "Johnny Watwood"
weafk101: "Ken Weafer"
weatr101: "Roy Weatherly"
weavj101: "Jim Weaver"
weavm101: "Monte Weaver"
webbe101: "Earl Webb"
webbs101: "Skeeter Webb"
wehdb101: "Biggs Wehde"
weilb101: "Bob Weiland"
weinl101: "Lefty Weinert"
weinp101: "Phil Weintraub"
weirr101: "Roy Weir"
welaj101: "Johnny Welaj"
welcj101: "Johnny Welch"
welle101: "Ed Wells"
welsj101: "Jimmy Welsh"
werbb101: "Billy Werber"
westd101: "Dick West"
westm102: "Max West"
wests101: "Sam West"
whita101: "A White"
whitb101: "Burgess Whitehead"
white102: "Earl Whitehill"
whitj101: "John Whitehead"
whitj104: "Jo-jo White"
whitp103: "Pinky Whitney"
wickk101: "Kemp Wicker"
wiedc101: "Charlie Wiedemeyer"
wietw101: "Whitey Wietelmann"
willa101: "Al Williams"
willc102: "Claude Willoughby"
willc103: "Cy Williams"
willd107: "Dib Williams"
willh102: "Hugh Willingham"
willt103: "Ted Williams"
willw101: "Woody Williams"
wilsc101: "Charlie Wilson"
wilse101: "Eddie Wilson"
wilsh102: "Hack Wilson"
wilsj103: "Jack Wilson"
wilsj105: "Jimmy Wilson"
wilsw103: "W Wilshire"
wilth101: "Hal Wiltse"
winer101: "Ralph Winegarner"
winfj101: "Jim Winford"
winsh101: "Hank Winston"
winst101: "Tom Winsett"
wisea101: "Archie Wise"
wiseh101: "Hughie Wise"
wistw101: "Whitey Wistert"
wittj101: "Johnnie Wittig"
woods101: "Spades Wood"
workc101: "Chuck Workman"
wortr102: "Red Worthington"
wriga101: "Ab Wright"
wriga102: "Al Wright"
wrigg102: "Glenn Wright"
wrigt102: "Taffy Wright"
wuesy101: "Yats Wuestling"
wyatw101: "Whit Wyatt"
wynne101: "Early Wynn"
wysob101: "Biff Wysong"
yerkc101: "Carroll Yerkes"
yorkr101: "Rudy York"
younb102: "Babe Young"
yound105: "Del Young"
youne101: "Eddie Yount"
younp101: "Pep Young"
younr102: "Russ Young"
zacht101: "Tom Zachary"
zapuj101: "Joe Zapustas"
zubeb101: "Bill Zuber"
