aberc101: "Cliff Aberson"
abert102: "Ted Abernathy"
aberw101: "Woody Abernathy"
abrac101: "Cal Abrams"
abrej101: "J Abreu"
adama101: "Ace Adams"
adamb101: "Buster Adams"
adamb103: "Bobby Adams"
adamd102: "Dick Adams"
adamh101: "Herb Adams"
adamr101: "Red Adams"
aderm101: "Morrie Aderholt"
adkid101: "Dick Adkins"
adkid103: "Dewey Adkins"
alboe101: "Ed Albosta"
albre101: "Ed Albrecht"
albrj101: "Jack Albright"
alded101: "Dale Alderson"
alenc101: "Chuck Aleno"
allej102: "Johnny Allen"
andea101: "Andy Anderson"
andea102: "Alf Anderson"
andef102: "Ferrell Anderson"
ander102: "Red Anderson"
andre103: "Ernie Andres"
andrh101: "Hub Andrews"
andrn101: "Nate Andrews"
andrs101: "Stan Andrews"
ankep101: "Paul Ankenman"
antoj101: "John Antonelli"
antoj102: "Joe Antolick"
antoj103: "Johnny Antonelli"
appll101: "Luke Appling"
applp101: "Pete Appleton"
aragj101: "Jack Aragon"
archg101: "George Archie"
ardir101: "Rugger Ardizoia"
arfth101: "Hank Arft"
armsg101: "George Armstrong"
arnom101: "Morrie Arnovich"
arnto101: "Orie Arntzen"
ashbr101: "Richie Ashburn"
astrj101: "Joe Astroth"
atwob101: "Bill Atwood"
aukee101: "Elden Auker"
auldt101: "Tex Aulds"
avere101: "Earl Averill"
avilb101: "Bobby Avila"
ayerb101: "Bill Ayers"
babij101: "Johnny Babich"
bagbj102: "Jim Bagby"
bahre101: "Ed Bahr"
bainl101: "Loren Bain"
bakeb101: "Bill Baker"
bakef103: "Floyd Baker"
bambh101: "Hal Bamberger"
bankd101: "Dan Bankhead"
bantj101: "Jack Banta"
barbr101: "Red Barbary"
barkr101: "Red Barkley"
barnb102: "Babe Barna"
barng101: "George Barnicle"
barnr103: "Rex Barney"
barnv102: "Vic Barnhart"
barrd101: "Dick Barrett"
barrf104: "Frank Barrett"
barrj106: "Johnny Barrett"
barrr101: "Red Barrett"
bartb103: "Bob Barthelson"
bartb104: "Boyd Bartley"
bartd101: "Dick Bartell"
bartd102: "Dave Bartosch"
basgm101: "Monty Basgall"
basie101: "Eddie Basinski"
battm101: "Matt Batts"
baueh101: "Hank Bauer"
bauer101: "Russ Bauers"
baumf101: "Frank Baumholtz"
baumj102: "Jim Baumer"
bearg102: "Gene Bearden"
beart101: "Ted Beard"
beazj101: "Johnny Beazley"
beckb103: "Bill Beckmann"
beckb104: "Boom-boom Beck"
beckh102: "Heinz Becker"
beelj101: "Jodie Beeler"
beerc101: "Clarence Beers"
beggj101: "Joe Beggs"
behrh101: "Hank Behrman"
bellb102: "Beau Bell"
bellf102: "Fern Bell"
benjs101: "Stan Benjamin"
bensv101: "Vern Benson"
benta101: "Al Benton"
beraj101: "Johnny Berardino"
berga102: "Augie Bergamo"
bergw101: "Wally Berger"
beroj101: "Johnny Bero"
berrj102: "Joe Berry"
berrn101: "Neil Berry"
berrr101: "Ray Berres"
berry101: "Yogi Berra"
bessh101: "Herman Besse"
beveb101: "Bill Bevens"
bevil101: "Lou Bevil"
biash101: "Hank Biasatti"
bickc101: "Charlie Bicknell"
bickv101: "Vern Bickford"
bilbj101: "Jim Bilbrey"
bilde101: "Emil Bildilli"
bilks101: "Steve Bilko"
binkg101: "George Binks"
biras101: "Steve Biras"
biscf101: "Frank Biscan"
bithh101: "Hi Bithorn"
blacd101: "Don Black"
blace102: "Ewell Blackwell"
blacj102: "Jim Blackburn"
blaer101: "Rae Blaemire"
blaib102: "Buddy Blair"
blanc101: "Cy Blanton"
blatb101: "Buddy Blattner"
blatj101: "Johnny Blatnik"
blocc101: "Cy Block"
blooj101: "Jimmy Bloodworth"
bocke101: "Eddie Bockman"
bolae101: "Ed Boland"
bollj101: "Jack Bolling"
boltc101: "Cliff Bolton"
bonej101: "Julio Bonetti"
bonht101: "Tiny Bonham"
bonnb102: "Bill Bonness"
bonuz101: "Zeke Bonura"
boonr101: "Ray Boone"
bordf101: "Frenchy Bordagaray"
boroh101: "Hank Borowy"
boror101: "Red Borom"
bossm101: "Mel Bosser"
boudl101: "Lou Boudreau"
boweb101: "Billy Bowers"
bowlc101: "Charlie Bowles"
bowmb103: "Bob Bowman"
bowmj101: "Joe Bowman"
bowmr101: "Roger Bowman"
boyec101: "Cloyd Boyer"
bradb103: "Bob Brady"
bradf102: "Fred Bradley"
bradg101: "George Bradley"
bradv101: "Vic Bradford"
bragb101: "Bobby Bragan"
brana101: "Al Brancato"
branb101: "Bill Brandt"
brann101: "Norm Branch"
branr103: "Ralph Branca"
brayb101: "Buster Bray"
braza101: "Al Brazle"
brech101: "Harry Brecheen"
breum101: "Marv Breuer"
brewc101: "Charlie Brewster"
brewj101: "Jack Brewer"
bridt101: "Tommy Bridges"
brisl101: "Lou Brissie"
bronk101: "Ken Brondell"
bross101: "Sig Broskie"
browb105: "Bobby Brown"
browc103: "Clint Brown"
browj107: "Jimmy Brown"
browj110: "Jumbo Brown"
browl101: "Lloyd Brown"
browm103: "Mace Brown"
brown101: "Norm Brown"
browt103: "Tommy Brown"
broww101: "Willard Brown"
broww103: "Walter Brown"
brubb101: "Bill Brubaker"
bruce101: "Earle Brucker"
bruce102: "Earle Brucker"
brunj101: "Jack Bruner"
brunr101: "Roy Bruner"
bryac101: "Clay Bryant"
buchj101: "Jim Bucher"
buchj104: "Johnny Bucha"
budnm101: "Mike Budnick"
bukec101: "Cy Buker"
burgb101: "Bill Burgo"
burgs101: "Smoky Burgess"
burib101: "Bill Burisch"
burkk101: "Ken Burkhart"
burnj101: "Joe Burns"
burpg101: "George Burpo"
burrj101: "John Burrows"
burrp101: "Paul Burris"
busbp101: "Paul Busby"
busce101: "Ed Busch"
bushg101: "Guy Bush"
butcm101: "Max Butcher"
butke101: "Ed Butka"
butlb103: "Bill Butland"
buxtr101: "Ralph Buxton"
buzaj101: "Joe Buzas"
byerb103: "Bud Byerly"
byrnm101: "Milt Byrnes"
byrnt101: "Tommy Byrne"
cabap101: "Putsy Caballero"
cainb101: "Bob Cain"
calde101: "Earl Caldwell"
calif101: "Fred Caligiuri"
callj102: "Joe Callahan"
calvp101: "Paul Calvert"
cameh101: "Hank Camelli"
camid102: "Dolph Camilli"
campa101: "Al Campanis"
campb102: "Bruce Campbell"
campp101: "Paul Campbell"
campr102: "Roy Campanella"
camps104: "Soup Campbell"
candm101: "Milo Candini"
caprp101: "Pat Capri"
cardb101: "Ben Cardoni"
cardj102: "John Carden"
caret102: "Tom Carey"
carld101: "Don Carlsen"
carlj101: "J Carlin"
carlt101: "Tex Carleton"
carne101: "Eddie Carnett"
carpb101: "Bob Carpenter"
carpl101: "L Carpenter"
carra101: "Alex Carrasquel"
carta101: "Arnold Carter"
carys101: "Scott Cary"
caseg101: "George Case"
caseh101: "Hugh Casey"
cassj101: "Jack Cassini"
castg101: "George Caster"
castj102: "Jim Castiglia"
castp102: "Pete Castiglione"
castv101: "Vince Castino"
cathh101: "Hardin Cathey"
caulj101: "Jake Caulfield"
cavap101: "Phil Cavarretta"
cecir101: "Rex Cecil"
centp101: "Pete Center"
chamc102: "Cliff Chambers"
chane102: "Ed Chandler"
chans101: "Spud Chandler"
chapb102: "Ben Chapman"
chapf102: "Fred Chapman"
chaps101: "Sam Chapman"
charm101: "Mike Chartak"
chask101: "Ken Chase"
chesb101: "Bob Chesnes"
chetm101: "Mitch Chetkovich"
chipb101: "Bob Chipman"
chipw101: "Walt Chipple"
chril102: "Loyd Christopher"
chrim102: "Mark Christman"
chrir101: "Russ Christopher"
cicej101: "Joe Cicero"
ciest101: "Ted Cieslak"
cihoa101: "Al Cihocki"
cioll101: "Lou Ciola"
clara102: "Allie Clark"
clare102: "Ellis Clary"
clarg102: "Grey Clarke"
clarj105: "Jim Clark"
claro101: "Otie Clark"
clayd101: "Dain Clay"
cleaj101: "Joe Cleary"
clemb101: "Bill Clemensen"
clemc102: "Chet Clemens"
clifh101: "Harlond Clift"
clydt101: "Tom Clyde"
coang101: "Gil Coan"
coffd101: "Dick Coffman"
coffs101: "Slick Coffman"
colej101: "Joe Coleman"
colej106: "Jerry Coleman"
coler102: "Ray Coleman"
colle102: "Eddie Collins"
collj101: "Joe Collins"
collr101: "Ripper Collins"
collr102: "Rip Collins"
colmf101: "Frank Colman"
combm101: "Merl Combs"
comej101: "Jorge Comellas"
conac101: "Clint Conatser"
congd101: "Dick Conger"
connb103: "Bill Connelly"
connc101: "Chuck Connors"
conrb101: "Bill Conroy"
conwj103: "Jack Conway"
cooke101: "Earl Cook"
coomb101: "Bobby Coombs"
coonj101: "Johnny Cooney"
coopc102: "Cal Cooper"
coopm101: "Mort Cooper"
coopp101: "Pat Cooper"
coopw102: "Walker Cooper"
corbc101: "Claude Corbitt"
corrj101: "John Corriden"
coscp101: "Pete Coscarart"
covic101: "Chet Covington"
cox-b101: "Billy Cox"
cox-b102: "B Cox"
cozac101: "Charlie Cozart"
crabe101: "Estel Crabtree"
crafh101: "Harry Craft"
cramd102: "Doc Cramer"
crand102: "Del Crandall"
crawg101: "Glenn Crawford"
creec101: "C Creeden"
creej101: "Jack Creel"
cregb101: "Bernie Creger"
cresc101: "Creepy Crespi"
cresw101: "Walker Cress"
crist101: "Tony Criscola"
crocc101: "Claude Crocker"
cromh101: "Herb Crompton"
cronj101: "Joe Cronin"
crosf103: "Frankie Crosetti"
crosj101: "Jeff Cross"
croub103: "Bill Crouch"
crouf101: "Frank Croucher"
croww101: "Woody Crowson"
crumg101: "Gene Crumling"
cuccc101: "Cookie Cuccurullo"
cucct101: "Tony Cuccinello"
culbl101: "Leon Culberson"
culld101: "Dick Culler"
cullr101: "Roy Cullenbine"
culpb102: "Benny Culp"
currp101: "Perry Currin"
curtg102: "Guy Curtright"
curtv101: "Vern Curtis"
dagej101: "John Dagenhard"
dahlb101: "Babe Dahlgren"
dalld101: "Dom Dallessandro"
danit101: "Tony Daniels"
dannh101: "Harry Danning"
dantf101: "Fats Dantonio"
dappc101: "Cliff Dapper"
darka101: "Al Dark"
dassf101: "Frank Dasso"
davic101: "Crash Davis"
davic103: "Curt Davis"
davij102: "John Davis"
davio102: "Otis Davis"
davis101: "Spud Davis"
davit101: "Tod Davis"
dealc101: "Cot Deal"
deanc101: "Chubby Dean"
deand102: "Dizzy Dean"
deanh102: "H Dean"
deanp101: "Paul Dean"
dejam101: "Mike Dejan"
dekob101: "Bill DeKoning"
delab102: "Bill DeLancey"
delat102: "Tommy de la Cruz"
delsg101: "Garton Del Savio"
delsj101: "Jim Delsing"
demab101: "Billy DeMars"
demaf102: "Frank Demaree"
denno101: "Otto Denning"
dents101: "Sam Dente"
depht101: "Tony DePhillips"
derrp101: "Paul Derringer"
derrr101: "Russ Derry"
desag101: "Gene Desautels"
detwd101: "Ducky Detweiler"
deutm101: "Mel Deutsch"
devlj101: "Jim Devlin"
dickb101: "Bill Dickey"
dicke101: "Emerson Dickman"
dickg101: "George Dickey"
dickj102: "Johnny Dickshot"
dickm101: "Murry Dickson"
diehg101: "George Diehl"
dierc101: "Chuck Diering"
dietb101: "Bill Dietrich"
dietd102: "Dutch Dietz"
difaj101: "Jay Difani"
dillb102: "Bob Dillinger"
dimad101: "Dom DiMaggio"
dimaj101: "Joe DiMaggio"
dimav101: "Vince DiMaggio"
dingv101: "V Dinges"
dobej101: "Jess Dobernic"
dobsj101: "Joe Dobson"
dobyl101: "Larry Doby"
dockg101: "George Dockins"
doerb101: "Bobby Doerr"
doljf101: "Frank Doljack"
donaa101: "Atley Donald"
donad101: "Deacon Donahue"
donnb101: "Blix Donnelly"
donob102: "Bill Donovan"
dorif101: "Fritz Dorish"
dorsc101: "Cal Dorsett"
dougj101: "John Douglas"
doylc102: "Carl Doyle"
doyld101: "Danny Doyle"
dozib101: "Buzz Dozier"
drakl102: "Larry Drake"
drakt101: "Tom Drake"
dreic101: "Clem Dreisewerd"
dresb102: "Bill Drescher"
drewf101: "Frank Drews"
drewk101: "Karl Drews"
dropw101: "Walt Dropo"
dubim101: "Monk Dubiel"
dudrj101: "John Dudra"
durol101: "Leo Durocher"
durrr101: "Red Durrett"
dusae101: "Erv Dusak"
earlj101: "Jake Early"
earlt101: "Thomas Earley"
easth103: "Hugh East"
eastl101: "Luke Easter"
eastr102: "Roy Easterwood"
eatoz101: "Zeb Eaton"
eavev101: "Vallie Eaves"
edwab101: "Bruce Edwards"
edwah101: "Hank Edwards"
eiseh101: "Harry Eisenstat"
eisej101: "Jake Eisenhardt"
eldeg101: "George Elder"
elkop101: "Pete Elko"
ellib103: "Bob Elliott"
ellig102: "Glenn Elliott"
embrr101: "Red Embree"
emmes101: "Slim Emmerich"
endib101: "Bill Endicott"
englg101: "Gil English"
ennid101: "Del Ennis"
eppsh101: "Hal Epps"
eraue101: "Eddie Erautt"
ericp101: "Paul Erickson"
ermec101: "Cal Ermer"
errid101: "Dick Errickson"
erskc101: "Carl Erskine"
eschl101: "Larry Eschen"
estab101: "Bobby Estalella"
etchb101: "Buck Etchison"
etten101: "Nick Etten"
evana101: "Al Evans"
evanb103: "Bill Evans"
everh101: "Hoot Evers"
eyrig101: "George Eyrick"
fagae101: "Everett Fagan"
fainf101: "Ferris Fain"
fallg101: "George Fallon"
fannc101: "Cliff Fannin"
fanof101: "Frank Fanovich"
farrk101: "Kerby Farrell"
fausb101: "Buck Fausett"
feldh101: "Harry Feldman"
feldm101: "Marv Felderman"
fellb101: "Bob Feller"
feres101: "Stan Ferens"
fergb102: "Bob Ferguson"
ferne101: "Ed Fernandes"
fernn101: "Nanny Fernandez"
ferrd101: "Dave Ferriss"
ferrr101: "Rick Ferrell"
ferrt101: "Tom Ferrick"
ferrw101: "Wes Ferrell"
fettl101: "Lou Fette"
fickj101: "John Fick"
files101: "Sam File"
filis101: "Steve Filipowicz"
finet101: "Tommy Fine"
finlb102: "Bob Finley"
finnl101: "Lou Finney"
fiscr101: "Rube Fischer"
fishd101: "Don Fisher"
fitze101: "Ed Fitzgerald"
fitzf101: "Freddie Fitzsimmons"
flagw101: "Wally Flager"
flaia101: "Al Flair"
flanr101: "Ray Flanigan"
fleia101: "Angel Fleitas"
flemb101: "Bill Fleming"
fleml101: "Les Fleming"
flete101: "Elbie Fletcher"
flicl101: "Lew Flick"
flith101: "Hilly Flitcraft"
florj101: "Jesse Flores"
floww101: "Wes Flowers"
floyb102: "Bubba Floyd"
fowld101: "Dick Fowler"
fox-c101: "Charlie Fox"
fox-h101: "Howie Fox"
fox-n101: "Nellie Fox"
fox-p102: "Pete Fox"
foxxj101: "Jimmie Foxx"
franh101: "Herman Franks"
franj102: "Jack Franklin"
franm101: "Moe Franklin"
frazj101: "Joe Frazier"
freee101: "Ed Freed"
freiv101: "Vern Freiberger"
frenl101: "Larry French"
freyl101: "Lonny Frey"
frieb101: "Buck Frierson"
frieo101: "Owen Friend"
fryec101: "Charlie Frye"
fuchc101: "Charlie Fuchs"
furic101: "Carl Furillo"
gablk101: "Ken Gables"
gafff101: "Fabian Gaffke"
galaa101: "Augie Galan"
galed101: "Denny Galehouse"
gallj103: "Joe Gallagher"
galls102: "Stan Galle"
gambl101: "Lee Gamble"
gantj101: "Joe Gantenbein"
garaj101: "Joe Garagiola"
garbb102: "Bob Garbark"
garbm101: "Mike Garbark"
garcm101: "Mike Garcia"
garcr101: "Ramon Garcia"
garda104: "Al Gardella"
gardd101: "Danny Gardella"
gardg101: "Glenn Gardner"
garmd101: "Debs Garms"
garrc102: "Cecil Garriott"
garrf101: "Ford Garrison"
garvn102: "Ned Garver"
gassc101: "Charlie Gassaway"
gearg101: "Gary Gearhart"
gearh101: "Huck Geary"
gebrp101: "Pete Gebrian"
gee-j101: "Johnny Gee"
gehrc101: "Charlie Gehringer"
gelbc101: "Charlie Gelbert"
gentr101: "Rufe Gentry"
gents101: "S Gentile"
georg101: "Greek George"
gerab101: "Ben Geraghty"
gerha101: "Al Gerheauser"
gerks101: "Steve Gerkin"
getta101: "Al Gettel"
giebf101: "Floyd Giebell"
gilba101: "Andy Gilbert"
gilbc101: "Charlie Gilbert"
gillb102: "Bob Gillespie"
gillc102: "Carden Gillenwater"
gillp103: "Paul Gillespie"
gilml101: "Len Gilmore"
ginsj101: "Joe Ginsberg"
giona101: "Al Gionfriddo"
giult101: "Tony Giuliani"
gladj101: "Jim Gladd"
gladr101: "Roland Gladu"
glavt101: "Tommy Glaviano"
gleej101: "Jim Gleeson"
glenj101: "Joe Glenn"
glosa101: "Al Glossop"
glynb101: "Bill Glynn"
goldg101: "Gordon Goldsberry"
goldl101: "Lonnie Goldstein"
goles101: "S Goletz"
golim101: "Mike Goliat"
gomec101: "Chile Gomez"
gomel102: "Lefty Gomez"
gomep101: "P Gomez"
gonzj102: "Julio Gonzales"
goodb101: "Billy Goodman"
goodi101: "Ival Goodman"
goodj102: "Jim Goodwin"
goolr101: "Ray Goolsby"
gordj101: "Joe Gordon"
gords101: "Sid Gordon"
gornh101: "Hank Gornicki"
gorsj101: "Johnny Gorsica"
gouln101: "Nick Goulish"
gracj101: "Joe Grace"
grahj101: "Jack Graham"
granj103: "Jimmy Grant"
grasl101: "Lou Grasmick"
grasm101: "Mickey Grasso"
gratd101: "Don Grate"
grayp101: "Pete Gray"
grayt101: "Ted Gray"
greeh102: "Hank Greenberg"
gregh102: "Hal Gregg"
gremb101: "Buddy Gremp"
grifl101: "Lee Griffeth"
grimo101: "Oscar Grimes"
grisl101: "Lee Grissom"
grism101: "Marv Grissom"
grodj101: "Johnny Grodzicki"
groms101: "Steve Gromek"
grote101: "Ernest Groth"
grotj102: "Johnny Groth"
grovl101: "Lefty Grove"
grovo101: "Orval Grove"
grubf101: "Frank Grube"
guerm102: "Mike Guerra"
guinb101: "Ben Guintini"
guisl102: "Lefty Guise"
gumbh101: "Harry Gumbert"
gumpr101: "Randy Gumpert"
gustf101: "Frankie Gustine"
guttd101: "Don Gutteridge"
haasb102: "Bert Haas"
hacks101: "Stan Hack"
hackw102: "Warren Hacker"
hadlb101: "Bump Hadley"
haefm101: "Mickey Haefner"
hafet101: "Tom Hafey"
hajdc101: "Chet Hajduk"
haleo101: "Odell Hale"
hallb103: "Bob Hall"
halli101: "Irv Hall"
hallj105: "Jack Hallett"
hallj106: "John Hall"
hamll101: "Luke Hamlin"
hamng101: "Garvin Hamner"
hamng102: "Granny Hamner"
hamnr101: "Ralph Hamner"
hamrr101: "Ray Hamrick"
hancb101: "Buddy Hancken"
hancf101: "Fred Hancock"
handg101: "Gene Handley"
handl101: "Lee Handley"
hannl101: "Loy Hanning"
hansa101: "Andy Hansen"
hansd102: "Don Hanski"
hanye101: "Ed Hanyzewski"
hardm101: "Mel Harder"
harmb102: "Bill Harman"
harrb104: "Bubba Harris"
harrb109: "Bob Harris"
harre101: "Earl Harrist"
harrl101: "Lum Harris"
harrm101: "Mickey Harris"
harrn101: "Ned Harris"
harrr103: "Ray Harrell"
harsj101: "Jack Harshman"
harss101: "Sam Harshany"
hartb101: "Bill Hart"
hartc102: "Clint Hartung"
hartg103: "Gabby Hartnett"
hased101: "Don Hasenmayer"
hashh101: "Herb Hash"
hassb101: "Buddy Hassett"
hathr101: "Ray Hathaway"
hattg101: "Grady Hatton"
hattj101: "Joe Hatten"
haugc101: "Chris Haughey"
haugp101: "Phil Haugstad"
hausc101: "Clem Hausmann"
hausg101: "George Hausmann"
hayef101: "Frankie Hayes"
hayej101: "Jackie Hayes"
haynj101: "Joe Haynes"
haywr101: "Ray Hayworth"
haywr102: "Red Hayworth"
heade101: "Ed Head"
hearj102: "Jim Hearn"
heatj101: "Jeff Heath"
hebew101: "Wally Hebert"
heffd101: "Don Heffner"
heflr101: "Randy Heflin"
hegaj101: "Jim Hegan"
heimv101: "Val Heim"
heink101: "Ken Heintzelman"
helfh101: "Hank Helf"
helth101: "Heinie Heltzel"
hemsr101: "Rollie Hemsley"
hemus101: "Solly Hemus"
hendd101: "Don Hendrickson"
henng101: "George Hennessey"
henre101: "Earl Henry"
henrt101: "Tommy Henrich"
hensr101: "Roy Henshaw"
hermb101: "Billy Herman"
hermb102: "Babe Herman"
hermg101: "Gene Hermanski"
hernc101: "Chico Hernandez"
herra101: "Art Herring"
hersw101: "Willard Hershberger"
hetkj101: "Johnny Hetki"
heuse101: "Ed Heusser"
hevij101: "Joe Heving"
hickj107: "Jim Hickey"
higbk101: "Kirby Higbe"
higdb101: "Bill Higdon"
higgm101: "Mike Higgins"
hildo101: "Oral Hildebrand"
hillf101: "Frank Hiller"
hitcb101: "Billy Hitchcock"
hittl101: "Lloyd Hittle"
hoagm101: "Myril Hoag"
hocko101: "Oris Hockett"
hodgb101: "Bert Hodges"
hodgg101: "Gil Hodges"
hodgr101: "Ralph Hodgin"
hodke101: "Eli Hodkey"
hoerl101: "Lefty Hoerst"
hoffr101: "Ray Hoffman"
hoffs101: "Stew Hofferth"
hofmb101: "Bobby Hofman"
hogsc101: "Chief Hogsett"
hogub101: "Bobby Hogue"
holbw101: "Wally Holborow"
holck101: "Ken Holcombe"
holla101: "Al Hollingsworth"
holls101: "Stan Hollmig"
holmb101: "Billy Holm"
holmt101: "Tommy Holmes"
hoodw102: "Wally Hood"
hoovj101: "Joe Hoover"
hoppj101: "Jim Hopper"
hoppj102: "Johnny Hopp"
hostc101: "Chuck Hostetler"
houkr101: "Ralph Houk"
houta101: "Art Houtteman"
howal101: "Lee Howard"
howeb101: "Bill Howerton"
howed101: "Dixie Howell"
howed102: "Dixie Howell"
hower102: "Red Howell"
hubbc101: "Carl Hubbell"
hudlw101: "Willis Hudlin"
hudsj101: "Johnny Hudson"
hudss101: "Sid Hudson"
hughr101: "Roy Hughes"
hught101: "Tommy Hughes"
hught102: "Tex Hughson"
humpj101: "Johnny Humphries"
hustw101: "Warren Huston"
hutcf101: "Fred Hutchinson"
hutci101: "Ira Hutchinson"
hutcj101: "Johnny Hutchings"
iotth102: "Hooks Iott"
irvim101: "Monte Irvin"
jacob102: "B Jaco"
jacot101: "Tony Jacobs"
jakus101: "Sig Jakucki"
jansl101: "Larry Jansen"
jarvr102: "Roy Jarvis"
javea101: "Al Javery"
jeffg101: "George Jeffcoat"
jeffh101: "Hal Jeffcoat"
jelif101: "Frank Jelinich"
johna102: "Art Johnson"
johnb102: "Bob Johnson"
johnb108: "Billy Johnson"
johnc101: "Chet Johnson"
johnd101: "Don Johnson"
johnd102: "Don Johnson"
johne105: "Earl Johnson"
johnj103: "Johnny Johnson"
johnk101: "Ken Johnson"
johnr105: "Rankin Johnson"
johns101: "Syl Johnson"
johns103: "Si Johnson"
johnv101: "Vic Johnson"
joinr101: "Roy Joiner"
joned106: "Dale Jones"
jonee102: "Earl Jones"
jonej106: "Jake Jones"
jonen101: "Nippy Jones"
joner103: "Red Jones"
jones103: "Sheldon Jones"
jonew101: "Willie Jones"
joose101: "Eddie Joost"
jordt102: "Tom Jordan"
jorgs101: "Spider Jorgensen"
joycb102: "Bob Joyce"
juddo101: "Oscar Judd"
judnw101: "Wally Judnich"
judsh101: "Howie Judson"
jumog101: "George Jumonville"
jungk101: "Ken Jungels"
jurgb101: "Billy Jurges"
juria101: "Al Jurisich"
justj101: "Joe Just"
kalif101: "Frank Kalin"
kampa101: "Alex Kampouris"
karla101: "Andy Karl"
karph101: "Herb Karpel"
katzb101: "Bob Katz"
kazae101: "Eddie Kazak"
keare101: "Eddie Kearse"
keelb101: "Bob Keely"
kehnc101: "Chet Kehn"
kella103: "Alex Kellner"
kellc101: "Charlie Keller"
kellf103: "Frankie Kelleher"
kellg102: "George Kell"
kellh103: "Hal Keller"
keltk101: "Ken Keltner"
kennb102: "Bill Kennedy"
kennb103: "Bill Kennedy"
kennb104: "Bob Kennedy"
kennm101: "Monte Kennedy"
kennv101: "Vern Kennedy"
kernr101: "Russ Kerns"
kerrb101: "Buddy Kerr"
kimbd101: "Dick Kimble"
kimbn101: "Nate Kimball"
kinde101: "Ellis Kinder"
kiner101: "Ralph Kiner"
kingc101: "Clyde King"
kirbj102: "Jim Kirby"
kirkt101: "Tom Kirk"
kishe101: "Ernie Kish"
kleic101: "Chuck Klein"
kleih101: "Hal Kleine"
kleil101: "Lou Klein"
kliee101: "Ed Klieman"
klinb101: "Bob Klinger"
klops101: "Stan Klopp"
klust101: "Ted Kluszewski"
klutc101: "Clyde Kluttz"
knerl101: "Lou Knerr"
knica101: "Austin Knickerbocker"
knicb101: "Bill Knickerbocker"
knotj102: "Jack Knott"
kochb102: "Barney Koch"
koecd101: "Dick Koecher"
kokod101: "Dick Kokos"
kolld101: "Don Kolloway"
konia101: "Alex Konikowski"
konob101: "Bruce Konopka"
konsj101: "Jim Konstanty"
kosld101: "Dave Koslo"
kosmm101: "Mike Kosman"
koy-e101: "Ernie Koy"
kozaa101: "Al Kozar"
krakj101: "Joe Krakauskas"
kramj101: "Jack Kramer"
krauj101: "Jack Kraus"
kreem101: "Mike Kreevich"
kreim101: "Mickey Kreitner"
kresc101: "Chuck Kress"
kresr101: "Red Kress"
kretl101: "Lou Kretlow"
kriek101: "Kurt Krieger"
krish101: "H Krist"
krsnr101: "Rocky Krsnich"
kryhd101: "Dick Kryhoski"
kuczb101: "Bert Kuczynski"
kuczs101: "Steve Kuczek"
kuhej101: "Joe Kuhel"
kurow101: "Whitey Kurowski"
kushe101: "Emil Kush"
kuzab101: "Bob Kuzava"
kvasa101: "Al Kvasnak"
laabc101: "Chet Laabs"
laded101: "Doyle Lade"
lafaj101: "Joe Lafata"
lafot101: "Ty LaForest"
lajed101: "Dick Lajeskie"
lakea101: "Al Lakeman"
lakee101: "Eddie Lake"
lamaa101: "Al LaMacchia"
lamah101: "Hank Lamanna"
lamar101: "Ray Lamanno"
lambc101: "Clayton Lambert"
lambg101: "Gene Lambert"
lanad101: "D Lanahan"
laned101: "Dick Lane"
lanfw101: "Walt Lanfranconi"
langd102: "Don Lang"
lanim101: "Max Lanier"
lannj101: "Johnny Lanning"
lapia101: "Andy Lapihuska"
lapor101: "Ralph LaPointe"
laryl101: "Lyn Lary"
lavac101: "Cookie Lavagetto"
lawig101: "Garland Lawing"
lawsr101: "Roxie Lawson"
laydp101: "Pete Laydon"
laynh101: "Hillis Layne"
laytl101: "Les Layton"
lazoj101: "Johnny Lazor"
lee-b103: "Bill Lee"
lee-r101: "Roy Lee"
lee-t101: "Thornton Lee"
lefeb101: "Bill LeFebvre"
lehnp101: "Paul Lehner"
leibh101: "Hank Leiber"
leipe101: "Ed Leip"
lemob101: "Bob Lemon"
leond103: "Dutch Leonard"
leoni101: "Izzy Leon"
leovj101: "John Leovich"
letcc101: "Charlie Letchas"
levaj101: "Jesse Levan"
levye101: "Ed Levy"
lewib103: "Buddy Lewis"
libka101: "Al Libke"
lillb102: "Bill Lillard"
lillg101: "Gene Lillard"
lindc103: "Carl Lindquist"
lindj101: "Johnny Lindell"
lindl101: "Lyman Linde"
lipoj101: "Johnny Lipon"
liseh101: "Hod Lisenbee"
litwd101: "Danny Litwhiler"
liveb101: "Buddy Lively"
livim101: "Mickey Livingston"
loanb101: "Bob Loane"
lockw101: "Whitey Lockman"
lodid101: "Dario Lodigiani"
logab101: "Bob Logan"
lohrb101: "Bill Lohrman"
lohrj101: "Jack Lohrke"
lolls101: "Sherm Lollar"
lombe101: "Ernie Lombardi"
lombl101: "Lou Lombardo"
lombv101: "Vic Lombardi"
lopaa101: "A Lopatka"
lopae101: "Eddie Lopat"
lopas101: "Stan Lopata"
lopea102: "Al Lopez"
lowrp101: "Peanuts Lowrey"
lowrs101: "Sam Lowry"
lubyh101: "Hal Luby"
lucaj102: "Johnny Lucadello"
lucil101: "Lou Lucier"
lukoe101: "Eddie Lukon"
lundd102: "Don Lund"
lupit101: "Tony Lupien"
lyncd101: "Danny Lynch"
lynnr101: "Red Lynn"
lyona101: "Al Lyons"
lyone101: "Ed Lyons"
lyonh101: "Hersh Lyons"
lyonr101: "Russ Lyon"
lyont102: "Ted Lyons"
macfd101: "Danny MacFayden"
mackf102: "Felix Mackiewicz"
mackj101: "Joe Mack"
mackr101: "Ray Mack"
macom101: "Max Macon"
macph101: "Harry MacPherson"
maddc101: "Clarence Maddern"
madrs101: "Sal Madrid"
magls101: "Sal Maglie"
mahaa101: "Art Mahan"
maieb101: "Bob Maier"
mainj101: "Jim Mains"
mainw102: "Woody Main"
majeh101: "Hank Majeski"
mallb102: "Bob Malloy"
mallj101: "Jim Mallory"
maloe101: "Eddie Malone"
maltg101: "Gordon maltzberger"
mancf101: "Frank Mancuso"
mancg101: "Gus Mancuso"
mandh101: "Hal Manders"
mannd101: "D Manno"
manng101: "Garth Mann"
mapec101: "Cliff Mapes"
marcp101: "Phil Marchildon"
marim101: "Marty Marion"
marir102: "Red Marion"
marnh101: "Hal Marnie"
marsc101: "Cuddles Marshall"
marsc102: "C Marsh"
marsf101: "Fred Marsh"
marsm102: "Max Marshall"
marsw101: "Willard Marshall"
martb101: "Babe Martin"
martf101: "Fred Martin"
marth101: "Hersh Martin"
martj102: "Joe Marty"
martm101: "Morrie Martin"
martp103: "Pepper Martin"
martr103: "Ray Martin"
marts103: "Stu Martin"
masip101: "Phil Masi"
mastp101: "Paul Masterson"
mastw101: "Walt Masterson"
mattb101: "Bobby Mattick"
mattd101: "Dale Matthewson"
maucg101: "Gene Mauch"
maund101: "Dick Mauney"
maurc101: "Carmen Mauro"
mavib101: "Bob Mavis"
may-p101: "Pinky May"
maynb101: "Buster Maynard"
mayoe101: "Eddie Mayo"
mayoj101: "Jackie Mayo"
mazzm101: "Mel Mazzera"
mcbrt101: "Tom McBride"
mccab106: "Bill McCahan"
mccad101: "Dutch McCall"
mccaj104: "Johnny McCarthy"
mccaj106: "Jerry McCarthy"
mccar102: "Ralph McCabe"
mccaw102: "Windy McCall"
mccob101: "Barney McCosky"
mccob102: "Benny McCoy"
mccof101: "Frank McCormick"
mccom101: "Mike McCormick"
mccrl101: "Les McCrabb"
mccuc101: "Clyde McCullough"
mccup101: "Phil McCullough"
mcdem102: "Mickey McDermott"
mcdoj101: "Jim McDonnell"
mcelf101: "F McElyear"
mcfah101: "Howie McFarland"
mcgae101: "Eddie McGah"
mcgeb101: "Bill McGee"
mcghb101: "Bill McGhee"
mcgij104: "John McGillen"
mcglp101: "Pat McGlothin"
mcgom101: "Mickey McGowan"
mchaj101: "John McHale"
mckaa101: "Archie McKain"
mcker101: "Rogers McKee"
mclap102: "Pat McLaughlin"
mclic101: "Cal McLish"
mcnac101: "Carl McNabb"
mcnae101: "Eric McNair"
mcqug101: "George McQuinn"
mcqug102: "Glenn McQuillen"
meadc101: "Charlie Mead"
meder101: "Ray Medeiros"
medli101: "Irv Medlinger"
medwj101: "Joe Medwick"
meeks101: "Sammy Meeks"
meerr101: "Russ Meers"
meles101: "Sam Mele"
meltc101: "Cliff Melton"
meltr101: "Rube Melton"
merrl102: "Lloyd Merriman"
mertj101: "Jim Mertz"
merul101: "Lennie Merullo"
mesns101: "Steve Mesner"
methb101: "Bud Metheny"
meths101: "Scat Metha"
metkg101: "George Metkovich"
metrc101: "Charlie Metro"
metzw101: "William Metzig"
meyed101: "Dutch Meyer"
meyer101: "Russ Meyer"
michc101: "Cass Michaels"
miere101: "Ed Mierkowicz"
miggl101: "Larry Miggins"
miklh101: "Hank Miklos"
mikse101: "Eddie Miksis"
milec101: "Carl Miles"
miled101: "Dee Miles"
millb103: "Bob Miller"
millb108: "Buster Mills"
millb115: "Bill Mills"
mille104: "Eddie Miller"
millh101: "Hack Miller"
milll102: "Lefty Mills"
millo101: "Ox Miller"
millr111: "R Miller"
millw102: "Wally Millies"
millw106: "Whitey Miller"
milna101: "Al Milnar"
milnp101: "Pete Milne"
milom101: "Mike Milosevich"
minnp101: "Paul Minner"
minom101: "Minnie Minoso"
mitcd101: "Dale Mitchell"
mizej101: "Johnny Mize"
modam101: "Mike Modak"
molef101: "Fenton Mole"
monab101: "Blas Monaco"
monca101: "A Monchak"
monta102: "Al Montgomery"
montr101: "Rene Monteagudo"
moora102: "Anse Moore"
moord101: "Dee Moore"
moorg104: "Gene Moore"
moorj103: "Jo-jo Moore"
moorj104: "Johnny Moore"
moort102: "Terry Moore"
moorw102: "Whitey Moore"
mootj101: "Jake Mooty"
mosew101: "Wally Moses"
mossh101: "Howie Moss"
mossl101: "Les Moss"
mottb101: "Bitsy Mott"
moulg101: "Glen Moulder"
muelb101: "Bill Mueller"
mueld101: "Don Mueller"
muelh101: "Heinie Mueller"
muell101: "Leslie Mueller"
muelr101: "Ray Mueller"
mulch101: "Hugh Mulcahy"
mulld101: "Dick Mulligan"
mullm101: "Moon Mullen"
mullp101: "Pat Mullin"
muncb101: "Bob Muncrief"
mungr101: "Red Munger"
mungv101: "Van Mungo"
murpe101: "Ed Murphy"
murpj103: "Johnny Murphy"
murrr102: "Ray Murray"
murtd101: "Danny Murtaugh"
musis101: "Stan Musial"
mussb101: "Barney Mussill"
musta101: "Alex Mustaikis"
myatg102: "George Myatt"
myerb101: "Billy Myers"
myerb103: "Buddy Myer"
nageb101: "Bill Nagel"
nagys101: "Steve Nagy"
nahes101: "Sam Nahem"
napla101: "Al Naples"
narrs101: "Sam Narron"
nayle101: "Earl Naylor"
naymm101: "Mike Naymick"
neilt101: "Tommy Neill"
nelsl101: "Lou Nelson"
nelsr103: "Rocky Nelson"
nelst101: "Tommy Nelson"
newcd101: "Don Newcombe"
newhh101: "Hal Newhouser"
newlm101: "Maury Newlin"
newsb101: "Bobo Newsom"
newsd101: "Dick Newsome"
newss101: "Skeeter Newsome"
niarg101: "Gus Niarhos"
nichb101: "Bill Nicholson"
nichr101: "Roy Nichols"
nielm101: "Milt Nielsen"
niemb102: "Butch Nieman"
niemj101: "Jack Niemes"
niggj101: "Johnny Niggeling"
nitco101: "Otho Nitcholas"
nonnr101: "Red Nonnenkamp"
nortr101: "Ron Northey"
novil101: "Lou Novikoff"
novor101: "Rube Novotney"
nuxhj101: "Joe Nuxhall"
oanap101: "Prince Oana"
obrit103: "Tommy O'Brien"
ockew101: "Walter Ockey"
odeak101: "Ken O'Dea"
odeap101: "Paul O'Dea"
odomd101: "Dave Odom"
okril101: "Len Okrie"
olmol101: "Luis Olmo"
olseb101: "Barney Olsen"
olsev101: "Vern Olsen"
oneie102: "Emmett O'Neill"
oneij101: "John O'Neil"
ordet101: "Tony Ordenana"
orenj101: "Joe Orengo"
orrej101: "Joe Orrell"
ortib101: "Baby Ortiz"
ortir101: "Roberto Ortiz"
osgoc101: "Charlie Osgood"
ostef101: "Fritz Ostermueller"
ostrj101: "Joe Ostrowski"
ostrj102: "Johnny Ostrowski"
oterr101: "Reggie Otero"
ott-m101: "Mel Ott"
outlj101: "Jimmy Outlaw"
overs101: "Stubby Overmire"
owenm101: "Mickey Owen"
owenm102: "Marv Owen"
packf101: "Frankie Pack"
paddt101: "Tom Padden"
padgd101: "Don Padgett"
pafka101: "Andy Pafko"
pagej101: "Joe Page"
pagev101: "Vance Page"
paigs101: "Satchel Paige"
palie101: "Erv Palica"
palmm101: "Mike Palm"
papaa101: "Al Papai"
papif101: "Frank Papish"
parit101: "Tony Parisse"
parnm101: "Mel Parnell"
parsd101: "Dixie Parsons"
partr101: "Roy Partee"
parts101: "Stan Partenheimer"
passc101: "Claude Passeau"
patrb101: "B Patrick"
pattg102: "Gene Patton"
pawet101: "Ted Pawelek"
peacj101: "Johnny Peacock"
peari101: "Ike Pearson"
pearj101: "Jim Pearce"
pearm101: "Monte Pearson"
peckh101: "Hal Peck"
peeks101: "Steve Peek"
pelle101: "Eddie Pellagrini"
perkh101: "Harry Perkowski"
perml101: "Len Perme"
perrb102: "Boyd Perry"
peskj101: "Johnny Pesky"
peteb103: "Bill Peterman"
petek101: "Kent Peterson"
peter101: "Rusty Peters"
petes101: "S Peterson"
pfisg101: "G Pfister"
pfunl101: "Lee Pfund"
phelb101: "Babe Phelps"
phild102: "Dave Philley"
phild104: "Damon Phillips"
philj101: "Jack Phillips"
philj102: "Jack Phillips"
piccn101: "Nick Picciuto"
picom101: "Mario Picone"
pieca101: "Al Piechota"
pierb101: "Billy Pierce"
pierm101: "Marino Pieretti"
pikej101: "Jess Pike"
pilld101: "Duane Pillette"
pippc101: "Cotton Pippen"
platw101: "Whitey Platt"
poatr101: "Ray Poat"
podbb101: "Bud Podbielan"
podgj101: "Johnny Podgajny"
pofaj101: "Jimmy Pofahl"
polah101: "Hugh Poland"
polik101: "Ken Polivka"
pollh101: "Howie Pollet"
polll101: "Lou Polli"
polln101: "Nick Polly"
poolr101: "Ray Poole"
porta102: "Al Porto"
portb102: "Bob Porterfield"
poseb102: "Bill Posedel"
possl101: "Lou Possehl"
postw101: "Wally Post"
pottn102: "Nelson Potter"
powej106: "Jake Powell"
pramj101: "Johnny Pramesa"
preim101: "Mel Preibisch"
prenj101: "Jim Prendergast"
prest101: "Tot Pressnell"
pricj103: "Jackie Price"
pridj101: "Jerry Priddy"
primr101: "Ray Prim"
pruej101: "Jim Pruett"
pylee101: "Ewald Pyle"
pytlf101: "Frankie Pytlak"
queem101: "Mel Queen"
quinf104: "Frank Quinn"
quinw101: "Wellington Quinn"
rachs101: "S Rachesnik"
rackm101: "Marv Rackley"
radcr101: "Rip Radcliff"
raffk101: "Ken Raffensberger"
ramab101: "Bob Ramazzotti"
rambp102: "Pep Rambert"
ramoc101: "Chucho Ramos"
ramsb101: "Bill Ramsey"
ramsw101: "Willie Ramsdell"
raner101: "Ribs Raney"
rappe101: "Earl Rapp"
rascv101: "Vic Raschi"
rebea101: "Art Rebel"
reedb101: "Bill Reeder"
reesp101: "Peewee Reese"
reich101: "Herman Reich"
reide101: "Earl Reid"
reisp101: "Pete Reiser"
repab101: "Bob Repass"
rescx101: "Xavier Rescigno"
restd101: "Dino Restelli"
reyen101: "Nap Reyes"
reyna102: "Allie Reynolds"
reynd102: "Danny Reynolds"
rhawr101: "Rocky Rhawn"
riced101: "Del Rice"
riceh102: "Hal Rice"
ricel101: "Len Rice"
richd103: "Don Richmond"
richk101: "Ken Richardson"
richp101: "Paul Richards"
richw101: "Woody Rich"
rickm101: "Marv Rickert"
ridde101: "Elmer Riddle"
riddj101: "Johnny Riddle"
riebh101: "Hank Riebe"
riggl101: "Lew Riggs"
rignb101: "Bill Rigney"
rignj101: "Johnny Rigney"
rikac101: "Culley Rikard"
rilel101: "Lee Riley"
rippc101: "C Ripple"
rippj101: "Jimmy Ripple"
rizzj101: "Johnny Rizzo"
rizzp101: "Phil Rizzuto"
rober102: "Robin Roberts"
rober104: "Red Roberts"
robes101: "Skippy Roberge"
robes102: "Sherry Robertson"
robia101: "Aaron Robinson"
robie101: "Eddie Robinson"
robij101: "Jack Robinson"
robij103: "Jackie Robinson"
roccm101: "Mike Rocco"
rocha101: "Armando Roche"
rochl101: "Lou Rochelli"
rodgb101: "Bill Rodgers"
roe-p101: "Preacher Roe"
rogeb102: "Billy Rogell"
rogos101: "Saul Rogovin"
rojes101: "Stan Rojek"
rolfr101: "Red Rolfe"
rootc101: "Charlie Root"
rosab101: "Buddy Rosar"
rosea101: "Al Rosen"
roseg101: "Goody Rosen"
rosel101: "Larry Rosenthal"
roses101: "Steve Roser"
rossb102: "Buck Ross"
rossc103: "Chet Ross"
rossd101: "Don Ross"
rossf101: "Frank Rosso"
rotbm101: "Marv Rotblatt"
rothb103: "Bob Rothel"
roweb101: "Bama Rowell"
rowes101: "Schoolboy Rowe"
roy-j101: "Jean-pierre Roy"
rubea101: "Al Rubeling"
ruckj101: "Johnny Rucker"
rudoe101: "Ernie Rudolph"
rufer101: "Rudy Rufer"
ruffr101: "Red Ruffing"
rullj101: "Joe Rullo"
rushb101: "Bob Rush"
russj102: "Jim Russell"
russj103: "Jack Russell"
russm101: "Marius Russo"
russr101: "Rip Russell"
ruszh101: "Hank Ruszkowski"
rutnm101: "Mickey Rutner"
ryanc102: "Connie Ryan"
rybam101: "Mike Ryba"
safft101: "Tom Saffell"
sainj101: "Johnny Sain"
salkb101: "Bill Salkeld"
saltj101: "Jack Saltzgaver"
salvj101: "Jack Salveson"
salvm101: "Manny Salvo"
sandd101: "Dee Sanders"
sandm101: "Mike Sandlock"
sandr102: "Ray Sanders"
sanff101: "Fred Sanford"
sanfj102: "Jack Sanford"
sanie101: "Ed Sanicki"
sauee101: "Eddie Sauer"
saueh101: "Hank Sauer"
savab101: "Bob Savage"
savad101: "Don Savage"
sawac101: "Carl Sawatski"
saylb101: "Bill Sayles"
scalj102: "Jerry Scala"
scarl101: "Les Scarsella"
scarr102: "Ray Scarborough"
schac101: "Charley Schanz"
schag102: "George Scharein"
schah103: "Hal Schacker"
schar102: "Roy Schalk"
scheb101: "Bob Scheffing"
schec101: "Carl Scheib"
scheh103: "Hank Schenz"
schem101: "Mike Schemer"
scheo101: "Owen Scheetz"
schln101: "Norm Schlueter"
schmf101: "Freddy Schmidt"
schmh102: "Hank Schmulbach"
schmj101: "Johnny Schmitz"
schor101: "Red Schoendienst"
schrp102: "Paul Schreiber"
schub102: "Bill Schuster"
schuh101: "Howie Schultz"
schuh103: "Hal Schumacher"
schuh104: "Ham Schulte"
schuj103: "Joe Schultz"
schul101: "Len Schulte"
schum101: "Mike Schultz"
schwb104: "Blackie Schwamb"
scotl101: "Lefty Scott"
seark101: "Ken Sears"
seatt101: "Tom Seats"
secof101: "Frank Secory"
seedb101: "Bob Seeds"
seerp101: "Pat Seerey"
selkg101: "George Selkirk"
semia101: "Andy Seminick"
sepkt101: "Ted Sepkowski"
sereb101: "Bill Serena"
sessw101: "Walter Sessi"
sewaf101: "Frank Seward"
sewel101: "Luke Sewell"
sewer101: "Rip Sewell"
sexae101: "Elmer Sexauer"
shanb102: "Bobby Shantz"
sheam102: "Merv Shea"
sheas101: "Spec Shea"
shems101: "Steve Shemo"
shepb101: "Bert Shepard"
shern101: "Neill Sheridan"
shirt101: "Tex Shirley"
shofm101: "Milt Shoffner"
shofs101: "Strick Shofner"
shoke101: "Eddie Shokes"
shord101: "Dave Short"
shorr101: "Ray Shore"
shouc101: "Clyde Shoun"
shubg101: "George Shuba"
shumh101: "Harry Shuman"
shupv101: "Vince Shupe"
siebd102: "Dick Siebert"
sievr101: "Roy Sievers"
signw101: "Walter Signer"
silvc101: "Charlie Silvera"
silvk101: "Ken Silvestri"
simma101: "Al Simmons"
simmc101: "Curt Simmons"
simmj102: "John Simmons"
singe101: "Elmer Singleton"
siped101: "Dick Sipek"
sisld101: "Dick Sisler"
sists101: "Sibby Sisti"
skaff101: "Frank Skaff"
sketb101: "Bud Sketchley"
slaue101: "Enos Slaughter"
sloab101: "Bruce Sloan"
sloal101: "Lefty Sloat"
smalr101: "Roy Smalley"
smazj101: "Joe Smaza"
smita104: "Al Smith"
smitc104: "Clay Smith"
smite105: "Eddie Smith"
smitm105: "Mayo Smith"
smitv101: "Vinnie Smith"
smoll101: "Lee Smolin"
smyrc101: "Clancy Smyres"
snidd101: "Duke Snider"
soltm101: "Moose Solters"
soucb101: "Bud Souchock"
spahw101: "Warren Spahn"
speef101: "Floyd Speer"
spens101: "Stan Spence"
spinh101: "Hal Spindel"
sprah102: "Homer Spragins"
sproc101: "Charlie Sproull"
stait101: "Tuck Stainback"
stalg102: "George Staller"
stalg103: "Gerry Staley"
stalv101: "Virgil Stallcup"
stanc101: "Charley Stanceu"
stane101: "Eddie Stanky"
stard102: "Dick Starr"
starr101: "Ray Starr"
steib101: "Ben Steiner"
steir102: "Red Steiner"
stepb103: "Bryan Stephens"
stepj101: "Stephens.."
stepv101: "Vern Stephens"
stevc101: "Chuck Stevens"
steve101: "Ed Stevens"
stewb101: "Bud Stewart"
stewg101: "Glen Stewart"
stewm101: "Mack Stewart"
stewn101: "Neb Stewart"
stirs101: "Snuffy Stirnweiss"
stobc101: "Chuck Stobbs"
stond103: "Dick Stone"
stonr101: "Rocky Stoner"
stoua101: "Allan Stout"
straa102: "Alan Strange"
stril101: "Lou Stringer"
strin101: "Nick Strincevich"
stuam101: "Marlin Stuart"
sturb101: "Bobby Sturgeon"
sturj101: "Johnny Sturm"
suarl101: "Luis Suarez"
sudep101: "Pete Suder"
suhrg101: "Gus Suhr"
sukec101: "Clyde Sukeforth"
sullb103: "Billy Sullivan"
sullj102: "Joe Sullivan"
sullj104: "John Sullivan"
sullj110: "Jackie Sullivan"
sunds101: "Steve Sundra"
sunkt101: "Tom Sunkel"
surkm101: "Max Surkont"
suscg102: "George Susce"
suthd101: "Dizzy Sutherland"
swarb101: "Bud Swartz"
sweeh101: "Harry Sweeney"
swifb101: "Bill Swift"
swifb102: "Bob Swift"
swigo101: "Oad Swigart"
taboj101: "Jim Tabor"
talcr101: "Roy Talcott"
tamuv101: "Vito Tamulis"
tatea101: "Al Tate"
tatut101: "Tommy Tatum"
taylh101: "Harry Taylor"
tebbb101: "Birdie Tebbetts"
tepsj101: "Joe Tepsic"
terry101: "Yank Terry"
terww101: "Wayne Terwilliger"
thesj101: "Jug Thesenga"
thomb102: "Bud Thomas"
thomb105: "Bobby Thomson"
thomd102: "Don Thompson"
thomf109: "Forrest Thompson"
thomh103: "Hank Thompson"
thomj101: "Jocko Thompson"
thomj102: "Junior Thompson"
thuml101: "Lou Thuman"
tipte101: "Eric Tipton"
tiptj101: "Joe Tipton"
tobij102: "Jackie Tobin"
tobij103: "Jim Tobin"
tobip101: "P Tobin"
todda101: "Al Todd"
toenh101: "Hal Toenes"
tomaa101: "Andy Tomasic"
torge101: "Earl Torgeson"
torrg101: "Gil Torres"
tostl101: "Lou Tost"
toucc101: "Clay Touchstone"
travc101: "Cecil Travis"
trear101: "Red Treadway"
tresm101: "Mike Tresh"
trink101: "Ken Trinkle"
tripc101: "Coaker Triplett"
trosh101: "Hal Trosky"
trotb101: "Bill Trotter"
troud101: "Dizzy Trout"
trucv101: "Virgil Trucks"
tuckt102: "Thurman Tucker"
turce101: "Eddie Turchin"
turne101: "Earl Turner"
turnj102: "Jim Turner"
turnt102: "Tom Turner"
tyacj101: "Jim Tyack"
tysot101: "T Tyson"
uhl-b101: "Bob Uhle"
ulism101: "Mike Ulicny"
ullrs101: "Sandy Ullrich"
unsea101: "Al Unser"
usheb101: "Bob Usher"
valdr102: "Roy Valdes"
valoe101: "Elmer Valo"
vancj101: "Johnny Van Cuyk"
vandh101: "Hy Vandenberg"
vandj101: "Johnny Vander Meer"
vanrm101: "Maurice Van Robays"
vauga101: "Arky Vaughan"
vaugf102: "Fred Vaughn"
vaugp101: "Porter Vaughan"
ventv101: "Vince Ventura"
verbe101: "Emil Verban"
verda101: "Al Verdel"
vernm101: "Mickey Vernon"
vicos101: "Sam Vico"
vitej101: "Joe Vitelli"
voisb101: "Bill Voiselle"
vollc101: "Clyde Vollmer"
vosmj101: "Joe Vosmik"
wadeb101: "Ben Wade"
wadej101: "Jake Wade"
wagnc101: "Charlie Wagner"
wagnh102: "Hal Wagner"
wahlk101: "Kermit Wahl"
waite101: "Eddie Waitkus"
waked101: "Dick Wakefield"
walce101: "Ed Walczak"
walkd101: "Dixie Walker"
walkg101: "Gee Walker"
walkh101: "Hub Walker"
walkh102: "Harry Walker"
walkr101: "Rube Walker"
wallj102: "Jack Wallaesa"
walll102: "Lefty Wallace"
walln101: "Norm Wallen"
walsj107: "Junior Walsh"
waltb102: "Bucky Walters"
waltf101: "Fred Walters"
wanel101: "Lloyd Waner"
wanep101: "Paul Waner"
wardp101: "Preston Ward"
warnl101: "Lon Warneke"
warrb102: "Bennie Warren"
warrt101: "Tommy Warren"
warsr101: "Rabbit Warstler"
wasdj101: "Jimmy Wasdell"
washg103: "George Washburn"
weatr101: "Roy Weatherly"
webbb102: "Bill Webb"
webbl102: "Les Webber"
webbr101: "Red Webb"
webbs101: "Skeeter Webb"
wehmh101: "Herm Wehmeier"
weigr101: "Ralph Weigel"
weikd101: "Dick Weik"
weilb101: "Bob Weiland"
weile101: "Ed Weiland"
weine101: "Elmer Weingartner"
weinp101: "Phil Weintraub"
welaj101: "Johnny Welaj"
welcm101: "Milt Welch"
wellb101: "Bob Wellman"
wellj101: "Johnny Wells"
welll101: "Leo Wells"
weltd101: "Dick Welteroth"
wensb101: "Butch Wensloff"
wents101: "Stan Wentzel"
werbb101: "Billy Werber"
werlb101: "Bill Werle"
wertv101: "Vic Wertz"
westd101: "Dick West"
westl101: "Lefty West"
westm102: "Max West"
wests101: "Sam West"
westw101: "Wes Westrum"
westw102: "Wally Westlake"
wheaw101: "Woody Wheaton"
wheed101: "Don Wheeler"
wheee101: "Ed Wheeler"
whitb101: "Burgess Whitehead"
whitb106: "Barney White"
whitb107: "Bob Whitcher"
whitd103: "Dick Whitman"
whitd106: "Don White"
white103: "Ernie White"
whitf101: "Frank Whitman"
whitf104: "Fuzz White"
whith101: "Hal White"
whitj101: "Johnny Whitehead"
whitj104: "Jo-jo White"
wickk101: "Ken Wicker"
widma101: "Al Widmar"
wietw101: "Whitey Wietelmann"
wighb101: "Bill Wight"
wilbc101: "Claude Wilborn"
wilbd101: "Del Wilber"
wilkb101: "Bobby Wilkins"
wilkl101: "Lefty Wilkie"
wilkt101: "Ted Wilks"
willa103: "Ace Williams"
willd102: "Davey Williams"
willd109: "Dewey Williams"
willl102: "Les Willis"
willp102: "Papa Williams"
willt103: "Ted Williams"
willw101: "Woody Williams"
wilsg103: "Grady Wilson"
wilsj103: "Jack Wilson"
wilsj104: "Jim Wilson"
wilsj105: "Jimmy Wilson"
wilsm101: "Max Wilson"
wilsw102: "Walter Wilson"
winer101: "Ralph Winegarner"
wiser102: "Roy Wise"
witem101: "Mickey Witek"
wittj101: "Johnny Wittig"
wittj102: "Jerry Witte"
wolfr102: "Roger Wolff"
woodg101: "Gene Woodling"
woodg102: "George Woodend"
woodj101: "Joe Wood"
woodj104: "Joe Wood"
woodk101: "Ken Wood"
woodp102: "Pinky Woods"
wootj101: "Junior Wooten"
workc101: "Chuck Workman"
wriga101: "Ab Wright"
wrige101: "Ed Wright"
wrigt101: "Tom Wright"
wrigt102: "Taffy Wright"
wurmf101: "Frank Wurm"
wyatw101: "Whit Wyatt"
wynne101: "Early Wynn"
wyroj101: "Johnny Wyrostek"
wyseh101: "Hank Wyse"
yankg101: "George Yankowski"
yochr101: "Ray Yochim"
yorkr101: "Rudy York"
yorkt102: "Tony York"
yoste101: "Eddie Yost"
younb101: "Bobby Young"
younb102: "Babe Young"
yound105: "Del Young"
younp101: "Pep Young"
yvars101: "Sal Yvars"
zabaa101: "Adrian Zabala"
zachc102: "Chink Zachary"
zak-f101: "Frankie Zak"
zardj101: "Jose Zardon"
zaria101: "Al Zarilla"
zerng101: "Gus Zernial"
zienb101: "Benny Zientara"
zimmr101: "Roy Zimmerman"
zinsb101: "Bill Zinser"
zolds101: "Sam Zoldak"
zubeb101: "Bill Zuber"
