aased001: "Don Aase"
abbog001: "Glenn Abbott"
abboj001: "Jim Abbott"
abnes001: "Shawn Abner"
abrej001: "Johnny Abrego"
ackej001: "Jim Acker"
adamg101: "Glenn Adams"
adamr001: "Ricky Adams"
adduj001: "Jim Adduci"
afent001: "Troy Afenir"
agosj001: "Juan Agosto"
agual001: "Luis Aguayo"
aguir001: "Rick Aguilera"
aikew001: "Willie Aikens"
aingd101: "Danny Ainge"
akerd001: "Darrel Akerfelds"
albag001: "Gibson Alba"
aldrj001: "Jay Aldrich"
aldrm001: "Mike Aldrete"
alexd001: "Doyle Alexander"
alexg101: "Gary Alexander"
alexm101: "Matt Alexander"
alicl001: "Luis Alicea"
allaa001: "Andy Allanson"
allab101: "Brian Allard"
alleg001: "Gary Allenson"
allej101: "Jamie Allen"
allek101: "Kim Allen"
allen001: "Neil Allen"
aller001: "Rod Allen"
allrb001: "Beau Allred"
almob001: "Bill Almon"
alomr001: "Roberto Alomar"
aloms001: "Sandy Alomar"
alstd101: "Dell Alston"
altap001: "Porfi Altamirano"
alvaj001: "Jose Alvarez"
alvaw001: "Wilson Alvarez"
amele001: "Ed Amelung"
andea001: "Allan Anderson"
andeb001: "Brady Anderson"
andeb101: "Bud Anderson"
anded001: "Dave Anderson"
andej001: "Jim Anderson"
andek001: "Kent Anderson"
andel001: "Larry Andersen"
ander001: "Rick Anderson"
ander101: "Rick Anderson"
andes001: "Scott Anderson"
anduj001: "Joaquin Andujar"
anthe001: "Eric Anthony"
aponl001: "Luis Aponte"
appik001: "Kevin Appier"
aquil001: "Luis Aquino"
armat001: "Tony Armas"
armsj001: "unknown Armstrong"
armsm001: "Mike Armstrong"
arndl001: "Larry Arndt"
arnos001: "Scott Arnold"
arnot001: "Tony Arnold"
arnsb001: "Brad Arnsberg"
arrof001: "Fernando Arroyo"
asadr001: "Randy Asadoor"
ashba001: "Alan Ashby"
ashft001: "Tucker Ashford"
asseb101: "Brian Asselstine"
assep001: "Paul Assenmacher"
athek001: "Keith Atherton"
auerr101: "Rick Auerbach"
augud001: "Don August"
auguj001: "Jerry Augustine"
aultd101: "Doug Ault"
avilr101: "Ramon Aviles"
ayalb001: "Benny Ayala"
babcb101: "Bob Babcock"
babis101: "Shooty Babitt"
backw001: "Wally Backman"
bacsm101: "Mike Bacsik"
bahns101: "Stan Bahnsen"
bailb001: "Bob Bailor"
bailh101: "Howard Bailey"
bailm001: "Mark Bailey"
bails001: "Scott Bailes"
bainh001: "Harold Baines"
baird001: "Doug Bair"
bakec101: "Chuck Baker"
baked001: "Doug Baker"
baked002: "Dusty Baker"
baked101: "Dave Baker"
bakes101: "Steve Baker"
balbs001: "Steve Balboni"
ballj001: "Jay Baller"
ballj002: "Jeff Ballard"
bandc001: "Chris Bando"
bands101: "Sal Bando"
banks001: "Scott Bankhead"
banna001: "Alan Bannister"
bannf001: "Floyd Bannister"
barfj001: "Jesse Barfield"
barfj002: "John Barfield"
bargg001: "Greg Bargar"
barkj001: "Jeff Barkley"
barkl001: "Len Barker"
barlm101: "Mike Barlow"
barnr101: "Rich Barnes"
barns001: "Skeeter Barnes"
baros001: "Salome Barojas"
barrf101: "Francisco Barrios"
barrg101: "German Barranca"
barrj101: "Jim Barr"
barrj102: "Jose Barrios"
barrm001: "Marty Barrett"
barrt001: "Tim Barrett"
barrt002: "Tom Barrett"
bassk001: "Kevin Bass"
bassr101: "Randy Bass"
bateb001: "Billy Bates"
bathb001: "Bill Bathe"
batik001: "Kevin Batiste"
baumr101: "Ross Baumgarten"
bautj001: "Jose Bautista"
bayld001: "Don Baylor"
bealb101: "Bob Beall"
beamc101: "Charlie Beamon"
beanb001: "Billy Beane"
beanb002: "Bill Bean"
beard001: "Dave Beard"
beatb001: "Blaine Beatty"
beatj001: "Jim Beattie"
beckj001: "Joe Beckwith"
bedrs001: "Steve Bedrosian"
beena001: "Andy Beene"
beher001: "Rick Behenna"
belam101: "Mark Belanger"
belct001: "Tim Belcher"
belis001: "Stan Belinda"
bellb001: "Buddy Bell"
belle001: "Eric Bell"
bellg001: "George Bell"
bellj001: "Jay Bell"
bellj002: "Joey Belle"
bellj003: "Juan Bell"
bellk101: "Kevin Bell"
bellr001: "Rafael Belliard"
bellt001: "Terry Bell"
bencj101: "Johnny Bench"
benea001: "Andy Benes"
beneb001: "Bruce Benedict"
benij001: "Juan Beniquez"
benjm001: "Mike Benjamin"
bentb001: "Butch Benton"
benzt001: "Todd Benzinger"
bereb001: "Bruce Berenyi"
berej001: "Juan Berenguer"
bergd001: "Dave Bergman"
bernd101: "Dwight Bernard"
bernt001: "Tony Bernazard"
berrd001: "Dale Berra"
berrd002: "Damon Berryhill"
berrg001: "Geronimo Berroa"
bestk001: "Karl Best"
bettj001: "Jeff Bettendorf"
bevak001: "Kurt Bevacqua"
bianb001: "Buddy Biancalana"
bibbj001: "Jim Bibby"
bichd001: "Dante Bichette"
bielm001: "Mike Bielecki"
biggc001: "Craig Biggio"
biitl101: "Larry Biittner"
bilad001: "Dann Bilardello"
billj101: "Jack Billingham"
birdd101: "Doug Bird"
birkm001: "Mike Birkbeck"
birtt001: "Tim Birtsas"
bishm101: "Mike Bishop"
bittj001: "Jeff Bittiger"
bjorg101: "George Bjorkman"
blacb001: "Buddy Black"
blact101: "Tim Blackwell"
blaid101: "Dennis Blair"
blaip101: "Paul Blair"
blank001: "Kevin Blankenship"
blanl001: "Lance Blankenship"
blanl101: "Larvell Blanks"
blauj001: "Jeff Blauser"
bloct001: "Terry Blocker"
blowm001: "Mike Blowers"
bluev001: "Vida Blue"
blylb001: "Bert Blyleven"
bochb001: "Bruce Bochte"
bochb002: "Bruce Bochy"
bockr001: "Randy Bockus"
boddm001: "Mike Boddicker"
boevj001: "Joe Boever"
boget101: "Terry Bogener"
boggt001: "Tommy Boggs"
boggw001: "Wade Boggs"
bohnj101: "John Bohnet"
boitd101: "Dan Boitano"
boltt001: "Tom Bolton"
bombm101: "Mark Bomback"
bondb001: "Barry Bonds"
bondb101: "Bobby Bonds"
bonhb101: "Bill Bonham"
bonib001: "Bobby Bonilla"
bonij001: "Juan Bonilla"
bonnb001: "Barry Bonnell"
bonnb101: "Bobby Bonner"
bookg001: "Greg Booker"
bookr001: "Rod Booker"
boonb001: "Bob Boone"
boond101: "Danny Boone"
borbp101: "Pedro Borbon"
bordb101: "Bill Bordley"
bordp001: "Pat Borders"
bordr001: "Rich Bordi"
borgg101: "Glenn Borgmann"
borip101: "Paul Boris"
boser101: "Rick Bosetti"
bosic001: "Chris Bosio"
boslt001: "Thad Bosley"
bostd001: "Daryl Boston"
boted001: "Derek Botelho"
bottr101: "Ralph Botting"
bourc101: "Chris Bourjos"
bowal001: "Larry Bowa"
bowes101: "Sam Bowen"
boydo001: "Oil Can Boyd"
boyld101: "Doe Boyland"
bradb001: "Brian Brady"
bradb101: "Bert Bradley"
bradl101: "Larry Bradford"
bradm101: "Mark Bradley"
bradp001: "Phil Bradley"
brads001: "Scott Bradley"
bragg001: "Glenn Braggs"
branj001: "Jeff Brantley"
branm001: "Mickey Brantley"
branm101: "Marshall Brant"
braus001: "Steve Braun"
breas001: "Sid Bream"
breif001: "Fred Breining"
brenb001: "Bob Brenly"
brent001: "Tom Brennan"
brenw001: "William Brennan"
bretg001: "George Brett"
bretk101: "Ken Brett"
brewm001: "Mike Brewer"
brewt001: "Tony Brewer"
brigd101: "Dan Briggs"
brilg001: "Greg Briley"
brizt001: "Tony Brizzolara"
brocg001: "Greg Brock"
brohj101: "Jack Brohamer"
brooh001: "Hubie Brooks"
broot001: "Tom Brookens"
broum001: "Mark Brouhard"
browb001: "Bobby Brown"
browb002: "Rob Brower"
browc001: "C Brown"
browc002: "Chris Brown"
browd001: "Darrell Brown"
browj001: "Jerry Browne"
browk001: "Kevin Brown"
browk002: "Keith Brown"
browm001: "Mark Brown"
browm002: "Mike Brown"
browm003: "Mike Brown"
browm004: "Marty Brown"
brows001: "Steve Brown"
brows101: "Scott Brown"
browt001: "Tom Browning"
brumg001: "Glenn Brummer"
brumm001: "Mike Brumley"
brunt001: "Tom Brunansky"
brusw001: "Warren Brusstar"
bryar001: "Ralph Bryant"
brydt001: "T.R. Bryden"
buchb001: "Bob Buchanan"
buckb001: "Bill Buckner"
buckk001: "Kevin Buckley"
budam101: "Mark Budaska"
buecs001: "Steve Buechele"
buhnj001: "Jay Buhner"
buicd001: "DeWayne Buice"
bullb101: "Bud Bulling"
bulle001: "Eric Bullock"
bumba001: "Al Bumbry"
burgt001: "Tom Burgmeier"
burke001: "Ellis Burks"
burkj001: "John Burkett"
burkt001: "Tim Burke"
burlr001: "Rick Burleson"
burnb001: "Britt Burns"
burns101: "Sheldon Burnside"
burnt001: "Todd Burns"
burrj001: "Jeff Burroughs"
burrr001: "Ray Burris"
burtd001: "Dennis Burtt"
busbs101: "Steve Busby"
bushr001: "Randy Bush"
buskt101: "Tom Buskey"
butcj001: "John Butcher"
butes001: "Sal Butera"
butlb001: "Brett Butler"
byerr001: "Randy Byers"
bystm001: "Marty Bystrom"
cabee001: "Enos Cabell"
cabrf001: "Francisco Cabrera"
cadag001: "Greg Cadaret"
caldi001: "Ivan Calderon"
caldm001: "Mike Caldwell"
calhj001: "Jeff Calhoun"
callb101: "Ben Callahan"
calvm001: "Mark Calvert"
camae001: "Ernie Camacho"
camik001: "Ken Caminiti"
campb001: "Bill Campbell"
campb101: "Bert Campaneris"
campm001: "Mike Campbell"
campr001: "Rick Camp"
camps001: "Sil Campusano"
canag001: "George Canale"
candc001: "Casey Candaele"
candj001: "John Candelaria"
candt001: "Tom Candiotti"
cangj001: "John Cangelosi"
cannj101: "Joe Cannon"
canoj001: "Jose Cano"
cansj001: "Jose Canseco"
capem001: "Mike Capel"
capid101: "Doug Capilla"
cappg101: "George Cappuzzello"
caprn001: "Nick Capra"
carbb101: "Bernie Carbo"
cardj101: "Jose Cardenal"
carer001: "Rod Carew"
carls001: "Steve Carlton"
carmd001: "Don Carman"
carpc001: "Cris Carpenter"
carrm001: "Mark Carreon"
cartg001: "Gary Carter"
cartj001: "Joe Carter"
carts001: "Steve Carter"
caryc001: "Chuck Cary"
cashd101: "Dave Cash"
castb101: "Bill Castro"
castc001: "Carmelo Castillo"
castj001: "John Castino"
castj002: "Juan Castillo"
castm001: "Marty Castillo"
castm101: "Manny Castillo"
castr001: "Robert Castillo"
castt001: "Tony Castillo"
catok001: "Keefe Cato"
caudb001: "Bill Caudill"
cecej001: "Jose Cecena"
cedec001: "Cesar Cedeno"
ceror001: "Rick Cerone"
ceruj001: "John Cerutti"
cey-r001: "Ron Cey"
chadr001: "Ray Chadwick"
chald101: "Dave Chalk"
chama001: "Al Chambers"
chamc001: "Chris Chambliss"
chamc101: "Craig Chamberlain"
chaph101: "Harry Chappas"
chapk001: "Kelvin Chapman"
charj101: "Joe Charboneau"
charn001: "Norm Charlton"
chiff001: "Floyd Chiffer"
chilr001: "Rocky Childress"
chric001: "Clay Christiansen"
chrig101: "Gary Christenson"
chrij001: "John Christensen"
chril101: "Larry Christenson"
chrim101: "Mike Chris"
chris001: "Steve Christmas"
ciarm001: "Mark Ciardi"
ciasd101: "Darryl Cias"
citar001: "Ralph Citarella"
clanj001: "Jim Clancy"
clarb001: "Bryan Clark"
clarb002: "Bob Clark"
clard001: "Dave Clark"
clarj001: "Jack Clark"
clarj002: "N/A Clark"
clarm001: "Marty Clary"
clars001: "Stan Clarke"
clart001: "Terry Clark"
clarw001: "Will Clark"
clayd001: "Danny Clay"
clayk101: "Ken Clay"
cleam001: "Mark Clear"
clemp001: "Pat Clements"
clemr001: "Roger Clemens"
clevr101: "Reggie Cleveland"
clibs001: "Stew Cliburn"
clibs101: "Stan Cliburn"
clutb001: "Bryan Clutterbuck"
cocaj001: "Jaime Cocanower"
cochd001: "Dave Cochrane"
codic001: "Chris Codiroli"
coffk001: "Kevin Coffman"
coled001: "Darnell Coles"
colev001: "Vince Coleman"
colld001: "Dave Collins"
colld101: "Don Collins"
combg101: "Geoff Combe"
combp001: "Pat Combs"
comes001: "Steve Comer"
comsk001: "Keith Comstock"
concd001: "Dave Concepcion"
conco001: "Onix Concepcion"
coned001: "David Cone"
connf001: "Fritzie Connally"
conrt001: "Tim Conroy"
contn101: "Nardi Contreras"
cookd001: "Dennis Cook"
cookg001: "Glen Cook"
cookm001: "Mike Cook"
cools001: "Scott Coolbaugh"
coopc001: "Cecil Cooper"
coopd001: "Don Cooper"
coopg101: "Gary Cooper"
coraj001: "Joey Cora"
corbd001: "Doug Corbett"
corbs001: "Sherman Corbett"
corct001: "Tim Corcoran"
corem101: "Mark Corey"
cornj001: "Jeff Cornell"
corre001: "Ed Correa"
corrv101: "Vic Correll"
corsj001: "Jim Corsi"
coser101: "Ray Cosey"
costj001: "John Costello"
cotth001: "Henry Cotto"
coucm101: "Mike Couchee"
cowea001: "Al Cowens"
cowlj001: "Joe Cowley"
cox-d001: "Danny Cox"
cox-j101: "Jeff Cox"
cox-l101: "Larry Cox"
cox-t101: "Ted Cox"
crair001: "Rod Craig"
craws001: "Steve Crawford"
creek001: "Keith Creel"
crewt001: "Tim Crews"
crimc001: "Chuck Crim"
cromw101: "Warren Cromartie"
crouz001: "Zach Crouch"
crowd101: "Don Crow"
crowt101: "Terry Crowley"
cruzh101: "Heity Cruz"
cruzj001: "Jose Cruz"
cruzj002: "Julio Cruz"
cruzt001: "Todd Cruz"
cruzv101: "Victor Cruz"
cubbm101: "Mike Cubbage"
culmw101: "Wil Culmer"
cumms001: "Steve Cummings"
currs001: "Steve Curry"
curtj001: "Jack Curtis"
dacqj101: "John D'Acquisto"
dadep101: "Paul Dade"
dalep001: "Peter Dalena"
danik001: "Kal Daniels"
darlr001: "Ron Darling"
darwd001: "Danny Darwin"
dascd001: "Doug Dascenzo"
datzj001: "Jeff Datz"
dauer001: "Rich Dauer"
daugj001: "Jack Daugherty"
dauld001: "Darren Daulton"
davav101: "Vic Davalillo"
davia001: "Andre David"
davia002: "Alvin Davis"
davib001: "Butch Davis"
davib002: "Bob Davidson"
davib101: "Bob Davis"
davic001: "Chili Davis"
david001: "Doug Davis"
david101: "Dick Davis"
davie001: "Eric Davis"
davig001: "Glen Davis"
davig002: "Gerry Davis"
davij001: "Jody Davis"
davij002: "Joel Davis"
davij003: "John Davis"
davim001: "Mark Davis"
davim002: "Mike Davis"
davim003: "Mark Davidson"
davio101: "Odie Davis"
davir001: "Ron Davis"
davis001: "Storm Davis"
davis002: "Steve Davis"
davit001: "Trench Davis"
dawlb001: "Bill Dawley"
dawsa001: "Andre Dawson"
dayeb001: "Brian Dayett"
daylk001: "Ken Dayley"
decid001: "Doug DeCinces"
deckm101: "Marty Decker"
dedmj001: "Jeff Dedmon"
deerr001: "Rob Deer"
dejei001: "Ivan DeJesus"
dejej001: "Jose DeJesus"
dejom101: "Mark DeJohn"
delej001: "Jose DeLeon"
delel001: "Luis DeLeon"
delol001: "Luis de los Santos"
dempm101: "Mark Dempsey"
dempr001: "Rick Dempsey"
denmb101: "Brian Denman"
dennj001: "John Denny"
densd001: "Drew Denson"
dentb001: "Bucky Dent"
dernb001: "Bob Dernier"
desaj001: "Joe DeSa"
deshj001: "Jim Deshaies"
desto001: "Orestes Destrade"
dethb101: "Bob Detherage"
devem001: "Mike Devereaux"
devia101: "Adrian Devine"
dewij001: "Jeff DeWillis"
diazb001: "Bo Diaz"
diazc001: "Carlos Diaz"
diaze001: "Edgar Diaz"
diazm001: "Mike Diaz"
diazm002: "Mario Diaz"
dibbr001: "Rob Dibble"
dillg001: "Gordon Dillard"
dills101: "Steve Dillard"
dilom001: "Miguel Dilone"
dimif001: "Frank DiMichele"
dipif001: "Frank DiPino"
disag001: "Gary Disarcina"
distb001: "Benny Distefano"
dixok001: "Ken Dixon"
dixot101: "Tom Dixon"
doddt001: "Tom Dodd"
dodsp001: "Pat Dodson"
donot101: "Tom Donohue"
dopsj001: "John Dopson"
dorab001: "Bill Doran"
dorsb001: "Brian Dorsett"
dorsj001: "Jim Dorsey"
dotsr001: "Richard Dotson"
dowek001: "Ken Dowell"
downb001: "Brian Downing"
downk001: "Kelly Downs"
doylb101: "Brian Doyle"
doylj101: "Jeff Doyle"
dozit001: "Tom Dozier"
drabd001: "Doug Drabek"
dragd101: "Dick Drago"
dravd001: "Dave Dravecky"
dresr101: "Rob Dressler"
drewc001: "Cameron Drew"
dried001: "Dan Driessen"
drumk101: "Keith Drumright"
drumt001: "Tim Drummond"
dubob001: "Brian DuBois"
duceb001: "Bob Ducey"
duesh101: "Hal Dues"
dunbt001: "Tom Dunbar"
duncm001: "Mariano Duncan"
dunnm001: "Mike Dunne"
dunss001: "Shawon Dunston"
durad101: "Dan Duran"
durhl001: "Leon Durham"
dwyej001: "Jim Dwyer"
dybzj001: "Jerry Dybzinski"
dyerd101: "Duffy Dyer"
dyerm001: "Mike Dyer"
dyksl001: "Lenny Dykstra"
earlb001: "Bill Earley"
earls001: "Scott Earl"
easll001: "Logan Easley"
easlm001: "Mike Easler"
eastj001: "Jamie Easterly"
eastr101: "Rawly Eastwick"
eaveg001: "Gary Eave"
ecked001: "Dennis Eckersley"
edelj101: "Joe Edelen"
edent001: "Tom Edens"
edled101: "Dave Edler"
edwad101: "Dave Edwards"
edwam101: "Mike Edwards"
edwam102: "Marshall Edwards"
edwaw001: "Wayne Edwards"
eichj001: "Juan Eichelberger"
eichm001: "Mark Eichhorn"
eilad001: "Dave Eiland"
eisej001: "Jim Eisenreich"
ellij101: "John Ellis"
ellir101: "Randy Elliott"
ellss001: "Steve Ellsworth"
elstk001: "Kevin Elster"
enges001: "Steve Engel"
engld001: "Dave Engle"
englr101: "Rick Engle"
eppaj001: "Jim Eppard"
ericr101: "Roger Erickson"
esasn001: "Nick Esasky"
escac101: "Chico Escarrega"
escoa001: "Angel Escobar"
espia001: "Alvaro Espinoza"
espij001: "Juan Espino"
espin101: "Nino Espinosa"
espyc001: "Cecil Espy"
essij001: "Jim Essian"
eufef001: "Frank Eufemia"
evanb101: "Barry Evans"
evand001: "Darrell Evans"
evand002: "Dwight Evans"
faedl001: "Lenny Faedo"
faheb101: "Bill Fahey"
falcp001: "Pete Falcone"
fallb001: "Bob Fallon"
fanss001: "Stan Fansler"
farme101: "Ed Farmer"
farrj001: "John Farrell"
farrj101: "Jim Farr"
farrs001: "Steve Farr"
feldm001: "Mike Felder"
felij001: "Junior Felix"
feltt101: "Terry Felton"
fergj101: "Joe Ferguson"
fermf001: "Felix Fermin"
ferns001: "Sid Fernandez"
fernt001: "Tony Fernandez"
ferrb101: "Bob Ferris"
ferrt001: "Tony Ferreira"
fettm001: "Mike Fetters"
fialn101: "Neil Fiala"
fidrm101: "Mark Fidrych"
fielb001: "Bruce Fields"
fielc001: "Cecil Fielder"
figue101: "Ed Figueroa"
figuj101: "Jesus Figueroa"
filet001: "Tom Filer"
filsp001: "Pete Filson"
fimpj001: "Jack Fimple"
fingr001: "Rollie Fingers"
finlc001: "Chuck Finley"
finls001: "Steve Finley"
fires001: "Steve Fireovid"
firod001: "Dan Firova"
fiscj001: "Jeff Fischer"
fiscm001: "Mike Fischlin"
fisct001: "Todd Fischer"
fishb001: "Brian Fisher"
fishj001: "John Fishel"
fiskc001: "Carlton Fisk"
fitzm001: "Mike Fitzgerald"
fitzm002: "mike Fitzgerald"
flanm001: "Mike Flanagan"
flant001: "Tim Flannery"
fletd001: "Darrin Fletcher"
flets001: "Scott Fletcher"
flinj101: "John Flinn"
flynd001: "Doug Flynn"
folem001: "Marv Foley"
folet001: "Tom Foley"
folit001: "Tim Foli"
fontr001: "Ray Fontenot"
footb101: "Barry Foote"
fordc001: "Curt Ford"
fordd001: "Dan Ford"
fordd101: "Dave Ford"
forsb001: "Bob Forsch"
forsk001: "Ken Forsch"
forst001: "Terry Forster"
fosst001: "Tony Fossas"
fostg001: "George Foster"
fowla001: "Alan Fowlkes"
franj001: "Johnny Franco"
franj002: "Julio Franco"
frant001: "Terry Francona"
frasw001: "Willie Fraser"
frazg001: "George Frazier"
freel001: "LaVel Freeman"
freem001: "Marvin Freeman"
freys001: "Steve Frey"
friap101: "Pepe Frias"
frobd001: "Doug Frobel"
froht001: "Todd Frohwirth"
frosd101: "Dave Frost"
frymw101: "Woodie Fryman"
fuenm001: "Mike Fuentes"
fulgj101: "John Fulgham"
fultb001: "Bill Fulton"
fundm001: "Mark Funderburk"
funkt001: "Tom Funk"
gaetg001: "Gary Gaetti"
gaffb001: "Brent Gaff"
gagng001: "Greg Gagne"
gaint001: "Ty Gainey"
galaa001: "Andres Galarraga"
galab101: "Bob Galasso"
galer001: "Rich Gale"
galld001: "Dave Gallagher"
gallm001: "Mike Gallego"
galvb001: "Balvino Galvez"
gambo001: "Oscar Gamble"
gantj001: "Jim Gantner"
gantr001: "Ron Gant"
garbb001: "Barbaro Garbey"
garbg001: "Gene Garber"
garcd001: "Damaso Garcia"
garcd101: "Danny Garcia"
garck001: "Kiko Garcia"
garcl001: "Leo Garcia"
garcm001: "Miguel Garcia"
gardm001: "Mark Gardner"
gardr001: "Ron Gardenhire"
gardw001: "Wes Gardner"
garlw101: "Wayne Garland"
garnp001: "Phil Garner"
garrr101: "Ralph Garr"
garrs001: "Scott Garrelts"
garvj101: "Jerry Garvin"
garvs001: "Steve Garvey"
gatem101: "Mike Gates"
gedmr001: "Rich Gedman"
geisd001: "Dave Geisel"
gerbc001: "Craig Gerber"
gereb001: "Bob Geren"
gerhk001: "Ken Gerhart"
geroc101: "Cesar Geronimo"
ghelt101: "Tony Ghelfi"
gibbj001: "John Gibbons"
gibsb001: "Bob Gibson"
gibsk001: "Kirk Gibson"
gibsp001: "Paul Gibson"
gideb001: "Byron Gideon"
gilbm001: "Mark Gilbert"
gileb001: "Brian Giles"
giraj001: "Joe Girardi"
gladd001: "Dan Gladden"
glavt001: "Tom Glavine"
gleaj001: "Jerry Gleaton"
glyne001: "Ed Glynn"
goltd101: "Dave Goltz"
gomel101: "Luis Gomez"
gomer001: "Randy Gomez"
gonzd001: "Denny Gonzalez"
gonzd101: "Dan Gonzales"
gonzg001: "German Gonzalez"
gonzj001: "Jose Gonzalez"
gonzj002: "Juan Gonzalez"
gonzj101: "Julio Gonzalez"
gonzo101: "Orlando Gonzalez"
gonzr001: "Rene Gonzales"
goodd001: "Dwight Gooden"
goodd101: "Danny Goodwin"
gordd001: "Don Gordon"
gordt001: "Tom Gordon"
gormt001: "Tom Gorman"
gossr001: "Rich Gossage"
gottj001: "Jim Gott"
gozzm001: "Mauro Gozzo"
gracm001: "Mark Grace"
grahd101: "Dan Graham"
grahl101: "Lee Graham"
granm001: "Mark Grant"
grant101: "Tom Grant"
grapr001: "Rick Grapenthin"
grayg101: "Gary Gray"
grayj001: "Jeff Gray"
grayl101: "Lorenzo Gray"
greec001: "Chris Green"
greed001: "David Green"
greeg001: "Gary Green"
greem001: "Mike Greenwell"
greet001: "Tommy Greene"
gregt001: "Tommy Gregg"
gricb001: "Bobby Grich"
grifa001: "Alfredo Griffin"
grifk001: "Ken Griffey"
grifk002: "Ken Griffey"
grifm001: "Mike Griffin"
grift101: "Tom Griffin"
grimj001: "Jason Grimsley"
grimr101: "Ross Grimsley"
grism001: "Marcus Grissom"
grosg001: "Greg Gross"
grosk001: "Kevin Gross"
grosw001: "Wayne Gross"
grotj101: "Jerry Grote"
grubj001: "John Grubb"
grubk001: "Kelly Gruber"
guanc001: "Cecilio Guante"
gubim001: "Mark Gubicza"
guerm101: "Mario Guerrero"
guerp001: "Pedro Guerrero"
guetl001: "Lee Guetterman"
guidr001: "Ron Guidry"
guilo001: "Ozzie Guillen"
guldb001: "Brad Gulden"
gullb001: "Bill Gullickson"
gullg101: "Glenn Gulliver"
gumpd001: "Dave Gumpert"
gural001: "Larry Gura"
guthm001: "Mark Guthrie"
gutij001: "Jackie Gutierrez"
guzmj001: "Jose Guzman"
gwosd001: "Doug Gwosdz"
gwync001: "Chris Gwynn"
gwynt001: "Tony Gwynn"
haasm001: "Moose Haas"
habyj001: "John Habyan"
hagek001: "Kevin Hagen"
hairj001: "Jerry Hairston"
halec001: "Chip Hale"
halie101: "Ed Halicki"
halla001: "Albert Hall"
halld001: "Drew Hall"
hallm001: "Mel Hall"
hamid001: "Darryl Hamilton"
hamid101: "Dave Hamilton"
hamij001: "Jeff Hamilton"
hamma001: "Atlee Hammaker"
hamms101: "Steve Hammond"
hancg001: "Garry Hancock"
hannp101: "Preston Hanna"
hanse001: "Erik Hanson"
hardj001: "Jack Hardy"
harga001: "Alan Hargesheimer"
hargm001: "Mike Hargrove"
harkm001: "Mike Harkey"
harll101: "Larry Harlow"
harnp001: "Pete Harnisch"
harpb001: "Brian Harper"
harpt001: "Terry Harper"
harrb101: "Bud Harrelson"
harrg001: "Greg Harris"
harrg002: "Greg Harris"
harrg003: "Gene Harris"
harrj101: "John Harris"
harrl001: "Lenny Harris"
harrt001: "Toby Harrah"
harrv101: "Vic Harris"
hartm001: "Mike Hart"
hartm002: "Mike Hartley"
hartm101: "Mike Hart"
hartp001: "Paul Hartzell"
harvb001: "Bryan Harvey"
hassa001: "Andy Hassler"
hassr001: "Ron Hassey"
hatcb001: "Billy Hatcher"
hatcm001: "Mickey Hatcher"
haust101: "Tom Hausman"
haveb001: "Brad Havens"
hawka001: "Andy Hawkins"
hayeb101: "Bill Hayes"
hayeb102: "Ben Hayes"
hayec001: "Charlie Hayes"
hayev001: "Von Hayes"
haywr001: "Ray Hayward"
hazed101: "Drungo Hazewood"
heare001: "Ed Hearn"
hearj001: "Jeff Hearron"
heatj001: "Jeff Heathcock"
heatk101: "Kelly Heath"
heatm001: "Mike Heath"
heatn001: "Neal Heaton"
heavd101: "Dave Heaverlo"
hebnr001: "Richie Hebner"
heepd001: "Danny Heep"
hegmb001: "Bob Hegman"
heimg001: "Gorman Heimueller"
heind001: "Don Heinkel"
hemos001: "Scott Hemond"
hendd001: "Dave Henderson"
hendg001: "George Hendrick"
hendk101: "Ken Henderson"
hendr001: "Rickey Henderson"
hends001: "Steve Henderson"
hengd001: "Dave Hengel"
henkt001: "Tom Henke"
hennm001: "Mike Henneman"
henrd001: "Dwayne Henry"
hensc001: "Chuck Hensley"
hereu001: "Ubaldo Heredia"
hernk001: "Keith Hernandez"
hernl001: "Larry Herndon"
hernl002: "Leonardo Hernandez"
hernm001: "Manny Hernandez"
hernp101: "Pedro Hernandez"
hernt001: "Toby Hernandez"
hernw001: "Willie Hernandez"
hernx001: "Xavier Hernandez"
herrt001: "Tom Herr"
herso001: "Orel Hershiser"
heskj001: "Joe Hesketh"
hetze001: "Eric Hetzel"
hibbg001: "Greg Hibbard"
hickk001: "Kevin Hickey"
higgm001: "Mark Higgins"
higut001: "Teddy Higuera"
hilld001: "Don Hill"
hillg001: "Glenallen Hill"
hillj101: "John Hiller"
hillk001: "Ken Hill"
hillm001: "Marc Hill"
hills001: "Shawn Hillegas"
hinsg101: "George Hinshaw"
hinzt001: "Tommy Hinzo"
hisll101: "Larry Hisle"
hobbj101: "John Hobbs"
hobsb101: "Butch Hobson"
hodge001: "Ed Hodge"
hodgp101: "Paul Hodgson"
hodgr001: "Ron Hodges"
hoffg001: "Glenn Hoffman"
hoffg002: "Guy Hoffman"
hoilc001: "Chris Hoiles"
holdf101: "Fred Holdsworth"
holla001: "Al Holland"
holmb001: "Brian Holman"
holms001: "Shawn Holman"
holms101: "Scott Holman"
holtb001: "Brian Holton"
holtr101: "Roger Holt"
honer001: "Rick Honeycutt"
hoodd101: "Don Hood"
hootb001: "Burt Hooton"
hornb001: "Bob Horner"
horns001: "Sam Horn"
hortr001: "Ricky Horton"
hortw101: "Willie Horton"
hoslt101: "Tim Hosley"
hostd001: "Dave Hostetler"
hougc001: "Charlie Hough"
housp001: "Paul Householder"
howam101: "Mike Howard"
howea001: "Art Howe"
howej001: "Jay Howell"
howej002: "Jack Howell"
howek001: "Ken Howell"
hower001: "Roy Howell"
howes001: "Steve Howe"
howid001: "Dann Howitt"
hoytl001: "Lamarr Hoyt"
hraba101: "Al Hrabosky"
hrbek001: "Kent Hrbek"
hubbg001: "Glenn Hubbard"
hudgd101: "Dave Hudgens"
hudlr001: "Rex Hudler"
hudsc001: "Charles Hudson"
huffm001: "Mike Huff"
huffp001: "Phil Huffman"
hughk001: "Keith Hughes"
huism001: "Mark Huismann"
hulet001: "Tim Hulett"
humet001: "Tom Hume"
huntr001: "Randy Hunt"
huppd001: "Dave Huppert"
hurdc001: "Clint Hurdle"
hursb001: "Bruce Hurst"
husoj001: "Jeff Huson"
huttt101: "Tom Hutton"
incap001: "Pete Incaviglia"
infaa001: "Alexis Infante"
innij001: "Jeff Innis"
iorgd001: "Dane Iorg"
iorgg001: "Garth Iorg"
irelt101: "Tim Ireland"
isalo101: "Orlando Isales"
iviem101: "Mike Ivie"
jackb001: "Bo Jackson"
jackc001: "Chuck Jackson"
jackd001: "Danny Jackson"
jackd002: "Darrin Jackson"
jackd101: "Darrell Jackson"
jackg101: "Grant Jackson"
jackk001: "Ken Jackson"
jackm001: "Michael Jackson"
jackr001: "Reggie Jackson"
jackr002: "Ron Jackson"
jackr003: "Roy Lee Jackson"
jacob001: "Brook Jacoby"
jameb001: "Bob James"
jamec001: "Chris James"
jamed001: "Dion James"
javis001: "Stan Javier"
jeffg001: "Gregg Jefferies"
jeffj101: "Jesse Jefferson"
jeffm001: "Mike Jeffcoat"
jeffs001: "Stan Jefferson"
jelkg001: "Greg Jelks"
jelts001: "Steve Jeltz"
jenkf101: "Ferguson Jenkins"
jennd001: "Doug Jennings"
jimeg001: "German Jimenez"
jimeh001: "Houston Jimenez"
johnb001: "Bill Johnson"
johnb101: "Bob Johnson"
johnc001: "Cliff Johnson"
johnd001: "Dave Johnson"
johng101: "Greg Johnston"
johnh001: "Howard Johnson"
johnj001: ":John Henry Johnson"
johnj002: "Jay Johnstone"
johnj003: "Joe Johnson"
johnl001: "Lance Johnson"
johnl101: "Lamar Johnson"
johnr001: "Randy Johnson"
johnr002: "Ron Johnson"
johnr003: "Roy Johnson"
johnr004: "Rondin Johnson"
johnr005: "Randy Johnson"
johnr101: "Randy Johnson"
johnt001: "Tommy John"
johnt101: "Tony Johnson"
johnw001: "Wallace Johnson"
jonea001: "Al Jones"
joneb001: "Bob Jones"
joneb002: "Barry Jones"
jonec001: "Chris Jones"
joned001: "Doug Jones"
jonej001: "Jeff Jones"
jonej002: "Jimmy Jones"
jonej101: "Jeff Jones"
jonel001: "Lynn Jones"
jonem001: "Mike Jones"
joneo001: "Odell Jones"
joner001: "Ross Jones"
joner002: "Ruppert Jones"
joner003: "Ricky Jones"
joner004: "Ron Jones"
joner101: "Randy Jones"
jonet001: "Tracy Jones"
jonet002: "Tim Jones"
jordr001: "Ricky Jordan"
jords001: "Scott Jordan"
jorgm001: "Mike Jorgensen"
jorgt001: "Terry Jorgensen"
josef001: "Felix Jose"
joshv101: "Von Joshua"
joynw001: "Wally Joyner"
jurae001: "Ed Jurak"
justd001: "David Justice"
kaatj101: "Jim Kaat"
kaind101: "Don Kainer"
kaisj001: "Jeff Kaiser"
karkr001: "Ron Karkovice"
kaufc001: "Curt Kaufman"
kearb001: "Bob Kearney"
keatg101: "Greg Keatley"
keedp001: "Pat Keedy"
keenj101: "Jeff Keener"
keetr101: "Rickey Keeton"
kellb001: "Bryan Kelly"
kellb002: "Roberto Kelly"
kellm101: "Mick Kelleher"
kellp101: "Pat Kelly"
kellp102: "Pat Kelly"
kemps001: "Steve Kemp"
kendf101: "Fred Kendall"
kennj101: "Junior Kennedy"
kennt001: "Terry Kennedy"
keoum001: "Matt Keough"
kepsk001: "Kurt Kepshire"
kerfc001: "Charlie Kerfeld"
kernj001: "Jim Kern"
kerrj101: "Joe Kerrigan"
key-j001: "Jimmy Key"
khals001: "Sam Khalifa"
kiefs001: "Steve Kiefer"
kilgp001: "Paul Kilgus"
kimmb101: "Bruce Kimm"
kingb101: "Brian Kingman"
kingd001: "Dave Kingman"
kinge001: "Eric King"
kingj001: "Jeff King"
kingm001: "Mike Kingery"
kinnd101: "Dennis Kinney"
kinnm001: "Mike Kinnunen"
kinzm001: "Matt Kinzer"
kippb001: "Bob Kipper"
kisob001: "Bruce Kison"
kittr001: "Ron Kittle"
klawt001: "Tom Klawitter"
klinj001: "Joe Klink"
klutm101: "Mickey Klutts"
knapc101: "Chris Knapp"
knepb001: "Bob Knepper"
knica001: "Alan Knicely"
knigr001: "Ray Knight"
knowd101: "Darold Knowles"
knudm001: "Mark Knudson"
kobek101: "Kevin Kobel"
kommb001: "Brad Komminsk"
koosj001: "Jerry Koosman"
kraej001: "Joe Kraemer"
kramr001: "Randy Kramer"
kravk101: "Ken Kravec"
krawr001: "Ray Krawczyk"
krenw001: "Wayne Krenchicki"
kreuc001: "Chad Kreuter"
krueb001: "Bill Krueger"
krugg101: "Gene Krug"
krukj001: "John Kruk"
krukm001: "Mike Krukow"
kubsg101: "Gil Kubski"
kucej101: "Jack Kucek"
kuhaf101: "Fred Kuhaulua"
kuipd001: "Duane Kuiper"
kunkj001: "Jeff Kunkel"
kuntr001: "Rusty Kuntz"
kutcr001: "Randy Kutcher"
laceb001: "Bob Lacey"
lacha101: "Al Lachowicz"
lacof001: "Frank LaCorte"
lacom001: "Mike LaCoss"
lacop101: "Pete LaCock"
lacyl001: "Leon Lacy"
laddp001: "Peter Ladd"
lafrr101: "Roger LaFrancois"
lagam001: "Mike Laga"
lagrl101: "Lerrin LaGrow"
lahtj001: "Jeff Lahti"
lakes001: "Steve Lake"
lampd001: "Dennis Lamp"
lampt001: "Tom Lampkin"
lancl001: "Les Lancaster"
lancr001: "Rick Lancellotti"
landb001: "Bill Landrum"
landk001: "Ken Landreaux"
landr001: "Rafael Landestoy"
landt001: "Tito Landrum"
langm001: "Mark Langston"
langr001: "Rick Langford"
lansc001: "Carney Lansford"
lansj101: "Jody Lansford"
lapod001: "Dave LaPoint"
larkb001: "Barry Larkin"
larkg001: "Gene Larkin"
larkp101: "Pat Larkin"
larod101: "Dave LaRoche"
larsd101: "Dan Larson"
laskb001: "Bill Laskey"
lathb001: "Bill Latham"
laudt001: "Tim Laudner"
lavam001: "Mike LaValliere"
laveg001: "Gary Lavelle"
law-r001: "Rudy Law"
law-v001: "Vance Law"
lawlt001: "Tom Lawless"
lawtm001: "Marcus Lawton"
lazoj001: "Jack Lazorko"
lea-c001: "Charlie Lea"
leacr001: "Rick Leach"
leact001: "Terry Leach"
leall001: "Luis Leal"
leart001: "Tim Leary"
lee-b101: "Bill Lee"
lee-m001: "Manuel Lee"
lee-m002: "Mark Lee"
lee-m101: "Mark Lee"
leepd001: "Dave Leeper"
lefej001: "Joe Lefebvre"
leffc001: "Craig Lefferts"
leflr101: "Ron LeFlore"
leggg001: "Greg Legg"
leibc001: "Charlie Leibrandt"
leipd001: "Dave Leiper"
leisj001: "John Leister"
leita001: "Al Leiter"
lemad101: "Dave Lemanczyk"
lemaj001: "Johnnie LeMaster"
lemkm001: "Mark Lemke"
lemoc001: "Chet Lemon"
lentj101: "Jim Lentine"
leond001: "Dennis Leonard"
leonj001: "Jeff Leonard"
lercr001: "Randy Lerch"
leslb001: "Brad Lesley"
lewad101: "Dennis Lewallyn"
lewij001: "Jim Lewis"
lezcc101: "Carlos Lezcano"
lezcs001: "Sixto Lezcano"
lickj101: "John Lickert"
lilld001: "Derek Lilliquist"
linar001: "Rufino Linares"
lindb001: "Bill Lindsey"
lindj001: "Jim Lindeman"
lindj002: "Jose Lind"
lirin001: "Nelson Liriano"
lisir101: "Rick Lisi"
littb001: "Bryan Little"
littd101: "Dennis Littlejohn"
littg001: "Greg Litton"
littj101: "Jeff Little"
littj102: "John Littlefield"
littl101: "Larry Littleton"
littm101: "Mark Littell"
litts001: "Scott Little"
locks101: "Skip Lockwood"
lollt001: "Tim Lollar"
lomad001: "Doug Loman"
lombp001: "Phil Lombardi"
lombs001: "Steve Lombardozzi"
longb001: "Bob Long"
longb002: "Bill Long"
lopea001: "Aurelio Lopez"
loped001: "Davey Lopes"
loucs001: "Scott Loucks"
lovev001: "Vance Lovelace"
lovij101: "Jay Loviglio"
lovut001: "Torri Lovullo"
lowej001: "John Lowenstein"
lowrd001: "Dwight Lowry"
loynm001: "Mike Loynd"
lozaw001: "Willie Lozado"
lubrs101: "Steve Lubratich"
lucag001: "Gary Lucas"
luebs101: "Steve Luebber"
luecr001: "Rick Luecken"
lugor001: "Rafael Lugo"
lum-m101: "Mike Lum"
lusas001: "Scott Lusader"
luzig001: "Greg Luzinski"
lyles101: "Sparky Lyle"
lynce001: "Ed Lynch"
lynnf001: "Fred Lynn"
lyonb001: "Bill Lyons"
lyonb002: "Barry Lyons"
lyons001: "Steve Lyons"
lysar001: "Rick Lysander"
macfm001: "Mike Macfarlane"
machj001: "Julio Machado"
machk101: "Ken Macha"
machm101: "Mike Macha"
mackp101: "Pete Mackanin"
macks001: "Shane Mack"
macks101: "Steve Macko"
mackt001: "Tony Mack"
macwk101: "Keith MacWhorter"
madde101: "Elliott Maddox"
maddg001: "Garry Maddox"
maddg002: "Greg Maddux"
maddm001: "Mike Madden"
maddm002: "Mike Maddux"
maddm003: "Morris Madden"
madis001: "Scotti Madison"
madlb001: "Bill Madlock"
madra001: "Alex Madrid"
magad001: "Dave Magadan"
magrj001: "Joe Magrane"
magrt001: "Tom Magrann"
mahlm001: "Mickey Mahler"
mahlr001: "Ricky Mahler"
maldc001: "Candy Maldonado"
malej101: "Jim Maler"
mallb001: "Bob Malloy"
mallr001: "Rob Mallicoat"
mankp101: "Phil Mankowski"
mannk001: "Kelly Mann"
mannr001: "Rick Manning"
manrf001: "Fred Manrique"
manuj101: "Jerry Manuel"
manwk001: "Kirt Manwaring"
manzr001: "Ra Manzanillo"
marsm001: "Mike Marshall"
marsm101: "Mike Marshall"
marta101: "Alfredo Martinez"
martb001: "Buck Martinez"
martc001: "Carmelo Martinez"
martc002: "Carlos Martinez"
martd001: "Dennis Martinez"
martd002: "Dave Martinez"
marte001: "Edgar Martinez"
martj001: "Jerry Martin"
martj101: "John Martin"
martm001: "Mike Martin"
martr001: "Renie Martin"
martr002: "Ramon Martinez"
martr101: "Randy Martz"
marts101: "Silvio Martinez"
martt001: "Tippy Martinez"
marzj001: "John Marzano"
masom001: "Mike Mason"
masor001: "Roger Mason"
matav001: "Victor Mata"
mathg001: "Greg Mathews"
mathr001: "Ron Mathis"
matlj101: "Jon Matlack"
mattd001: "Don Mattingly"
mattg001: "Gary Matthews"
matul001: "Len Matuszek"
matur101: "Rick Matula"
may-l101: "Lee May"
may-m001: "Milt May"
may-r101: "Rudy May"
may-s001: "Scott May"
maybj101: "John Mayberry"
mazzl001: "Lee Mazzilli"
mcbrb101: "Bake McBride"
mccak001: "Kirk McCaskill"
mccam001: "Tom McCarthy"
mccar001: "Randy McCament"
mccas001: "Steve McCatty"
mccat101: "Tim McCarver"
mcclb001: "Bob McClure"
mccll001: "Lloyd McClendon"
mccod101: "Don McCormack"
mccow101: "Willie McCovey"
mccul001: "Lance McCullers"
mcdob001: "Ben McDonald"
mcdoj001: "Jack McDowell"
mcdoo001: "Oddibe McDowell"
mcdor001: "Roger McDowell"
mcelc001: "Chuck McElroy"
mcgaa001: "Andy McGaffigan"
mcgew001: "Willie McGee"
mcgll101: "Lynn McGlothen"
mcgrf001: "Fred McGriff"
mcgrs001: "Scott McGregor"
mcgrt001: "Tug McGraw"
mcgrt002: "Terry McGriff"
mcgub001: "Bill McGuire"
mcgwm001: "Mark McGwire"
mchev101: "Vance McHenry"
mckad101: "Dave McKay"
mckej001: "Joel McKeon"
mcknj001: "Jeff McKnight"
mclab101: "Bo McLaughlin"
mclab102: "Byron McLaughlin"
mclaj001: "Joey McLaughlin"
mclem001: "Mark McLemore"
mcmuc001: "Craig McMurtry"
mcner101: "Rusty McNealy"
mcrah001: "Hal McRae"
mcrek001: "Kevin McReynolds"
mcwil001: "Larry McWilliams"
meacb001: "Bob Meacham"
meadd001: "Dave Meads"
meadl001: "Louis Meadows"
medid101: "Doc Medich"
medil001: "Luis Medina"
medvs001: "Scott Medvin"
meied001: "Dave Meier"
mejis101: "Sam Mejias"
melef001: "Francisco Melendez"
melvb001: "Bob Melvin"
mendm101: "Mario Mendoza"
merck001: "Kent Mercker"
mercm101: "Mark Mercer"
merco001: "Orlando Mercado"
merir001: "Ron Meridith"
merum001: "Matt Merullo"
mesaj001: "Jose Mesa"
metzr101: "Roger Metzger"
meulh001: "Hensley Meulens"
meyeb001: "Brian Meyer"
meyed001: "Dan Meyer"
meyej001: "Joey Meyer"
mielg001: "Gary Mielke"
milab001: "Bob Milacki"
milbl001: "Larry Milbourne"
millb101: "Brad Mills"
milld001: "Darrell Miller"
milld101: "Dyar Miller"
mille001: "Eddie Miller"
millk001: "Keith Miller"
millk002: "Keith Miller"
milll001: "Lemmie Miller"
millr001: "Rick Miller"
millr002: "Randy Milligan"
milne001: "Eddie Milner"
milnj101: "John Milner"
minec101: "Craig Minetto"
minom101: "Minnie Minoso"
mintg001: "Greg Minton"
mirap001: "Paul Mirabella"
mitcb101: "Bobby Mitchell"
mitcc001: "Charlie Mitchell"
mitcj001: "John Mitchell"
mitck001: "Kevin Mitchell"
mitcp101: "Paul Mitchell"
mizej001: "John Mizerock"
mmahk001: "Kevin Mmahat"
moffr101: "Randy Moffitt"
mohod001: "Dale Mohorcic"
molib101: "Bob Molinaro"
molip001: "Paul Molitor"
mondr001: "Rick Monday"
moned101: "Don Money"
mongs001: "Sid Monge"
montj001: "John Montefusco"
montj002: "Jeff Montgomery"
montj101: "John Montague"
montr001: "Rafael Montalvo"
montr002: "Rich Monteleone"
montw101: "Willie Montanez"
moonb001: "Bill Mooneyham"
moorb001: "Bobby Moore"
moorb002: "Bill Moore"
moorb003: "Brad Moore"
moorb101: "Balor Moore"
moorc001: "Charlie Moore"
moord001: "Donnie Moore"
moorj101: "Junior Moore"
moork101: "Kelvin Moore"
moorm001: "Mike Moore"
moraa101: "Andres Mora"
moraj001: "Jose Morales"
moraj101: "Jerry Morales"
morea101: "Angel Moreno"
morej101: "Jose Moreno"
morek001: "Keith Moreland"
moreo001: "Omar Moreno"
morgj001: "Joe Morgan"
morgm001: "Mike Morgan"
mormr001: "Russ Morman"
morod101: "Dan Morogiello"
moroj001: "Jeff Moronko"
morrh001: "Hal Morris"
morrj001: "Jack Morris"
morrj002: "Jim Morrison"
morrj003: "John Morris"
mosej001: "John Moses"
mosel001: "Lloyd Moseby"
moskp101: "Paul Moskau"
motam101: "Manny Mota"
motld001: "Darryl Motley"
moyej001: "Jaime Moyer"
muelw101: "Willie Mueller"
mulht001: "Terry Mulholland"
mullf001: "Fran Mullins"
mullr001: "Rance Mulliniks"
mumpj001: "Jerry Mumphrey"
munns101: "Scott Munninghoff"
munom001: "Mike Munoz"
muras001: "Steve Mura"
murcb101: "Bobby Murcer"
murpd001: "Dale Murphy"
murpd002: "Dwayne Murphy"
murpd003: "Dan Murphy"
murpr001: "Rob Murphy"
murrd001: "Dale Murray"
murre001: "Eddie Murray"
murrr101: "Rich Murray"
mussj001: "Jeff Musselman"
mussr001: "Ron Musselman"
myerg001: "Greg Myers"
myerr001: "Randy Myers"
nahob001: "Bill Nahorodny"
narrj001: "Jerry Narron"
nastp101: "Phil Nastu"
navaj001: "Jaime Navarro"
nelsg001: "Gene Nelson"
nelsj101: "Jamie Nelson"
nelsr001: "Ricky Nelson"
nelsr002: "Rob Nelson"
nettg001: "Graig Nettles"
nettj101: "Jim Nettles"
newet001: "Tom Newell"
newma001: "Al Newman"
newmj001: "Jeff Newman"
nichc001: "Carl Nichols"
nichr001: "Reid Nichols"
nichr002: "Rod Nichols"
nicos001: "Steve Nicosia"
niedt001: "Tom Niedenfuer"
niekj001: "Joe Niekro"
niekp001: "Phil Niekro"
niels001: "Scott Nielsen"
niemr001: "Randy Niemann"
niett001: "Tom Nieto"
nievj001: "Juan Nieves"
nippa001: "Al Nipper"
nixod001: "Donell Nixon"
nixoo001: "Otis Nixon"
noboj001: "Junior Noboa"
nocep001: "Paul Noce"
nokem001: "Matt Nokes"
nolaj001: "Joe Nolan"
noled001: "Dickie Noles"
nolte001: "Eric Nolte"
nordw101: "Wayne Nordhagen"
normd101: "Dan Norman"
normf101: "Fred Norman"
normn001: "Nelson Norman"
norrj101: "Jim Norris"
norrm101: "Mike Norris"
nortb101: "Bill North"
norww101: "Willie Norwood"
noser001: "Randy Nosek"
nunee001: "Ed Nunez"
nunej001: "Jose Nunez"
nymac101: "Chris Nyman"
oatej101: "Johnny Oates"
oberk001: "Ken Oberkfell"
oberm001: "Mike O'Berry"
obric001: "Charlie O'Brien"
obrip001: "Pete O'Brien"
oconj001: "Jack O'Connor"
oelkb001: "Bryan Oelkers"
oestr001: "Ron Oester"
offir101: "Rowland Office"
oglib001: "Ben Oglivie"
ojedb001: "Bobby Ojeda"
olerj001: "John Olerud"
olins001: "Steve Olin"
oliva001: "Al Oliver"
olivf001: "Francisco Oliveras"
olivj001: "Joe Oliver"
olmsa101: "Al Olmsted"
olsog001: "Gregg Olson"
olsog002: "Greg Olson"
olwie001: "Ed Olwine"
omalt001: "Tom O'Malley"
onear001: "Randy O'Neal"
oneip001: "Paul O'Neill"
ontis001: "Steve Ontiveros"
ontis101: "Steve Ontiveros"
oquej001: "Jose Oquendo"
orosj001: "Jesse Orosco"
orsuj001: "Joe Orsulak"
ortaj001: "Jorge Orta"
ortij001: "Junior Ortiz"
ortoj001: "J ORTON"
otisa001: "Amos Otis"
ott-e101: "Ed Ott"
ottej101: "Jim Otten"
ottod001: "Dave Otto"
ouelp001: "Phil Ouellette"
owchb001: "Bob Owchinko"
owend001: "Dave Owen"
owenl001: "Larry Owen"
owens001: "Spike Owen"
ownbr001: "Rick Ownbey"
pacej001: "John Pacella"
pacij001: "Jim Paciorek"
pacip001: "Pat Pacillo"
pacit001: "Tom Paciorek"
pagek101: "Karl Pagel"
pagem001: "Mitchell Page"
paglm001: "Mike Pagliarulo"
pagnt001: "Tom Pagnozzi"
palar001: "Rey Palacios"
palav001: "Vicente Palacios"
palld001: "Donn Pall"
palmd001: "David Palmer"
palmd002: "Dean Palmer"
palmj001: "Jim Palmer"
palmr001: "Rafael Palmeiro"
pankj001: "Jim Pankovits"
papis101: "Stan Papi"
parda001: "Al Pardo"
parej001: "Johnny Paredes"
parem001: "Mark Parent"
parik001: "Kelly Paris"
parkc001: "Clay Parker"
parkd001: "Dave Parker"
parrj001: "Jeff Parrett"
parrl001: "Lance Parrish"
parrl002: "Larry Parrish"
parrm101: "Mike Parrott"
parsc001: "Casey Parsons"
pascb101: "Bill Paschall"
pashl001: "Larry Pashnick"
pasqd001: "Dan Pasqua"
pastc101: "Cliff Pastornicky"
pastf001: "Frank Pastore"
pateb101: "Bob Pate"
patef101: "Freddie Patek"
pattb001: "Bob Patterson"
pattk001: "Ken Patterson"
pattm101: "Marty Pattin"
pattm102: "Mike Patterson"
pattr001: "Reggie Patterson"
pawlj001: "John Pawlowski"
paxtm101: "Mike Paxton"
paynm001: "Mike Payne"
pecob001: "Bill Pecota"
pedes001: "Stu Pederson"
pedra001: "Al Pedrique"
penaa001: "Alejandro Pena"
penab001: "Bert Pena"
penah001: "Hipolito Pena"
penar001: "Ramon Pena"
penat001: "Tony Pena"
pendt001: "Terry Pendleton"
perao001: "Oswaldo Peraza"
percj001: "Jack Perconte"
perem001: "Melido Perez"
perep001: "Pascual Perez"
peret001: "Tony Perez"
peret002: "Tony Perezchica"
perkb001: "Broderick Perkins"
perlj001: "Jon Perlman"
perrg001: "Gerald Perry"
perrg101: "Gaylord Perry"
perrp001: "Pat Perry"
petea001: "Adam Peterson"
petej001: "Jeff Peterek"
peter001: "Rick Peters"
petes001: "Steve Peters"
petrd001: "Dan Petry"
petrg001: "Gene Petralli"
pettg001: "Gary Pettis"
pettj101: "Joe Pettini"
pettj102: "Jay Pettibone"
pevem001: "Marty Pevey"
phelk001: "Ken Phelps"
philm101: "Mike Phillips"
philt001: "Tony Phillips"
piccr001: "Rob Picciolo"
picoj001: "Jeff Pico"
pinil001: "Lou Piniella"
pittc001: "Chris Pittaro"
pittj001: "Joe Pittman"
pladg101: "Gordie Pladson"
plesd001: "Dan Plesac"
plune001: "Eric Plunk"
pocob001: "Biff Pocoroba"
poffj101: "John Poff"
polig001: "Gus Polidor"
polol001: "Luis Polonia"
poncc001: "Carlos Ponce"
poqut101: "Tom Poquette"
portb101: "Bob Porter"
portc001: "Chuck Porter"
portd001: "Darrell Porter"
portm001: "Mark Portugal"
powea001: "Alonzo Powell"
powed001: "Dennis Powell"
poweh101: "Hosken Powell"
powet001: "Ted Power"
presj001: "Jim Presley"
pricj001: "Joe Price"
print001: "Tom Prince"
prolm101: "Mike Proly"
pruir101: "Ron Pruitt"
pryog001: "Greg Pryor"
puckk001: "Kirby Puckett"
puhlt001: "Terry Puhl"
pujol001: "Luis Pujols"
pulec001: "Charlie Puleo"
pulia001: "Alfonso Pulido"
putnp001: "Pat Putnam"
pyznt001: "Tim Pyznarski"
quinc001: "Carlos Quintana"
quinl001: "Luis Quinones"
quinr001: "Rey Quinones"
quirj001: "Jamie Quirk"
quisd001: "Dan Quisenberry"
rabbj001: "John Rabb"
raded101: "Dave Rader"
rainc001: "Chuck Rainey"
raint001: "Tim Raines"
rajsd101: "Dave Rajsich"
rajsg001: "Gary Rajsich"
ramia101: "Allan Ramirez"
ramim001: "Mario Ramirez"
ramir001: "Rafael Ramirez"
ramod001: "Domingo Ramos"
ramor001: "Bobby Ramos"
ramsm001: "Mike Ramsey"
ramsm002: "Mike Ramsey"
randb101: "Bob Randall"
randj001: "James Randall"
randl101: "Len Randle"
randw001: "Willie Randolph"
ransj101: "Jeff Ransom"
rasmd001: "Dennis Rasmussen"
rasme101: "Eric Rasmussen"
ratzs101: "Steve Ratzer"
rau-d101: "Doug Rau"
rawls001: "Shane Rawley"
ray-j001: "Johnny Ray"
ray-l101: "Larry Ray"
rayff001: "Floyd Rayford"
readr001: "Randy Ready"
rearj001: "Jeff Reardon"
redfj001: "Joe Redfield"
redfp101: "Pete Redfern"
redug001: "Gary Redus"
reedj001: "Jeff Reed"
reedj002: "Jerry Reed"
reedj003: "Jody Reed"
reedr001: "Ron Reed"
reedr002: "Rick Reed"
reidj001: "Jessie Reid"
reimk001: "Kevin Reimer"
reitk101: "Ken Reitz"
remmw101: "Win Remmerswaal"
remyj001: "Jerry Remy"
renks101: "Steve Renko"
rentr001: "Rich Renteria"
rettm101: "Merv Rettenmund"
reusj001: "Jerry Reuss"
reusr001: "Rick Reuschel"
reved101: "Dave Revering"
reyeg001: "Gil Reyes"
reync001: "Craig Reynolds"
reynh001: "Harold Reynolds"
reynr001: "R.J. Reynolds"
reynr002: "Ronn Reynolds"
rhodr001: "Rick Rhoden"
rhomk001: "Kevin Rhomberg"
ricej001: "Jim Rice"
richg001: "Gene Richards"
richj001: "Jeff Richardson"
richj101: "J.R. Richard"
richm001: "Mike Richardt"
richr001: "Rob Richie"
richr002: "Rusty Richards"
righd001: "Dave Righetti"
rijoj001: "Jose Rijo"
rilee001: "Ernie Riles"
rileg001: "George Riley"
rinca101: "Andy Rincon"
ripkb001: "Billy Ripken"
ripkc001: "Cal Ripken"
ripla101: "Allen Ripley"
ritcw001: "Wally Ritchie"
rittr001: "Reggie Ritter"
ritzk001: "Kevin Ritz"
riveb101: "Bombo Rivera"
riveg001: "German Rivera"
rivel001: "Luis Rivera"
rivem001: "Mickey Rivers"
robbb101: "Bruce Robbins"
robea001: "Andre Robertson"
robeb001: "Bert Roberge"
robeb002: "Bip Roberts"
robed101: "Dave Roberts"
robed102: "Dave Roberts"
robel001: "Leon Roberts"
robib001: "BJ Robidoux"
robib101: "Bill Robinson"
robib102: "Bruce Robinson"
robid001: "Don Robinson"
robid101: "Dewey Robinson"
robij001: "Jeff Robinson"
robij002: "Jeff Robinson"
robir001: "Ron Robinson"
rochm001: "Mike Rochford"
rodar001: "Rich Rodas"
rodra101: "Aurelio Rodriguez"
rodre001: "Edwin Rodriguez"
rodrr001: "Rick Rodriguez"
rodrr002: "Ruben Rodriguez"
rodrr003: "Rosario Rodriguez"
rodrv001: "Vic Rodriguez"
roeng001: "Gary Roenicke"
roenr001: "Ron Roenicke"
roesm001: "Mike Roesler"
rogek001: "Kenny Rogers"
roges001: "Steve Rogers"
rohnd001: "Dan Rohn"
romaj001: "Jose Roman"
romar001: "Ron Romanick"
romat001: "Tom Romano"
romee001: "Ed Romero"
romer001: "Ramon Romero"
romik001: "Kevin Romine"
romoe101: "Enrique Romo"
romov101: "Vicente Romo"
roofg101: "Gene Roof"
rookj101: "Jim Rooker"
roomr001: "Rolando Roomes"
roonp101: "Pat Rooney"
rosal101: "Luis Rosado"
roseb001: "Bobby Rose"
rosed101: "Dave Rosello"
rosep001: "Pete Rose"
roses001: "Steve Rosenberg"
rossm001: "Mark Ross"
rothl101: "Larry Rothschild"
rowdw001: "Wade Rowdon"
rowlm101: "Mike Rowland"
roysj001: "Jerry Royster"
roysw101: "Willie Royster"
rozed001: "Dave Rozema"
ruckd001: "Dave Rucker"
rudij101: "Joe Rudi"
ruffb001: "Bruce Ruffin"
ruhlv001: "Vern Ruhle"
ruizc101: "Chico Ruiz"
rungp001: "Paul Runge"
runnt001: "Tom Runnells"
russb001: "Bill Russell"
russj001: "Jeff Russell"
russj002: "John Russell"
ruthd001: "Dick Ruthven"
ryalm001: "Mark Ryal"
ryann001: "Nolan Ryan"
sabeb001: "Bret Saberhagen"
saboc001: "Chris Sabo"
sadem101: "Mike Sadek"
sakal001: "Lenn Sakata"
salaa001: "Angel Salazar"
salal001: "Luis Salazar"
salam001: "Mark Salas"
sambj001: "Joe Sambito"
sampb001: "Bill Sample"
samuj001: "Juan Samuel"
samur001: "Roger Samuels"
sanca001: "Alejandro Sanchez"
sanca002: "Alex Sanchez"
sanci001: "Israel Sanchez"
sancl001: "Luis Sanchez"
sanco001: "Orlando Sanchez"
sandd001: "Deion Sanders"
sandr001: "Ryne Sandberg"
sands001: "Scott Sanderson"
sangm101: "Manny Sanguillen"
santb001: "Benito Santiago"
santn001: "Nelson Santovenia"
santr001: "Rafael Santana"
sarmm101: "Manny Sarmiento"
sassm001: "Mackey Sasser"
sauck101: "Kevin Saucier"
sauvr001: "Rich Sauveur"
savaj001: "Jack Savage"
sax-d001: "Dave Sax"
sax-s001: "Steve Sax"
scarr101: "Randy Scarbery"
schad001: "Dan Schatzeder"
schaj001: "Jeff Schaefer"
schaj101: "Jeff Schattinger"
scheb001: "Bill Scherrer"
schic001: "Calvin Schiraldi"
schic002: "Curt Schilling"
schmd001: "Dave Schmidt"
schmd101: "Dave Schmidt"
schmm001: "Mike Schmidt"
schnj101: "Jeff Schneider"
schod001: "Dick Schofield"
schom001: "Mike Schooler"
schrb001: "Bill Schroeder"
schrk001: "Ken Schrom"
schud001: "Don Schulze"
schud002: "Dave Schuler"
schuj001: "Jeff Schulz"
schur001: "Rick Schu"
schwm001: "Mike Schwabe"
sciom001: "Mike Scioscia"
scond001: "Daryl Sconiers"
scotd001: "Donnie Scott"
scotd002: "Dickie Scott"
scotm001: "Mike Scott"
scotr101: "Rod Scott"
scott001: "Tony Scott"
scraj001: "Jim Scranton"
scuds001: "Scott Scudder"
scurr001: "Rod Scurry"
seamk101: "Kim Seaman"
seanr001: "Rudy Seanez"
searr001: "Ray Searage"
sears001: "Steve Searcy"
seavt001: "Tom Seaver"
sebrb001: "Bob Sebra"
see-l001: "Larry See"
segeh101: "Herman Segelke"
seguj001: "Jose Segura"
seilr101: "Ricky Seilheimer"
seitk001: "Kevin Seitzer"
sellj001: "Jeff Sellers"
sents101: "Steve Senteney"
sernp101: "Paul Serna"
servs001: "Scott Service"
sextj101: "Jimmy Sexton"
sharm001: "Mike Sharperson"
shavj001: "Jeff Shaver"
shead001: "Danny Sheaffer"
sheel001: "Larry Sheets"
shefg001: "Gary Sheffield"
shelj001: "John Shelby"
shepr001: "Ron Shepherd"
sherd101: "Dennis Sherrill"
sherp001: "Pat Sheridan"
shies001: "Steve Shields"
shinr001: "Ray Shines"
shipc001: "Craig Shipley"
shipd001: "Dave Shipanoff"
shirb001: "Bob Shirley"
shirs101: "Steve Shirley"
showe001: "Eric Show"
sierc001: "Candy Sierra"
sierr001: "Ruben Sierra"
simmn001: "Nelson Simmons"
simmt001: "Ted Simmons"
simpj101: "Joe Simpson"
sinam001: "Matt Sinatro"
singk001: "Ken Singleton"
siskd001: "Doug Sisk"
siwyj001: "Jim Siwy"
sizet101: "Ted Sizemore"
skagd101: "Dave Skaggs"
skalj001: "Joe Skalski"
skinj001: "Joel Skinner"
skubb101: "Bob Skube"
slatj001: "Jim Slaton"
slaud001: "Don Slaught"
smajc001: "Craig Smajstrla"
smalr001: "Roy Smalley"
smilj001: "John Smiley"
smitb001: "Bryn Smith"
smitb002: "Brick Smith"
smitb101: "Billy Smith"
smitb102: "Billy Smith"
smitc101: "Chris Smith"
smitd001: "Dave Smith"
smitd002: "Dave Smith"
smitd003: "Dwight Smith"
smitg001: "Greg Smith"
smitj101: "Jim Smith"
smitk001: "Keith Smith"
smitk101: "Keith Smith"
smitk102: "Ken Smith"
smitl001: "Lee Smith"
smitl002: "Lonnie Smith"
smitm001: "Mike Smith"
smitm002: "Mike Smithson"
smitm003: "Mike Smith"
smitm101: "Mark Smith"
smito001: "Ozzie Smith"
smitp001: "Pete Smith"
smitr001: "Roy Smith"
smitr101: "Reggie Smith"
smitr102: "Ray Smith"
smitz001: "Zane Smith"
smolj001: "John Smoltz"
sneln001: "Nat Snell"
snidv001: "Van Snider"
snydb001: "Brian Snyder"
snydc001: "Cory Snyder"
sodee101: "Eric Soderholm"
soffr001: "Ray Soff"
sofir101: "Rick Sofield"
solaj001: "Julio Solano"
soloe101: "Eddie Solomon"
sorel001: "Lary Sorensen"
sorrp001: "Paul Sorrento"
sosae101: "Elias Sosa"
sosas001: "Sammy Sosa"
sotom001: "Mario Soto"
souzm101: "Mark Souza"
specc001: "Cliff Speck"
speic001: "Chris Speier"
spenj101: "Jim Spencer"
spieb001: "Bill Spiers"
spikc101: "Charlie Spikes"
spild001: "Dan Spillner"
spilh001: "Harry Spilman"
splip001: "Paul Splittorff"
sprob101: "Bobby Sprowl"
squim001: "Mike Squires"
stabg101: "George Stablein"
stanb001: "Bob Stanley"
stand101: "Don Stanhouse"
stanf101: "Fred Stanley"
stanm001: "Mike Stanton"
stanm002: "Mike Stanley"
stanm003: "Mike Stanton"
stanp001: "Pete Stanicek"
stans001: "Steve Stanicek"
stapd001: "Dave Stapleton"
stapd002: "Dave Stapleton"
starm001: "Matt Stark"
starw101: "Willie Stargell"
staur001: "Rusty Staub"
stclr001: "Randy St. Claire"
steaj001: "John Stearns"
steej001: "Jim Steels"
stefj001: "John Stefero"
stegd001: "Dave Stegman"
steib001: "Bill Stein"
steir001: "Rick Steirer"
steir101: "Randy Stein"
steit001: "Terry Steinbach"
stemj101: "Jeff Stember"
stenm001: "Mike Stenhouse"
stenr101: "Rennie Stennett"
stepp001: "Phil Stephenson"
stewd001: "Dave Stewart"
stews001: "Sammy Stewart"
stied001: "Dave Stieb"
stilk001: "Kurt Stillwell"
stimc101: "Craig Stimac"
stinb101: "Bob Stinson"
stodb001: "Bob Stoddard"
stodt001: "Tim Stoddard"
stonj001: "Jeff Stone"
stons101: "Steve Stone"
stott001: "Todd Stottlemyre"
strad001: "Darryl Strawberry"
strad002: "Doug Strange"
straj101: "Joe Strain"
stral001: "Les Straker"
stros101: "Steve Stroughter"
stubf001: "Franklin Stubbs"
stupj001: "John Stuper"
sulag101: "Guy Sularz"
sullm001: "Marc Sullivan"
summc001: "Champ Summers"
sundj001: "Jim Sundberg"
surhb001: "B.J. Surhoff"
surhr001: "Rick Surhoff"
sutcr001: "Rick Sutcliffe"
suthl101: "Leo Sutherland"
suttb001: "Bruce Sutter"
suttd001: "Don Sutton"
sveud001: "Dale Sveum"
swagb001: "Bill Swaggerty"
swanc001: "Craig Swan"
swanr001: "Russ Swan"
sweer101: "Rick Sweet"
swifb001: "Bill Swift"
swing001: "Greg Swindell"
swiss101: "Steve Swisher"
sykeb101: "Bob Sykes"
tablp001: "Pat Tabler"
tabog001: "Greg Tabor"
tamaj101: "John Tamargo"
tanaf001: "Frank Tanana"
tannb001: "Bruce Tanner"
tapak001: "Kevin Tapani"
tartd001: "Dan Tartabull"
tarvl001: "LaSchelle Tarver"
tates001: "Stu Tate"
tavea101: "Alex Taveras"
tavef101: "Frank Taveras"
tayld001: "Dwight Taylor"
tayld002: "Dorn Taylor"
taylt001: "T Taylor"
tejaw001: "Wilfredo Tejada"
tekuk001: "Kent Tekulve"
tellt001: "Tom Tellmann"
tempg001: "Garry Templeton"
tenag101: "Gene Tenace"
terrj101: "Jerry Terrell"
terrs001: "Scott Terry"
terrw001: "Walt Terrell"
tettm001: "Mickey Tettleton"
teuft001: "Tim Teufel"
tewkb001: "Bob Tewksbury"
thigb001: "Bobby Thigpen"
thoma001: "Andres Thomas"
thomd001: "Derrell Thomas"
thomg001: "Gorman Thomas"
thomg101: "Gary Thomasson"
thomj001: "Jason Thompson"
thomm001: "Milt Thompson"
thomr001: "Roy Thomas"
thomr002: "Rich Thompson"
thomr003: "Rob Thompson"
thoms001: "Scot Thompson"
thond001: "Dickie Thon"
thora001: "Andy Thornton"
thorl001: "Lou Thornton"
thurg001: "Gary Thurman"
thurm001: "Mark Thurmond"
tianl101: "Luis Tiant"
tibbj001: "Jay Tibbs"
tidrd001: "Dick Tidrow"
tillr001: "Rusty Tillman"
tingr001: "Ron Tingley"
tobid001: "Dave Tobik"
toddj101: "Jackson Todd"
tolif001: "Freddie Toliver"
tollw001: "Wayne Tolleson"
tolmt001: "Tim Tolman"
tomld001: "Dave Tomlin"
torrm001: "Mike Torrez"
torrr101: "Rusty Torres"
torvk001: "Kelvin Torve"
trabj001: "Jim Traber"
tracj101: "Jim Tracy"
trama001: "Alan Trammell"
trauj001: "John Trautwein"
travb101: "Bill Travers"
treaj001: "Jeff Treadway"
treva001: "Alex Trevino"
trilm001: "Manny Trillo"
trous001: "Steve Trout"
trujm001: "Mike Trujillo"
tudoj001: "John Tudor"
tuftb101: "Bob Tufts"
tunnl001: "Lee Tunnell"
turnj101: "Jerry Turner"
turns001: "Shane Turner"
twitj101: "Jeff Twitty"
tysom101: "Mike Tyson"
ujduj001: "Jerry Ujdur"
ullgs101: "Scott Ullger"
undep101: "Pat Underwood"
undet001: "Tom Underwood"
unsed101: "Del Unser"
upshw001: "Willie Upshaw"
uribj001: "Jose Uribe"
urrej101: "John Urrea"
vailm001: "Mike Vail"
valdj101: "Julio Valdez"
valds001: "Sergio Valdez"
valee001: "Ellis Valentine"
valef001: "Fernando Valenzuela"
valld001: "Dave Valle"
vande001: "Ed Vande Berg"
vangd001: "Dave Van Gorder"
vansa001: "Andy Van Slyke"
varge001: "Eddie Vargas"
varsg001: "Gary Varsho"
vaugd001: "Dewayne Vaughn"
vaugg001: "Greg Vaughn"
vegaj101: "Jesus Vega"
velar001: "Randy Velarde"
veleo101: "Otto Velez"
venam001: "Max Venable"
ventr001: "Robin Ventura"
verer001: "Randy Veres"
verhj101: "John Verhoeven"
veryt001: "Tom Veryzer"
veseb101: "Bob Veselic"
violf001: "Frank Viola"
virgo001: "Ozzie Virgil"
vizcj001: "Jose Vizcaino"
vizqo001: "Omar Vizquel"
vonod001: "Dave Von Ohlen"
vosbe001: "Ed Vosberg"
vuckp001: "Pete Vuckovich"
vukog001: "George Vukovich"
vukoj101: "John Vukovich"
waddt001: "Tom Waddell"
wagnm001: "Mark Wagner"
waitr001: "Rick Waits"
walej001: "Jim Walewander"
walkb001: "Bob Walk"
walkc001: "Chico Walker"
walkd001: "Duane Walker"
walkg001: "Greg Walker"
walkl001: "Larry Walker"
walkm001: "Mike Walker"
walkt001: "Tony Walker"
walld001: "Dennis Walling"
wallt001: "Tim Wallach"
wallt002: "Ty Waller"
waltd101: "Danny Walton"
waltg001: "Gene Walter"
waltj001: "Jerome Walton"
waltm001: "Mike Walters"
waltr101: "Reggie Walton"
wardc001: "Curt Wardle"
wardc002: "Colin Ward"
wardd001: "Duane Ward"
wardg001: "Gary Ward"
warrm001: "Mike Warren"
washc001: "Claudell Washington"
washr001: "Ron Washington"
washu001: "U L Washington"
wasim001: "Mark Wasinger"
wathj001: "John Wathan"
watsb001: "Bob Watson"
wayng001: "Gary Wayne"
weavj001: "Jim Weaver"
weavr101: "Roger Weaver"
websl001: "Lenny Webster"
websm001: "Mitch Webster"
wegmb001: "Bill Wegman"
wehrd001: "Dave Wehrmeister"
weisg101: "Gary Weiss"
weisw001: "Walt Weiss"
welcb001: "Bob Welch"
welcd101: "Don Welchel"
wellb001: "Brad Wellman"
welld001: "Dave Wells"
wellg101: "Greg Wells"
welsc001: "Chris Welsh"
wernd101: "Don Werner"
wertd101: "Dennis Werth"
westd001: "David West"
westm001: "Mickey Weston"
wethj001: "Jeff Wetherby"
wettj001: "John Wetteland"
weves101: "Stefan Wever"
wheeg101: "Gary Wheelock"
whisl101: "Larry Whisenton"
whitd001: "Devon White"
whitd101: "Dan Whitmer"
white001: "Eddie Whitson"
white002: "Ernie Whitt"
white003: "Ed Whited"
whitf001: "Frank White"
whitj001: "Jerry White"
whitl001: "Lou Whitaker"
whitl002: "Larry White"
whitl003: "Len Whitehouse"
whitt001: "Terry Whitfield"
whitw001: "Wally Whitehurst"
wickk001: "Kevin Wickander"
wiegt001: "Tom Wieghaus"
wigga001: "Al Wiggins"
wihts101: "Sandy Wihtol"
wilbt101: "Ted Wilborn"
wilcm001: "Milt Wilcox"
wilfr001: "Rob Wilfong"
wilkb001: "Bill Wilkinson"
wilkc001: "Curt Wilkerson"
wilkd001: "Dean Wilkins"
willa001: "Albert Williams"
willb101: "Bump Wills"
willc001: "Carl Willis"
willd001: "Dana Williams"
willd101: "Dallas Williams"
wille001: "Eddie Williams"
willf001: "Frank Williams"
willf002: "Frank Wills"
willj001: "Jerry Willard"
willk001: "Ken Williams"
willm001: "Matt Williams"
willm002: "Mitch Williams"
willm003: "Matt Williams"
willm004: "Mark Williamson"
willm101: "Mike Willis"
willr001: "Reggie Williams"
wilmp001: "Paul Wilmet"
wilsc001: "Craig Wilson"
wilsg001: "Glenn Wilson"
wilsj001: "Jim Wilson"
wilsm001: "Mookie Wilson"
wilss001: "Steve Wilson"
wilst001: "Tack Wilson"
wilst002: "Trevor Wilson"
wilsw001: "Willie Wilson"
winer001: "Robbie Wine"
winfd001: "Dave Winfield"
winnh001: "Herm Winningham"
winnj001: "Jim Winn"
wintm001: "Matt Winters"
wirta101: "Alan Wirth"
wiser101: "Rick Wise"
wittb001: "Bobby Witt"
wittm001: "Mike Witt"
wockj001: "John Wockenfuss"
wohlj001: "Jim Wohlford"
wojne001: "Ed Wojna"
wolfl101: "Larry Wolfe"
wooda001: "Al Woods"
woodb001: "Bob Woodward"
woodg001: "Gary Woods"
woodm001: "Mike Woodard"
woodt001: "Tracy Woodson"
worrt001: "Todd Worrell"
wortc001: "C Worthington"
wortr101: "Rich Wortham"
wotur001: "Ron Wotus"
wrigg001: "George Wright"
wrigj101: "Jim Wright"
wrigr001: "Ricky Wright"
wronr001: "Rick Wrona"
wyneb001: "Butch Wynegar"
wynnm001: "Marvell Wynne"
yastc101: "Carl Yastrzemski"
yeags001: "Steve Yeager"
yelde001: "Eric Yelding"
yettr001: "Rich Yett"
yoste001: "Ned Yost"
youmf001: "Floyd Youmans"
younc001: "Curt Young"
young001: "Gerald Young"
younj001: "Joel Youngblood"
younm001: "Matt Young"
younm002: "Mike Young"
younr001: "Robin Yount"
zachp001: "Pat Zachry"
zahng001: "Geoff Zahn"
zaskj001: "Jeff Zaske"
zavac001: "Clint Zavaras"
zeilt001: "Todd Zeile"
ziems001: "Steve Ziem"
ziskr101: "Richie Zisk"
zuvep001: "Paul Zuvella"
