aaroh101: "Hank Aaron"
aarot101: "Tommie Aaron"
aased001: "Don Aase"
abbog001: "Glenn Abbott"
abert101: "Ted Abernathy"
acosc101: "Cy Acosta"
acose101: "Ed Acosta"
adaij101: "Jerry Adair"
adamb105: "Bob Adams"
adamg101: "Glenn Adams"
adamm102: "Mike Adams"
ageet101: "Tommie Agee"
aguih101: "Hank Aguirre"
aikew001: "Willie Aikens"
aingd101: "Danny Ainge"
akerj102: "Jack Aker"
albeb101: "Butch Alberts"
albuv101: "Vic Albury"
alcal101: "Luis Alcaraz"
alcas101: "Santo Alcala"
alexd001: "Doyle Alexander"
alexg101: "Gary Alexander"
alexm101: "Matt Alexander"
allab101: "Brian Allard"
alleb105: "Bernie Allen"
alled101: "Dick Allen"
alleg001: "Gary Allenson"
alleg101: "Gene Alley"
alleh104: "Hank Allen"
allel101: "Lloyd Allen"
allen001: "Neil Allen"
aller101: "Ron Allen"
allib101: "Bob Allietta"
allib103: "Bob Allison"
almob001: "Bill Almon"
aloms101: "Sandy Alomar"
alouf101: "Felipe Alou"
alouj101: "Jesus Alou"
aloum101: "Matty Alou"
alstd101: "Dell Alston"
alval101: "Luis Alvarado"
alvao102: "Orlando Alvarez"
alvim101: "Max Alvis"
alyeb101: "Brant Alyea"
anded101: "Dwain Anderson"
andej001: "Jim Anderson"
andel001: "Larry Andersen"
andel101: "Larry Anderson"
andem101: "Mike Anderson"
ander101: "Rick Anderson"
andrf101: "Fred Andrews"
andrj101: "John Andrews"
andrk101: "Kim Andrew"
andrm101: "Mike Andrews"
andrr101: "Rob Andrews"
anduj001: "Joaquin Andujar"
angen101: "Norm Angelini"
aparl101: "Luis Aparicio"
apodb101: "Bob Apodaca"
arcij101: "Jose Arcia"
arlis101: "Steve Arlin"
armat001: "Tony Armas"
armbe101: "Ed Armbrister"
arnoc101: "Chris Arnold"
arrig101: "Gerry Arrigo"
arrof001: "Fernando Arroyo"
arror101: "Rudy Arroyo"
ashba001: "Alan Ashby"
ashft001: "Tucker Ashford"
asprb101: "Bob Aspromonte"
asseb101: "Brian Asselstine"
atkib101: "Bill Atkinson"
auerr101: "Rick Auerbach"
augud101: "Dave Augustine"
auguj001: "Jerry Augustine"
aultd101: "Doug Ault"
austr101: "Rick Austin"
autra101: "Al Autry"
avilr101: "Ramon Aviles"
ayalb001: "Benny Ayala"
azcuj101: "Joe Azcue"
babcb101: "Bob Babcock"
bacsm101: "Mike Bacsik"
baezj101: "Jose Baez"
bahns101: "Stan Bahnsen"
bailb001: "Bob Bailor"
bailb103: "Bob Bailey"
baird001: "Doug Bair"
bakec101: "Chuck Baker"
baked002: "Dusty Baker"
bakef101: "Frank Baker"
bakef104: "Frank Baker"
bakej103: "Jack Baker"
bakes101: "Steve Baker"
balaj101: "John Balaz"
baldb101: "Billy Baldwin"
baldd101: "Dave Baldwin"
baldj101: "Jack Baldschun"
baldr101: "Rick Baldwin"
baldr102: "Reggie Baldwin"
ballm101: "Mark Ballinger"
bands101: "Sal Bando"
baned101: "Dick Baney"
banee101: "Eddie Bane"
banke101: "Ernie Banks"
banna001: "Alan Bannister"
bannf001: "Floyd Bannister"
barbs101: "Steve Barber"
barbs102: "Steve Barber"
barer101: "Ray Bare"
barkl001: "Len Barker"
barlm101: "Mike Barlow"
barnl102: "Lute Barnes"
barrf101: "Francisco Barrios"
barrg101: "German Barranca"
barrj101: "Jim Barr"
barrs103: "Steve Barr"
bartb101: "Bob Barton"
bassr101: "Randy Bass"
bated101: "Del Bates"
batej102: "John Bateman"
batir101: "Rafael Batista"
battc101: "Chris Batton"
baumr101: "Ross Baumgarten"
bayld001: "Don Baylor"
bealb101: "Bob Beall"
beamc101: "Charlie Beamon"
bearg101: "Gary Beare"
bearl101: "Larry Bearnarth"
bearm101: "Mike Beard"
beasl101: "Lew Beasley"
beatj001: "Jim Beattie"
beauj101: "Jim Beauchamp"
beckg101: "Glenn Beckert"
beckj001: "Joe Beckwith"
beenf101: "Fred Beene"
behnm101: "Mel Behney"
belam101: "Mark Belanger"
belib101: "Bo Belinsky"
bellb001: "Buddy Bell"
bellj101: "Jerry Bell"
bellk101: "Kevin Bell"
bellr102: "Rob Belloir"
bencj101: "Johnny Bench"
beneb001: "Bruce Benedict"
benij001: "Juan Beniquez"
bentb001: "Butch Benton"
berej001: "Juan Berenguer"
bergd001: "Dave Bergman"
bernd101: "Dwight Bernard"
bernj101: "Juan Bernhardt"
bernt001: "Tony Bernazard"
bernv101: "Victor Bernal"
berrd001: "Dale Berra"
berrk101: "Ken Berry"
bertf101: "Frank Bertaina"
beswj101: "Jim Beswick"
bevak001: "Kurt Bevacqua"
biant101: "Tommy Bianco"
bibbj001: "Jim Bibby"
biitl101: "Larry Biittner"
billd101: "Dick Billings"
billj101: "Jack Billingham"
birdd101: "Doug Bird"
blact101: "Tim Blackwell"
bladr101: "Rick Bladt"
blaid101: "Dennis Blair"
blaip101: "Paul Blair"
bland101: "Damaso Blanco"
blanl101: "Larvell Blanks"
blano101: "Ossie Blanco"
blass101: "Steve Blass"
blasw101: "Wade Blasingame"
blats101: "Steve Blateric"
blefc101: "Curt Blefary"
blesi101: "Ike Blessitt"
blomr101: "Ron Blomberg"
bluev001: "Vida Blue"
blylb001: "Bert Blyleven"
boccj101: "John Boccabella"
bochb001: "Bruce Bochte"
bochb002: "Bruce Bochy"
boehl101: "Len Boehmer"
boggt001: "Tommy Boggs"
boisb101: "Bruce Boisclair"
boitd101: "Dan Boitano"
bolib101: "Bobby Bolin"
bombm101: "Mark Bomback"
bondb101: "Bobby Bonds"
bonhb101: "Bill Bonham"
bonnb001: "Barry Bonnell"
boonb001: "Bob Boone"
borbp101: "Pedro Borbon"
borgg101: "Glenn Borgmann"
boser101: "Rick Bosetti"
boslt001: "Thad Bosley"
bosmd101: "Dick Bosman"
bostl101: "Lyman Bostock"
boswd101: "Dave Boswell"
boswk101: "Ken Boswell"
bottr101: "Ralph Botting"
bourp101: "Pat Bourque"
boutj101: "Jim Bouton"
bowal001: "Larry Bowa"
bowes101: "Sam Bowen"
bowls101: "Steve Bowling"
boyec102: "Clete Boyer"
boyld101: "Doe Boyland"
brabg101: "Gene Brabender"
bradb105: "Buddy Bradford"
bradl101: "Larry Bradford"
bradt102: "Tom Bradley"
branb102: "Bucky Brandon"
branr101: "Ron Brand"
branr102: "Roy Branch"
braus001: "Steve Braun"
brava101: "Angel Bravo"
breaj101: "Jim Breazeale"
breed101: "Danny Breeden"
breeh101: "Hal Breeden"
bretg001: "George Brett"
bretk101: "Ken Brett"
brewj102: "Jim Brewer"
brigd101: "Dan Briggs"
brigj102: "John Briggs"
briln101: "Nelson Briles"
brinc101: "Chuck Brinkman"
brine101: "Ed Brinkman"
britj101: "Jim Britton"
brizt001: "Tony Brizzolara"
brobp101: "Pete Broberg"
brocl102: "Lou Brock"
brohj101: "Jack Brohamer"
broob101: "Bobby Brooks"
brooi101: "Ike Brookens"
broot001: "Tom Brookens"
brosf101: "Frank Brosseau"
browb001: "Bobby Brown"
browb101: "Byron Browne"
browc102: "Curtis Brown"
browg101: "Gates Brown"
browi101: "Ike Brown"
browj105: "Jake Brown"
browj109: "Jackie Brown"
browl103: "Leon Brown"
browl104: "Larry Brown"
browo101: "Oscar Brown"
browo102: "Ollie Brown"
browr102: "Randy Brown"
browt104: "Tom Brown"
brubb102: "Bruce Brubaker"
bruhm101: "Mike Bruhert"
brung101: "George Brunet"
brunt101: "Tom Bruno"
brusw001: "Warren Brusstar"
bryad101: "Don Bryant"
bryad102: "Derek Bryant"
bryar101: "Ron Bryant"
bryes101: "Steve Brye"
buckb001: "Bill Buckner"
budam101: "Mark Budaska"
bufod101: "Don Buford"
bullb101: "Bud Bulling"
bumba001: "Al Bumbry"
bunkw101: "Wally Bunker"
bunnj101: "Jim Bunning"
burbb101: "Bill Burbach"
burdb102: "Bob Burda"
burgt001: "Tom Burgmeier"
burkg101: "Glenn Burke"
burks102: "Steve Burke"
burlr001: "Rick Burleson"
burnb001: "Britt Burns"
burns101: "Sheldon Burnside"
burrj001: "Jeff Burroughs"
burrr001: "Ray Burris"
burtj101: "Jim Burton"
busbs101: "Steve Busby"
buskm101: "Mike Buskey"
buskt101: "Tom Buskey"
bussr101: "Ray Busse"
butlb101: "Bill Butler"
byrdj101: "Jeff Byrd"
cabee001: "Enos Cabell"
cacec101: "Craig Cacek"
cagew101: "Wayne Cage"
cainl101: "Les Cain"
caldm001: "Mike Caldwell"
callj101: "Johnny Callison"
cambf101: "Fred Cambria"
camil101: "Lou Camilli"
campb001: "Bill Campbell"
campb101: "Bert Campaneris"
campc102: "Cardell Camper"
campd101: "Dave Campbell"
campd102: "Dave Campbell"
campj103: "Jim Campbell"
campj105: "Jim Campanis"
campr001: "Rick Camp"
camps102: "Sal Campisi"
candj001: "John Candelaria"
canej101: "John Caneira"
cannc101: "Chris Cannizzaro"
cannj101: "Joe Cannon"
capid101: "Doug Capilla"
caprb101: "Buzz Capra"
carbb101: "Bernie Carbo"
cardd101: "Don Cardwell"
cardj101: "Jose Cardenal"
cardl101: "Leo Cardenas"
carer001: "Rod Carew"
carlc102: "Cisco Carlos"
carls001: "Steve Carlton"
carrc103: "Clay Carroll"
carrd104: "Don Carrithers"
carrt101: "Tom Carroll"
cartg001: "Gary Carter"
cartr101: "Rico Carty"
casap101: "Paul Casanova"
cashd101: "Dave Cash"
cashn101: "Norm Cash"
cashr101: "Ron Cash"
caskc101: "Craig Caskey"
castb101: "Bill Castro"
castd101: "Don Castle"
castj001: "John Castino"
castr001: "Robert Castillo"
castt101: "Tony Castillo"
cated101: "Danny Cater"
caudb001: "Bill Caudill"
cedec001: "Cesar Cedeno"
cepeo101: "Orlando Cepeda"
ceror001: "Rick Cerone"
cey-r001: "Ron Cey"
chald101: "Dave Chalk"
chamb101: "Bill Champion"
chamc001: "Chris Chambliss"
chamc101: "Craig Chamberlain"
chamm101: "Mike Champion"
chanc101: "Charlie Chant"
chand101: "Darrel Chaney"
chand102: "Dean Chance"
chaph101: "Harry Chappas"
chapk001: "Kelvin Chapman"
chead101: "Dave Cheadle"
chevt101: "Tony Chevez"
chilr101: "Rich Chiles"
chist101: "Tom Chism"
chlub101: "Bob Chlupsa"
chrib101: "Bob Christian"
chrib102: "Bruce Christensen"
chrig101: "Gary Christenson"
chril101: "Larry Christenson"
chrim101: "Mike Chris"
clanj001: "Jim Clancy"
clarb002: "Bob Clark"
clard105: "Doug Clarey"
clarh101: "Horace Clarke"
clarj001: "Jack Clark"
clarj104: "Jim Clark"
clarr103: "Ron Clark"
clarr104: "Rickey Clark"
clayk101: "Ken Clay"
cleam001: "Mark Clear"
cleml101: "Lance Clemons"
clemr101: "Roberto Clemente"
clend101: "Donn Clendenon"
clevr101: "Reggie Cleveland"
cling101: "Gene Clines"
clint101: "Ty Cline"
clont101: "Tony Cloninger"
closa101: "Al Closter"
clydd101: "David Clyde"
coggf101: "Frank Coggins"
coggr101: "Rich Coggins"
colbj101: "Jim Colborn"
colbm101: "Mike Colbern"
colbn101: "Nate Colbert"
colbv101: "Vince Colbert"
colec102: "Chris Coletta"
coled102: "Dave Coleman"
colej102: "Joe Coleman"
colld001: "Dave Collins"
colld101: "Don Collins"
collk101: "Kevin Collins"
colpd101: "Dick Colpaert"
colsl101: "Loyd Colson"
colub101: "Bob Coluccio"
comes001: "Steve Comer"
comew101: "Wayne Comer"
compc101: "Clint Compton"
compm101: "Mike Compton"
concd001: "Dave Concepcion"
conib101: "Billy Conigliaro"
conit101: "Tony Conigliaro"
conrt001: "Tim Conroy"
cookr101: "Ron Cook"
coomd101: "Danny Coombs"
coopc001: "Cecil Cooper"
corbr101: "Ray Corbin"
corct001: "Tim Corcoran"
corem101: "Mark Corey"
corkm101: "Mike Corkins"
cornm101: "Mardie Cornejo"
cornt101: "Terry Cornutt"
corrp102: "Pat Corrales"
corrv101: "Vic Correll"
cortb101: "Barry Cort"
cosgm101: "Mike Cosgrove"
cosmj101: "Jim Cosman"
cowab101: "Billy Cowan"
cowea001: "Al Cowens"
cox-c101: "Casey Cox"
cox-j102: "Jim Cox"
cox-l101: "Larry Cox"
cox-t101: "Ted Cox"
cox-t102: "Terry Cox"
crair001: "Rod Craig"
cramg101: "Gerald Cram"
crawj102: "Jim Crawford"
craww101: "Willie Crawford"
cridj101: "Jerry Crider"
cripd101: "Dave Cripe"
crisd102: "Dave Criscione"
cromw101: "Warren Cromartie"
crose101: "Ed Crosby"
crosk101: "Ken Crosby"
crowt101: "Terry Crowley"
cruzh101: "Heity Cruz"
cruzh102: "Henry Cruz"
cruzj001: "Jose Cruz"
cruzj002: "Julio Cruz"
cruzt001: "Todd Cruz"
cruzt101: "Tommy Cruz"
cruzv101: "Victor Cruz"
cubbm101: "Mike Cubbage"
cuelb101: "Bobby Cuellar"
cuelm101: "Mike Cuellar"
cullt101: "Tim Cullen"
culpr101: "Ray Culp"
culvg101: "George Culver"
cumbj101: "John Cumberland"
currl101: "Lafayette Currence"
curtj001: "Jack Curtis"
dacqj101: "John D'Acquisto"
dadep101: "Paul Dade"
dalcb101: "Bruce DalCanton"
dalrc101: "Clay Dalrymple"
darcp101: "Pat Darcy"
darrm101: "Mike Darr"
darwb101: "Bobby Darwin"
darwd001: "Danny Darwin"
dauer001: "Rich Dauer"
davaj101: "Jerry DaVanon"
davav101: "Vic Davalillo"
davej101: "Jim Davenport"
davem101: "Mike Davey"
davib101: "Bob Davis"
davib105: "Brock Davis"
david101: "Dick Davis"
davim101: "Mike Davison"
davir001: "Ron Davis"
davis102: "Steve Davis"
davit103: "Tommy Davis"
daviw102: "Willie Davis"
dawsa001: "Andre Dawson"
day-b102: "Boots Day"
deant101: "Tommy Dean"
debad101: "Dennis DeBarr"
decid001: "Doug DeCinces"
deckj101: "Joe Decker"
defra101: "Arturo DeFreitas"
deidj101: "Jim Deidel"
dejei001: "Ivan DeJesus"
delaj101: "Jesus De La Rosa"
delgp101: "Puchy Delgado"
delor101: "Ramon de los Santos"
demel101: "Larry Demery"
demod101: "Don DeMola"
dempr001: "Rick Dempsey"
deneb101: "Bill Denehy"
dennj001: "John Denny"
dentb001: "Bucky Dent"
derrm101: "Mike Derrick"
dettt101: "Tom Dettore"
devia101: "Adrian Devine"
diazb001: "Bo Diaz"
didib101: "Bob Didier"
dierl101: "Larry Dierker"
dietd101: "Dick Dietz"
dilaj101: "Jack DiLauro"
dillb101: "Bill Dillman"
dills101: "Steve Dillard"
dilom001: "Miguel Dilone"
dimmm101: "Mike Dimmel"
dinek101: "Kerry Dineen"
diorm101: "Mike Diorio"
dixot101: "Tom Dixon"
dobsc101: "Chuck Dobson"
dobsp101: "Pat Dobson"
dohej101: "John Doherty"
donaj101: "John Donaldson"
donot101: "Tom Donohue"
dotsr001: "Richard Dotson"
downa101: "Al Downing"
downb001: "Brian Downing"
downd101: "Dave Downs"
doylb101: "Brian Doyle"
doyld102: "Denny Doyle"
doylp101: "Paul Doyle"
drabm101: "Moe Drabowsky"
dragd101: "Dick Drago"
dresr101: "Rob Dressler"
dried001: "Dan Driessen"
drisj101: "Jim Driscoll"
drumk101: "Keith Drumright"
duesh101: "Hal Dues"
dufff101: "Frank Duffy"
dukej101: "Jan Dukes"
duket101: "Tom Dukes"
dumod101: "Dan Dumoulin"
duncd101: "Dave Duncan"
dunct101: "Taylor Duncan"
dunej101: "Jim Dunegan"
dunnr101: "Ron Dunn"
dunns101: "Steve Dunning"
duprm101: "Mike Dupree"
durhd101: "Don Durham"
dwyej001: "Jim Dwyer"
dyerd101: "Duffy Dyer"
easlm001: "Mike Easler"
eastj001: "Jamie Easterly"
eastr101: "Rawly Eastwick"
eatoc101: "Craig Eaton"
ecked001: "Dennis Eckersley"
eddyd101: "Don Eddy"
eddys101: "Steve Eddy"
edenm101: "Mike Eden"
edgeb102: "Butch Edge"
edwad101: "Dave Edwards"
edwad102: "Doc Edwards"
edwaj101: "Johnny Edwards"
edwam101: "Mike Edwards"
egant101: "Tom Egan"
eichj001: "Juan Eichelberger"
ellib104: "Bruce Ellingsen"
ellid101: "Dock Ellis"
ellij101: "John Ellis"
ellir101: "Randy Elliott"
ellir103: "Rob Ellis"
ellsd101: "Dick Ellsworth"
enrig101: "George Enright"
enyat101: "Terry Enyart"
epstm101: "Mike Epstein"
erarg101: "Greg Erardi"
ericr101: "Roger Erickson"
espin101: "Nino Espinosa"
essem101: "Mark Esser"
essij001: "Jim Essian"
estrf101: "Frank Estrada"
etcha101: "Andy Etchebarren"
evanb101: "Barry Evans"
evand001: "Darrell Evans"
evand002: "Dwight Evans"
ewins101: "Sam Ewing"
faheb101: "Bill Fahey"
fairj102: "Jim Fairey"
fairr101: "Ron Fairly"
falcp001: "Pete Falcone"
fanzc101: "Carmen Fanzone"
farme101: "Ed Farmer"
faulb101: "Bill Faul"
felsj101: "John Felske"
feltt101: "Terry Felton"
fenwb101: "Bobby Fenwick"
fergj101: "Joe Ferguson"
fernf101: "Frank Fernandez"
ferra101: "Al Ferrara"
ferrb101: "Bob Ferris"
ferrm101: "Mike Ferraro"
ferrs101: "Sergio Ferrer"
fidrm101: "Mark Fidrych"
fifed101: "Danny Fife"
figue101: "Ed Figueroa"
fincj101: "Joel Finch"
fingr001: "Rollie Fingers"
fiorm101: "Mike Fiore"
fiscm001: "Mike Fischlin"
fishe102: "Eddie Fisher"
fiskc001: "Carlton Fisk"
fitza101: "Al Fitzmorris"
flanj101: "John Flannery"
flanm001: "Mike Flanagan"
flant001: "Tim Flannery"
flinj101: "John Flinn"
flooc101: "Curt Flood"
florg101: "Gil Flores"
floyb101: "Bobby Floyd"
flynd001: "Doug Flynn"
folem001: "Marv Foley"
folit001: "Tim Foli"
folkr101: "Rich Folkers"
foorj101: "Jim Foor"
footb101: "Barry Foote"
fordd001: "Dan Ford"
fordd101: "Dave Ford"
fordt102: "Ted Ford"
fordw102: "Wenty Ford"
forsb001: "Bob Forsch"
forsk001: "Ken Forsch"
forst001: "Terry Forster"
fossr101: "Ray Fosse"
fosta101: "Alan Foster"
fostg001: "George Foster"
fostl101: "Leo Foster"
fostr101: "Roy Foster"
foucs101: "Steve Foucault"
foy-j101: "Joe Foy"
fraik101: "Ken Frailing"
franj101: "Jay Franklin"
frant101: "Tito Francona"
frazg001: "George Frazier"
freeb103: "Bill Freehan"
freej104: "Jimmy Freeman"
freer101: "Roger Freed"
fregj101: "Jim Fregosi"
freid101: "Dave Freisleben"
frenj101: "Jim French"
friap101: "Pepe Frias"
frisd101: "Danny Frisella"
fritl101: "Larry Fritz"
frosd101: "Dave Frost"
fry-j102: "Jerry Fry"
frymw101: "Woodie Fryman"
fuent101: "Tito Fuentes"
fulgj101: "John Fulgham"
fullj101: "John Fuller"
fullj102: "Jim Fuller"
fullv101: "Vern Fuller"
gabrl102: "Len Gabrielson"
gaglp101: "Phil Gagliano"
galab101: "Bob Galasso"
galer001: "Rich Gale"
galla101: "Al Gallagher"
gallb101: "Bob Gallagher"
gambj101: "John Gamble"
gambo001: "Oscar Gamble"
gantj001: "Jim Gantner"
garbg001: "Gene Garber"
garcd001: "Damaso Garcia"
garck001: "Kiko Garcia"
garcp101: "Pedro Garcia"
garcr102: "Ralph Garcia"
garda101: "Art Gardner"
gardr101: "Rob Gardner"
garlw101: "Wayne Garland"
garmm101: "Mike Garman"
garnp001: "Phil Garner"
garra101: "Adrian Garrett"
garrg101: "Gil Garrido"
garrg102: "Greg Garrett"
garrr101: "Ralph Garr"
garrw101: "Wayne Garrett"
garvj101: "Jerry Garvin"
garvs001: "Steve Garvey"
gaspr101: "Rod Gaspar"
gastc101: "Cito Gaston"
gatea101: "Aubrey Gatewood"
gatej101: "Joe Gates"
gaudj101: "Jim Gaudet"
gebhb101: "Bob Gebhard"
geddj101: "Jim Geddes"
geigg101: "Gary Geiger"
geisd001: "Dave Geisel"
gelnj101: "John Gelnar"
gentg101: "Gary Gentry"
gerhr101: "Rusty Gerhardt"
geroc101: "Cesar Geronimo"
gibbj101: "Jake Gibbs"
gibbj102: "Joe Gibbon"
gibsb101: "Bob Gibson"
gibsk001: "Kirk Gibson"
gibsr102: "Russ Gibson"
gidej101: "Jim Gideon"
gil-g101: "Gus Gil"
gilbb101: "Bill Gilbreth"
gilbj103: "Joe Gilbert"
gilbr101: "Rod Gilbreath"
giusd101: "Dave Giusti"
gladf102: "Fred Gladding"
gleaj001: "Jerry Gleaton"
glyne001: "Ed Glynn"
godbd101: "Danny Godby"
goddj101: "Joe Goddard"
goggc101: "Chuck Goggin"
gogob101: "Bill Gogolewski"
goltd101: "Dave Goltz"
gomel101: "Luis Gomez"
gonzd101: "Dan Gonzales"
gonzf101: "Fernando Gonzalez"
gonzj101: "Julio Gonzalez"
gonzo101: "Orlando Gonzalez"
gonzt101: "Tony Gonzalez"
goodd101: "Danny Goodwin"
goode101: "Ed Goodson"
goosg101: "Greg Goossen"
gordm101: "Mike Gordon"
gorib101: "Bob Gorinski"
gosgj101: "Jim Gosger"
gossr001: "Rich Gossage"
gowel101: "Larry Gowell"
grabb101: "Billy Grabarkewitz"
gracm101: "Mike Grace"
grahd101: "Dan Graham"
granj101: "Jim Grant"
granw101: "Wayne Granger"
grayg101: "Gary Gray"
greea101: "Al Greene"
greeb101: "Brian Greer"
greed102: "Dick Green"
greib101: "Bill Greif"
gricb001: "Bobby Grich"
griet101: "Tom Grieve"
grifa001: "Alfredo Griffin"
grifd101: "Doug Griffin"
grifk001: "Ken Griffey"
grifm001: "Mike Griffin"
grift101: "Tom Griffin"
grils101: "Steve Grilli"
grimr101: "Ross Grimsley"
grosg001: "Greg Gross"
grosw001: "Wayne Gross"
grotj101: "Jerry Grote"
grubj001: "John Grubb"
grzej101: "Joe Grzenda"
guerm101: "Mario Guerrero"
guerp001: "Pedro Guerrero"
guidr001: "Ron Guidry"
guins101: "Skip Guinn"
guldb001: "Brad Gulden"
gullb001: "Bill Gullickson"
gulld101: "Don Gullett"
gural001: "Larry Gura"
guthb101: "Bucky Guth"
gutic101: "Cesar Gutierrez"
guzms101: "Santiago Guzman"
haasm001: "Moose Haas"
hackr101: "Rich Hacker"
haguj101: "Joe Hague"
hahnd102: "Don Hahn"
hairj001: "Jerry Hairston"
halej101: "John Hale"
halie101: "Ed Halicki"
halld101: "Dick Hall"
hallj107: "Jimmie Hall"
hallt101: "Tom Hall"
hallt102: "Tom Haller"
hambr101: "Roger Hambright"
hamid101: "Dave Hamilton"
hamis101: "Steve Hamilton"
hammp101: "Pete Hamm"
hampi101: "Ike Hampton"
hancg001: "Garry Hancock"
handb101: "Bill Hands"
handr101: "Rich Hand"
hanel101: "Larry Haney"
hanng101: "Gerry Hannahs"
hannj102: "Jim Hannan"
hannp101: "Preston Hanna"
hansb101: "Bob Hansen"
hansr102: "Ron Hansen"
hardj101: "Jim Hardin"
hardl101: "Larry Hardy"
hargg101: "Gary Hargis"
hargm001: "Mike Hargrove"
hargs101: "Steve Hargan"
harll101: "Larry Harlow"
harmt101: "Terry Harmon"
harpb001: "Brian Harper"
harpt101: "Tommy Harper"
harrb101: "Bud Harrelson"
harrb107: "Buddy Harris"
harrc101: "Chuck Harrison"
harrj101: "John Harris"
harrk101: "Ken Harrelson"
harrr102: "Roric Harrison"
harrt001: "Toby Harrah"
harrv101: "Vic Harris"
hartc105: "Chuck Hartenstein"
hartg101: "Greg Harts"
hartj102: "James Hart"
hartp001: "Paul Hartzell"
hassa001: "Andy Hassler"
hassr001: "Ron Hassey"
hatcm001: "Mickey Hatcher"
haust101: "Tom Hausman"
haydh101: "Hal Haydel"
healf102: "Fran Healy"
heatm001: "Mike Heath"
heavd101: "Dave Heaverlo"
hebnr001: "Richie Hebner"
hedlm101: "Mike Hedlund"
heepd001: "Danny Heep"
hegam101: "Mike Hegan"
heidj101: "Jack Heidemann"
heint101: "Tom Heintzelman"
heisb101: "Bob Heise"
helmt101: "Tommy Helms"
hende103: "Ellie Hendricks"
hendg001: "George Hendrick"
hendj102: "Joe Henderson"
hendk101: "Ken Henderson"
hendr001: "Rickey Henderson"
hends001: "Steve Henderson"
hennp102: "Phil Hennigan"
hennr101: "Rick Henninger"
herbr102: "Ron Herbel"
hermr101: "Remy Hermoso"
herne102: "Enzo Hernandez"
hernj101: "Jesus Hernaiz"
hernj102: "Jackie Hernandez"
hernk001: "Keith Hernandez"
hernl001: "Larry Herndon"
hernp101: "Pedro Hernandez"
hernr102: "Ramon Hernandez"
hernr103: "Rudy Hernandez"
hernw001: "Willie Hernandez"
herre102: "Ed Herrmann"
herrj102: "Jose Herrera"
herrt001: "Tom Herr"
hersm101: "Mike Hershberger"
heydg101: "Greg Heydeman"
hiatj101: "Jack Hiatt"
hickj103: "Jim Hickman"
hickj105: "Jim Hicks"
higgd101: "Dennis Higgins"
hilgt101: "Tom Hilgendorf"
hillh102: "Herman Hill"
hillj101: "John Hiller"
hillm001: "Marc Hill"
hiltd101: "Dave Hilton"
hinds101: "Sam Hinds"
hintc101: "Chuck Hinton"
hintr101: "Rich Hinton"
hiseg101: "Gene Hiser"
hisll101: "Larry Hisle"
hobsb101: "Butch Hobson"
hockc101: "Chuck Hockenbery"
hodgg102: "Gomer Hodge"
hodgr001: "Ron Hodges"
hoerj101: "Joe Hoerner"
hoffg002: "Guy Hoffman"
holdf101: "Fred Holdsworth"
holla001: "Al Holland"
hollg101: "Gary Holle"
hollj102: "Jeff Holly"
holtj101: "Jim Holt"
holtk101: "Ken Holtzman"
honer001: "Rick Honeycutt"
hoodd101: "Don Hood"
hootb001: "Burt Hooton"
hootl101: "Leon Hooten"
hopkd101: "Don Hopkins"
hopkg101: "Gail Hopkins"
horlj101: "Joe Horlen"
hornb001: "Bob Horner"
hortt101: "Tony Horton"
hortw101: "Willie Horton"
hoslt101: "Tim Hosley"
hottk101: "Ken Hottman"
hougc001: "Charlie Hough"
houst101: "Tom House"
hovls101: "Steve Hovley"
howad101: "Doug Howard"
howaf101: "Fred Howard"
howaf102: "Frank Howard"
howaj101: "Jim Howarth"
howal102: "Larry Howard"
howaw101: "Wilbur Howard"
howea001: "Art Howe"
hower001: "Roy Howell"
hoytl001: "Lamarr Hoyt"
hraba101: "Al Hrabosky"
hubbg001: "Glenn Hubbard"
hudsc101: "Charlie Hudson"
hudsr101: "Rex Hudson"
huffp001: "Phil Huffman"
hughj104: "Jim Hughes"
hught106: "Terry Hughes"
humet001: "Tom Hume"
humpb102: "Bob Humphreys"
humpt101: "Terry Humphrey"
hundr101: "Randy Hundley"
huntb104: "Buddy Hunter"
huntj101: "Jim Hunter"
huntr101: "Ron Hunt"
hunts101: "Steve Huntz"
hurdc001: "Clint Hurdle"
hutsh101: "Herb Hutson"
huttj101: "Jim Hutto"
huttt101: "Tom Hutton"
ignag101: "Gary Ignasiak"
iorgd001: "Dane Iorg"
iorgg001: "Garth Iorg"
iviem101: "Mike Ivie"
jackd101: "Darrell Jackson"
jackg101: "Grant Jackson"
jackm101: "Mike Jackson"
jackr001: "Reggie Jackson"
jackr002: "Ron Jackson"
jackr003: "Roy Lee Jackson"
jacks102: "Sonny Jackson"
jacqp101: "Pat Jacquez"
jamea101: "Art James"
jameb001: "Bob James"
jamec101: "Cleo James"
james101: "Skip James"
janej101: "Jerry Janeski"
jarvp101: "Pat Jarvis"
jarvr101: "Ray Jarvis"
jastl101: "Larry Jaster"
jatap101: "Paul Jata"
javia101: "Al Javier"
javij101: "Julian Javier"
jeffj101: "Jesse Jefferson"
jenkf101: "Ferguson Jenkins"
jestg101: "Garry Jestadt"
jetej101: "Johnny Jeter"
jimej101: "Juan Jimenez"
johna104: "Alex Johnson"
johnb103: "Bob Johnson"
johnb104: "Bob Johnson"
johnb105: "Bart Johnson"
johnc001: "Cliff Johnson"
johnd103: "Deron Johnson"
johnd104: "Dave Johnson"
johnd105: "Dave Johnson"
johnf103: "Frank Johnson"
johng101: "Greg Johnston"
johnj001: "John Henry Johnson"
johnj002: "Jay Johnstone"
johnj104: "Jerry Johnson"
johnj105: "Jim Johnson"
johnk102: "Ken Johnson"
johnl101: "Lamar Johnson"
johnl103: "Larry Johnson"
johnm101: "Mike Johnson"
johnt001: "Tommy John"
johnt102: "Tim Johnson"
johnt103: "Tom Johnson"
joneb001: "Bob Jones"
jonec102: "Cleon Jones"
joned102: "Dalton Jones"
joned105: "Darryl Jones"
joneg102: "Gary Jones"
jonel001: "Lynn Jones"
jonem102: "Mack Jones"
joneo001: "Odell Jones"
joner002: "Ruppert Jones"
joner101: "Randy Jones"
joner102: "Rick Jones"
jonet101: "Tim Jones"
jorgm001: "Mike Jorgensen"
josed101: "Duane Josephson"
joser101: "Rick Joseph"
joshv101: "Von Joshua"
jutzs101: "Skip Jutze"
kaatj101: "Jim Kaat"
kaisb101: "Bob Kaiser"
kalia101: "Al Kaline"
kammb101: "Bob Kammeyer"
keals101: "Steve Kealey"
kearb001: "Bob Kearney"
keenj102: "Joe Keener"
kekim101: "Mike Kekich"
kelld102: "Dick Kelley"
kellm101: "Mick Kelleher"
kellp101: "Pat Kelly"
kellt101: "Tom Kelly"
kellt102: "Tom Kelley"
kellv101: "Van Kelly"
kemps001: "Steve Kemp"
kendf101: "Fred Kendall"
kennj101: "Junior Kennedy"
kennj103: "Jerry Kenney"
kennj105: "John Kennedy"
kennj106: "Jim Kennedy"
kennt001: "Terry Kennedy"
keouj101: "Joe Keough"
keoum001: "Matt Keough"
kernj001: "Jim Kern"
kerrj101: "Joe Kerrigan"
kessd101: "Don Kessinger"
kestr101: "Rick Kester"
kilkm101: "Mike Kilkenny"
killh102: "Harmon Killebrew"
kimmb101: "Bruce Kimm"
kingb101: "Brian Kingman"
kingd001: "Dave Kingman"
kingh102: "Hal King"
kinnd101: "Dennis Kinney"
kirbc101: "Clay Kirby"
kirkd101: "Don Kirkwood"
kirke102: "Ed Kirkpatrick"
kisob001: "Bruce Kison"
klevj101: "Jay Kleven"
kliml101: "Lou Klimchock"
klimr101: "Ron Klimkowski"
klinr102: "Ron Kline"
klins101: "Steve Kline"
klutm101: "Mickey Klutts"
knapc101: "Chris Knapp"
knepb001: "Bob Knepper"
knica001: "Alan Knicely"
knigr001: "Ray Knight"
knoob101: "Bobby Knoop"
knowd101: "Darold Knowles"
knoxj101: "John Knox"
kobek101: "Kevin Kobel"
koegp101: "Pete Koegel"
konid101: "Doug Konieczny"
koonc101: "Cal Koonce"
koosj001: "Jerry Koosman"
kopag101: "George Kopacz"
kosca101: "Andy Kosco"
krane101: "Ed Kranepool"
kraul102: "Lew Krausse"
kravk101: "Ken Kravec"
kremj101: "Jim Kremmel"
krenw001: "Wayne Krenchicki"
kreur101: "Rick Kreuger"
krukm001: "Mike Krukow"
kubit101: "Ted Kubiak"
kucej101: "Jack Kucek"
kuhaf101: "Fred Kuhaulua"
kuipd001: "Duane Kuiper"
kuntr001: "Rusty Kuntz"
kuror101: "Ryan Kurosaki"
kusic101: "Craig Kusick"
kusna101: "Art Kusnyer"
laboc101: "Coco Laboy"
laceb001: "Bob Lacey"
lachm101: "Marcel Lachemann"
lacof001: "Frank LaCorte"
lacom001: "Mike LaCoss"
lacop101: "Pete LaCock"
lacyl001: "Leon Lacy"
laddp001: "Peter Ladd"
lagrl101: "Lerrin LaGrow"
lahoj101: "Joe Lahoud"
lambj101: "John Lamb"
lambr101: "Ray Lamb"
lamog101: "Gene Lamont"
lampd001: "Dennis Lamp"
lampk101: "Keith Lampard"
lancg101: "Gary Lance"
landk001: "Ken Landreaux"
landl101: "Larry Landreth"
landr001: "Rafael Landestoy"
lanem101: "Marvin Lane"
langc101: "Chip Lang"
langd101: "Dick Lange"
langr001: "Rick Langford"
lanih101: "Hal Lanier"
lanir101: "Rimp Lanier"
lansc001: "Carney Lansford"
larod101: "Dave LaRoche"
laroj101: "John LaRose"
larsd101: "Dan Larson"
larut101: "Tony LaRussa"
lashf101: "Fred Lasher"
lauzg101: "George Lauzerique"
laveg001: "Gary Lavelle"
law-r001: "Rudy Law"
lawss101: "Steve Lawson"
laxtb101: "Bill Laxton"
lee-b101: "Bill Lee"
lee-l101: "Le Lee"
lee-m101: "Mark Lee"
lefej101: "Jim Lefebvre"
leflr101: "Ron LeFlore"
leibc001: "Charlie Leibrandt"
lemad101: "Dave Lemanczyk"
lemad102: "Denny Lemaster"
lemaj001: "Johnnie LeMaster"
lemoc001: "Chet Lemon"
lemod101: "Dave Lemonds"
lemom101: "Mark Lemongello"
lentj101: "Jim Lentine"
leond001: "Dennis Leonard"
leond101: "Dave Leonhard"
leone102: "Eddie Leon"
leonj001: "Jeff Leonard"
leonm101: "Max Leon"
lercr001: "Randy Lerch"
lersb101: "Barry Lersch"
leshd101: "Don Leshnock"
lewad101: "Dennis Lewallyn"
lewia101: "Allan Lewis"
lewij001: "Jim Lewis"
ley-t101: "Terry Ley"
lezcs001: "Sixto Lezcano"
lindj103: "Jack Lind"
lindp101: "Paul Lindblad"
lintl101: "Larry Lintz"
linzf101: "Frank Linzy"
lis-j101: "Joe Lis"
littd101: "Dennis Littlejohn"
littm101: "Mark Littell"
llenw101: "Winston Llenas"
lockb102: "Bob Locker"
lockg101: "Gene Locklear"
locks101: "Skip Lockwood"
loisa101: "Alberto Lois"
lolim101: "Mickey Lolich"
lolir101: "Ron Lolich"
lonbj101: "Jim Lonborg"
lopea001: "Aurelio Lopez"
lopec101: "Carlos Lopez"
loped001: "Davey Lopes"
lopem101: "Marcelino Lopez"
lovij102: "Joe Lovitto"
lowej001: "John Lowenstein"
luebs101: "Steve Luebber"
lum-m101: "Mike Lum"
lundt101: "Tom Lundstedt"
luzig001: "Greg Luzinski"
lyles101: "Sparky Lyle"
lynnf001: "Fred Lynn"
lyttj101: "Jim Lyttle"
maccf101: "Frank MacCormack"
machc101: "Chuck Machemehl"
machd101: "Dave Machemer"
machk101: "Ken Macha"
machm101: "Mike Macha"
mackp101: "Pete Mackanin"
macks101: "Steve Macko"
madde101: "Elliott Maddox"
maddg001: "Garry Maddox"
maddj101: "Jerry Maddox"
madlb001: "Bill Madlock"
magnj101: "Jim Magnuson"
mahlg101: "Greg Mahlberg"
mahlm001: "Mickey Mahler"
mahlr001: "Ricky Mahler"
makot101: "Tom Makowski"
malls101: "Sheldon Mallory"
maloj102: "Jim Maloney"
manga101: "Angel Mangual"
mangp101: "Pepe Mangual"
mankp101: "Phil Mankowski"
mannr001: "Rick Manning"
manuc101: "Chuck Manuel"
manuj101: "Jerry Manuel"
marij101: "Juan Marichal"
marol101: "Lou Marone"
marqg101: "Gonzalo Marquez"
marsd101: "Dave Marshall"
marsk101: "Keith Marshall"
marsm101: "Mike Marshall"
martb001: "Buck Martinez"
martd001: "Dennis Martinez"
martg102: "Gary Martz"
martj001: "Jerry Martin"
martj103: "Jose Martinez"
martj107: "J.C. Martin"
martm102: "Marty Martinez"
martr001: "Renie Martin"
marts101: "Silvio Martinez"
martt001: "Tippy Martinez"
martt102: "Ted Martinez"
mashc101: "Clyde Mashore"
masod101: "Don Mason"
masoj101: "Jim Mason"
matct101: "Tommy Matchick"
matij101: "John Matias"
matlj101: "Jon Matlack"
mattg001: "Gary Matthews"
matur101: "Rick Matula"
maxvd101: "Dal Maxvill"
may-c101: "Carlos May"
may-d101: "Dave May"
may-j101: "Jerry May"
may-l101: "Lee May"
may-m001: "Milt May"
may-r101: "Rudy May"
maybj101: "John Mayberry"
mayel101: "Lee Maye"
maysw101: "Willie Mays"
mazeb101: "Bill Mazeroski"
mazzl001: "Lee Mazzilli"
mcane101: "Ernie McAnally"
mcanj101: "Jim McAndrew"
mcaud101: "Dick McAuliffe"
mcbea101: "Al McBean"
mcbrb101: "Bake McBride"
mccal101: "Larry McCall"
mccas001: "Steve McCatty"
mccat101: "Tim McCarver"
mcclb001: "Bob McClure"
mccob105: "Billy McCool"
mccom103: "Mike McCormick"
mccow101: "Willie McCovey"
mccrt102: "Tommy McCraw"
mcdal101: "Lindy McDaniel"
mcdet101: "Terry McDermott"
mcdod102: "Dave McDonald"
mcdos101: "Sam McDowell"
mcenw101: "Will McEnaney"
mcfal101: "Leon McFadden"
mcgid101: "Dan McGinn"
mcgir101: "Randy McGilberry"
mcglj101: "Jim McGlothlin"
mcgll101: "Lynn McGlothen"
mcgrs001: "Scott McGregor"
mcgrt001: "Tug McGraw"
mcinj101: "Joe McIntosh"
mckad101: "Dave McKay"
mckej103: "Jim McKee"
mckir101: "Rich McKinney"
mclab101: "Bo McLaughlin"
mclab102: "Byron McLaughlin"
mclad101: "Denny McLain"
mclaj001: "Joey McLaughlin"
mcmad102: "Don McMahon"
mcmit102: "Tom McMillan"
mcmuk101: "Ken McMullen"
mcnad102: "Dave McNally"
mcnej101: "Jerry McNertney"
mcnub101: "Bill McNulty"
mcqum103: "Mike McQueen"
mcrah001: "Hal McRae"
mcran101: "Norm McRae"
mcwil001: "Larry McWilliams"
medid101: "Doc Medich"
meelp101: "Phil Meeler"
mejis101: "Sam Mejias"
melel101: "Luis Melendez"
meltb101: "Bill Melton"
mendm101: "Mario Mendoza"
mendm102: "Mike Mendoza"
mendm103: "Minnie Mendoza"
menkd101: "Denis Menke"
meolr101: "Rudy Meoli"
merca101: "Andy Merchant"
merrj102: "Jim Merritt"
messa101: "Andy Messersmith"
metzb101: "Butch Metzger"
metzr101: "Roger Metzger"
meyeb102: "Bob Meyer"
meyed001: "Dan Meyer"
meyes101: "Scott Meyer"
michg101: "Gene Michael"
mikkp101: "Pete Mikkelsen"
milbl001: "Larry Milbourne"
milem101: "Mike Miley"
millb106: "Bob Miller"
millb107: "Bruce Miller"
milld101: "Dyar Miller"
milld107: "Dick Mills"
mille001: "Eddie Miller"
millf105: "Felix Millan"
milln101: "Norm Miller"
millr001: "Rick Miller"
millr105: "Roger Miller"
millr109: "Randy Miller"
milnb101: "Brian Milner"
milnj101: "John Milner"
mincd101: "Don Mincher"
minec101: "Craig Minetto"
mings101: "Steve Mingori"
minom101: "Minnie Minoso"
minsj101: "Jim Minshall"
mintg001: "Greg Minton"
mirap001: "Paul Mirabella"
mitcb102: "Bobby Mitchell"
mitcc101: "Craig Mitchell"
mitcp101: "Paul Mitchell"
mittg101: "George Mitterwald"
moatd101: "Dave Moates"
moelj101: "Joe Moeller"
moffr101: "Randy Moffitt"
molib101: "Bob Molinaro"
molip001: "Paul Molitor"
molor101: "Richie Moloney"
mondr001: "Rick Monday"
moned101: "Don Money"
mongs001: "Sid Monge"
monrl101: "Larry Monroe"
monta101: "Al Montreuil"
monta103: "Aurelio Monteagudo"
montb101: "Bob Montgomery"
montj001: "John Montefusco"
montj101: "John Montague"
montm102: "Monty Montgomery"
montw101: "Willie Montanez"
monzd101: "Dan Monzon"
moorb101: "Balor Moore"
moorb105: "Barry Moore"
moorc001: "Charlie Moore"
moord001: "Donnie Moore"
moorg102: "Gary Moore"
moorj101: "Junior Moore"
moort101: "Tommy Moore"
moosb101: "Bob Moose"
moraa101: "Andres Mora"
morab103: "Bill Moran"
moraj001: "Jose Morales"
moraj101: "Jerry Morales"
morar102: "Rich Morales"
mored103: "Dave Morehead"
morek001: "Keith Moreland"
moreo001: "Omar Moreno"
morer101: "Rogelio Moret"
morgj001: "Joe Morgan"
morgm001: "Mike Morgan"
morlj101: "John Morlan"
morrj001: "Jack Morris"
morrj002: "Jim Morrison"
morrj106: "John Morris"
mortc102: "Carl Morton"
mosej101: "Jerry Moses"
moskp101: "Paul Moskau"
motam101: "Manny Mota"
mottc101: "Curt Motton"
muelw101: "Willie Mueller"
mullr001: "Rance Mulliniks"
mumpj001: "Jerry Mumphrey"
munim101: "Manny Muniz"
munst101: "Thurman Munson"
muras001: "Steve Mura"
murcb101: "Bobby Murcer"
murpd001: "Dale Murphy"
murpd002: "Dwayne Murphy"
murpd105: "Danny Murphy"
murpt101: "Tom Murphy"
murrd001: "Dale Murray"
murre001: "Eddie Murray"
murri101: "Ivan Murrell"
murrl101: "Larry Murray"
muset101: "Tony Muser"
myrib101: "Bob Myrick"
nager101: "Russ Nagelson"
nagym101: "Mike Nagy"
nahob001: "Bill Nahorodny"
narrj001: "Jerry Narron"
nashc101: "Cotton Nash"
nashj101: "Jim Nash"
nastp101: "Phil Nastu"
navaj101: "Julio Navarro"
neibg101: "Gary Neibauer"
nelsd101: "Dave Nelson"
nelsj102: "Jim Nelson"
nelsr101: "Roger Nelson"
nen-d101: "Dick Nen"
nettg001: "Graig Nettles"
nettj101: "Jim Nettles"
nettm101: "Morris Nettles"
neumd101: "Dan Neumeier"
newhd101: "Don Newhauser"
newmj001: "Jeff Newman"
newmr101: "Ray Newman"
nicos001: "Steve Nicosia"
niekj001: "Joe Niekro"
niekp001: "Phil Niekro"
niemr001: "Randy Niemann"
nolag101: "Gary Nolan"
nolaj001: "Joe Nolan"
noled001: "Dickie Noles"
nordt101: "Tim Nordbrook"
nordw101: "Wayne Nordhagen"
norij101: "John Noriega"
normd101: "Dan Norman"
normf101: "Fred Norman"
normn001: "Nelson Norman"
norrj101: "Jim Norris"
norrm101: "Mike Norris"
nortb101: "Bill North"
nortj101: "Jim Northrup"
nortt101: "Tom Norton"
norww101: "Willie Norwood"
nossj101: "Joe Nossek"
nye-r101: "Rich Nye"
nymaj101: "Jerry Nyman"
nyman101: "Nyls Nyman"
oatej101: "Johnny Oates"
oberk001: "Ken Oberkfell"
oberm001: "Mike O'Berry"
obraj101: "Jim Obradovich"
obrib103: "Bob O'Brien"
obrid102: "Dan O'Brien"
obris101: "Syd O'Brien"
odomj101: "Johnny Odom"
odonj101: "John O'Donoghue"
oestr001: "Ron Oester"
offir101: "Rowland Office"
oglib001: "Ben Oglivie"
oliva001: "Al Oliver"
olivb101: "Bob Oliver"
olivd102: "Dave Oliver"
olivt102: "Tony Oliva"
ontis101: "Steve Ontiveros"
orild101: "Don O'Riley"
orosj001: "Jesse Orosco"
ortaj001: "Jorge Orta"
ortef101: "Frank Ortenzio"
ortij101: "Jose Ortiz"
osboo101: "Ozzie Osborn"
osbop101: "Pat Osburn"
osind101: "Dan Osinski"
ostec103: "Claude Osteen"
osted101: "Darrell Osteen"
ostrb101: "Brian Ostrosser"
otisa001: "Amos Otis"
otood101: "Dennis O'Toole"
ott-e101: "Ed Ott"
ottej101: "Jim Otten"
overm101: "Mike Overy"
owchb001: "Bob Owchinko"
oyler101: "Ray Oyler"
pacej001: "John Pacella"
pacit001: "Tom Paciorek"
pactj101: "Joe Pactwa"
paepd101: "Dennis Paepke"
pagad101: "Dave Pagan"
pagaj101: "Jose Pagan"
pagek101: "Karl Pagel"
pagem001: "Mitchell Page"
palmd001: "David Palmer"
palmj001: "Jim Palmer"
palml101: "Lowell Palmer"
pantj101: "Jim Panther"
papek101: "Ken Pape"
papis101: "Stan Papi"
pappm101: "Milt Pappas"
parkb102: "Billy Parker"
parkd001: "Dave Parker"
parkh101: "Harry Parker"
parkw101: "Wes Parker"
parrl001: "Lance Parrish"
parrl002: "Larry Parrish"
parrm101: "Mike Parrott"
parrs101: "Sam Parrilla"
parsb101: "Bill Parsons"
pascb101: "Bill Paschall"
pascc102: "Camilo Pascual"
paslk101: "Kevin Pasley"
pastf001: "Frank Pastore"
patef101: "Freddie Patek"
pattd101: "Dave Patterson"
pattd102: "Daryl Patterson"
pattg101: "Gil Patterson"
pattm101: "Marty Pattin"
paulm101: "Mike Paul"
pavld101: "Don Pavletich"
paxtm101: "Mike Paxton"
pazim101: "Mike Pazik"
pembb101: "Brock Pemberton"
penaj101: "Jose Pena"
penao101: "Orlando Pena"
penar101: "Roberto Pena"
pentg101: "Gene Pentz"
pepij101: "Joe Pepitone"
perem101: "Marty Perez"
peret001: "Tony Perez"
perkb001: "Broderick Perkins"
perls101: "Sam Perlozzo"
perrg101: "Gaylord Perry"
perrj102: "Jim Perry"
perrr101: "Ron Perranoski"
perzs101: "Stan Perzanowski"
petef101: "Fritz Peterson"
peteg101: "Gary Peters"
peter001: "Rick Peters"
peter103: "Ray Peters"
petrd001: "Dan Petry"
petrr101: "Rico Petrocelli"
pfeib101: "Bobby Pfeil"
phila101: "Adolfo Phillips"
phile103: "Ed Phillips"
philm101: "Mike Phillips"
phoet101: "Tom Phoebus"
piccr001: "Rob Picciolo"
pierj101: "Jack Pierce"
pinah101: "Horacio Pina"
pinil001: "Lou Piniella"
pinsv101: "Vada Pinson"
pirtg101: "Gerry Pirtle"
pitls101: "Skip Pitlock"
pittg101: "Gaylen Pitts"
pizaj101: "Juan Pizarro"
pladg101: "Gordie Pladson"
plane103: "Ed Plank"
plodt101: "Tim Plodinec"
plumb101: "Bill Plummer"
pocob001: "Biff Pocoroba"
poepm101: "Mike Poepping"
poffj101: "John Poff"
poled101: "Dick Pole"
poloj101: "John Poloni"
popop101: "Paul Popovich"
poqut101: "Tom Poquette"
portd001: "Darrell Porter"
pottm101: "Mike Potter"
poweb101: "Boog Powell"
poweh101: "Hosken Powell"
powep102: "Paul Powell"
pralw101: "Willie Prall"
pricj102: "Jim Price"
pridb101: "Bob Priddy"
prolm101: "Mike Proly"
pruir101: "Ron Pruitt"
pryog001: "Greg Pryor"
puenm101: "Miguel Puente"
puhlt001: "Terry Puhl"
puigr101: "Rich Puig"
pujol001: "Luis Pujols"
putme101: "Ed Putman"
putnp001: "Pat Putnam"
qualj101: "Jim Qualls"
queem102: "Mel Queen"
quilf101: "Frank Quilici"
quinl101: "Luis Quintana"
quirj001: "Jamie Quirk"
quisd001: "Dan Quisenberry"
raded101: "Dave Rader"
raded103: "Doug Rader"
raglt101: "Tom Ragland"
raice101: "Eric Raich"
rainc001: "Chuck Rainey"
raint001: "Tim Raines"
rajsd101: "Dave Rajsich"
ramim101: "Milt Ramirez"
ramio101: "Orlando Ramirez"
ramod001: "Domingo Ramos"
ramop101: "Pedro Ramos"
ramor001: "Bobby Ramos"
ramsm001: "Mike Ramsey"
randb101: "Bob Randall"
randl101: "Len Randle"
randw001: "Willie Randolph"
rasme101: "Eric Rasmussen"
ratlp101: "Paul Ratliff"
rau-d101: "Doug Rau"
raucb101: "Bob Rauch"
rautl101: "Lance Rautzhan"
rawls001: "Shane Rawley"
ray-j101: "Jim Ray"
raymc101: "Claude Raymond"
razib101: "Barry Raziano"
rearj001: "Jeff Reardon"
rebef101: "Frank Reberger"
redfp101: "Pete Redfern"
redmg101: "Glenn Redmon"
reecb101: "Bob Reece"
reedb102: "Bob Reed"
reedh102: "Howie Reed"
reedr001: "Ron Reed"
reesr101: "Rich Reese"
regap101: "Phil Regan"
reicr101: "Rick Reichardt"
reids101: "Scott Reid"
reinm101: "Mike Reinbach"
reitk101: "Ken Reitz"
remmw101: "Win Remmerswaal"
remyj001: "Jerry Remy"
renir101: "Rick Renick"
renks101: "Steve Renko"
repla101: "Andy Replogle"
repor101: "Roger Repoz"
rettm101: "Merv Rettenmund"
reusj001: "Jerry Reuss"
reusp101: "Paul Reuschel"
reusr001: "Rick Reuschel"
reved101: "Dave Revering"
reyna101: "Archie Reynolds"
reynb102: "Bob Reynolds"
reync001: "Craig Reynolds"
reynd101: "Don Reynolds"
reynk101: "Ken Reynolds"
reynt101: "Tommie Reynolds"
rhodr001: "Rick Rhoden"
riccf101: "Frank Riccelli"
ricej001: "Jim Rice"
richg001: "Gene Richards"
richj101: "J.R. Richard"
richl101: "Lee Richard"
richp102: "Pete Richert"
rickd102: "Dave Ricketts"
riddd102: "Denny Riddleberger"
righd001: "Dave Righetti"
rileg001: "George Riley"
rinej101: "Jeff Rineer"
ripla101: "Allen Ripley"
rittj101: "Jim Rittwage"
riveb101: "Bombo Rivera"
rivem001: "Mickey Rivers"
robbb101: "Bruce Robbins"
robeb001: "Bert Roberge"
robeb101: "Bob Robertson"
robed101: "Dave Roberts"
robed102: "Dave Roberts"
robej102: "Jerry Robertson"
robel001: "Leon Roberts"
rober101: "Rich Robertson"
robib101: "Bill Robinson"
robib102: "Bruce Robinson"
robib104: "Brooks Robinson"
robic101: "Craig Robinson"
robid001: "Don Robinson"
robid101: "Dewey Robinson"
robid102: "Dave Robinson"
robif103: "Frank Robinson"
roblr101: "Rafael Robles"
robls101: "Sergio Robles"
robst101: "Tom Robson"
rockp101: "Pat Rockett"
rodra101: "Aurelio Rodriguez"
rodre101: "Ellie Rodriguez"
rodre102: "Eduardo Rodriguez"
rodrr101: "Roberto Rodriquez"
roeng001: "Gary Roenicke"
roges001: "Steve Rogers"
rogom101: "Mike Rogodzinski"
rojac101: "Cookie Rojas"
rolaj101: "Jim Roland"
rollr101: "Rich Rollins"
romee001: "Ed Romero"
romoe101: "Enrique Romo"
romov101: "Vicente Romo"
rondg101: "Gilbert Rondon"
roofp101: "Phil Roof"
rookj101: "Jim Rooker"
roquj101: "Jorge Roque"
rosaj101: "Jimmy Rosario"
rosal101: "Luis Rosado"
rosed101: "Dave Rosello"
rosed102: "Don Rose"
rosej101: "John Roseboro"
rosep001: "Pete Rose"
rossg102: "Gary Ross"
roung101: "Gene Rounsaville"
roysj001: "Jerry Royster"
rozed001: "Dave Rozema"
rubes101: "Sonny Ruberto"
rudij101: "Joe Rudi"
rudok101: "Ken Rudolph"
ruhlv001: "Vern Ruhle"
ruizc101: "Chico Ruiz"
ruizc102: "Chico Ruiz"
russb001: "Bill Russell"
ruthd001: "Dick Ruthven"
ryanm101: "Mike Ryan"
ryann001: "Nolan Ryan"
ryerg101: "Gary Ryerson"
sadem101: "Mike Sadek"
sader101: "Ray Sadecki"
sadoj101: "Jim Sadowski"
sakal001: "Lenn Sakata"
salmc101: "Chico Salmon"
sambj001: "Joe Sambito"
sampb001: "Bill Sample"
sancc101: "Celerino Sanchez"
sandc101: "Charlie Sands"
sandk101: "Ken Sanders"
sandr103: "Reggie Sanders"
sands001: "Scott Sanderson"
sandt101: "Tommy Sandt"
sangm101: "Manny Sanguillen"
santa101: "Al Santorini"
santj101: "Jose Santiago"
santr101: "Rafael SantoDomingo"
santr102: "Ron Santo"
sarmm101: "Manny Sarmiento"
satrt101: "Tom Satriano"
sauck101: "Kevin Saucier"
saund101: "Dennis Saunders"
savat101: "Ted Savage"
sawyr101: "Rick Sawyer"
scanp102: "Pat Scanlon"
scarm101: "Mac Scarce"
scarr101: "Randy Scarbery"
schad001: "Dan Schatzeder"
scham101: "Mark Schaeffer"
schap101: "Paul Schaal"
schef102: "Fred Scherman"
scher101: "Richie Scheinblum"
schlj101: "Jay Schlueter"
schmm001: "Mike Schmidt"
schnd102: "Dave Schneck"
schod101: "Dick Schofield"
schub104: "Buddy Schultz"
schud002: "Dave Schuler"
schur101: "Ron Schueler"
scotg102: "George Scott"
scotj102: "John Scott"
scotm001: "Mike Scott"
scotm101: "Mickey Scott"
scotr101: "Rod Scott"
scott001: "Tony Scott"
scric101: "Chuck Scrivener"
seamk101: "Kim Seaman"
seavt001: "Tom Seaver"
secrd101: "Don Secrist"
seelc101: "Chuck Seelbach"
segud101: "Diego Segui"
seibk101: "Kurt Seibert"
selld101: "Dave Sells"
selmd101: "Dick Selma"
sembc101: "Carroll Sembera"
sembm101: "Mike Sember"
seoam101: "Manny Seoane"
serug101: "Gary Serum"
sevea101: "Al Severinsen"
sever101: "Rich Severson"
sextj101: "Jimmy Sexton"
shama101: "Art Shamsky"
shang101: "Greg Shanahan"
shanh102: "Harvey Shank"
shanm101: "Mike Shannon"
sharb102: "Bill Sharp"
shard101: "Dick Sharon"
shawd102: "Don Shaw"
shelb101: "Bob Sheldon"
shelj101: "Jim Shellenback"
sherd101: "Dennis Sherrill"
shirb001: "Bob Shirley"
shopt101: "Tom Shopay"
shorc102: "Chris Short"
siebp101: "Paul Siebert"
siebs101: "Sonny Siebert"
silvl101: "Luis Silverio"
silvt101: "Tom Silverio"
simmt001: "Ted Simmons"
simpj101: "Joe Simpson"
simps101: "Steve Simpson"
simpw101: "Wayne Simpson"
simsd101: "Duke Sims"
singb101: "Bill Singer"
singk001: "Ken Singleton"
siskt101: "Tommie Sisk"
sizet101: "Ted Sizemore"
skagd101: "Dave Skaggs"
skidr101: "Roe Skidmore"
skokc101: "Craig Skok"
slagr101: "Roger Slagle"
slatj001: "Jim Slaton"
slayb101: "Bill Slayback"
slocr101: "Ron Slocum"
smalh101: "Hank Small"
smalr001: "Roy Smalley"
smitb101: "Billy Smith"
smitb105: "Bernie Smith"
smitk101: "Keith Smith"
smitl002: "Lonnie Smith"
smito001: "Ozzie Smith"
smitr101: "Reggie Smith"
smitt102: "Tommy Smith"
smitw102: "Willie Smith"
snoof101: "Frank Snook"
snydr102: "Russ Snyder"
sodee101: "Eric Soderholm"
sofir101: "Rick Sofield"
solat101: "Tony Solaita"
soloe101: "Eddie Solomon"
sorel001: "Lary Sorensen"
sorrb101: "Bill Sorrell"
sosae101: "Elias Sosa"
sosaj101: "Jose Sosa"
sotom001: "Mario Soto"
spana101: "Al Spangler"
sparj101: "Joe Sparma"
speeh101: "Horace Speed"
speic001: "Chris Speier"
spenb102: "Bob Spence"
spenj101: "Jim Spencer"
spent102: "Tom Spencer"
sperr101: "Rob Sperring"
spiee101: "Ed Spiezio"
spikc101: "Charlie Spikes"
spild001: "Dan Spillner"
spilh001: "Harry Spilman"
spins101: "Scipio Spinks"
splip001: "Paul Splittorff"
sprae101: "Ed Sprague"
sprig101: "George Spriggs"
sprob101: "Bobby Sprowl"
squim001: "Mike Squires"
staem101: "Marv Staehle"
stags101: "Steve Staggs"
stahl101: "Larry Stahl"
stair101: "Roy Staiger"
stanb001: "Bob Stanley"
stand101: "Don Stanhouse"
stanf101: "Fred Stanley"
stank101: "Kevin Stanfield"
stanl101: "Lee Stange"
stanl102: "Leroy Stanton"
stanm001: "Mike Stanton"
stanm101: "Mickey Stanley"
starw101: "Willie Stargell"
statj102: "Joe Staton"
staur001: "Rusty Staub"
steaj001: "John Stearns"
stegd001: "Dave Stegman"
steib001: "Bill Stein"
steir101: "Randy Stein"
stelr101: "Rick Stelmaszek"
stenr101: "Rennie Stennett"
stepe101: "Earl Stephenson"
stepj102: "John Stephenson"
stepj103: "Jerry Stephenson"
sterr101: "Randy Sterling"
stewd001: "Dave Stewart"
stewj102: "Jimmy Stewart"
stews001: "Sammy Stewart"
stied001: "Dave Stieb"
stilr102: "Royle Stillman"
stinb101: "Bob Stinson"
stodt001: "Tim Stoddard"
stonb101: "Bill Stoneman"
stong102: "George Stone"
stonr102: "Ron Stone"
stons101: "Steve Stone"
stotm101: "Mel Stottlemyre"
strab101: "Bob Strampe"
straj101: "Joe Strain"
stram101: "Mike Strahler"
strij104: "Jim Strickland"
strob101: "Brent Strom"
stroe101: "Ed Stroud"
stroj102: "John Strohmayer"
suark101: "Ken Suarez"
suchd101: "Dick Such"
sudab101: "Bill Sudakis"
summc001: "Champ Summers"
sundj001: "Jim Sundberg"
sutcr001: "Rick Sutcliffe"
suthg101: "Gary Sutherland"
suttb001: "Bruce Sutter"
suttd001: "Don Sutton"
suttj101: "John Sutton"
swanc001: "Craig Swan"
swans101: "Stan Swanson"
sweer101: "Rick Sweet"
swiss101: "Steve Swisher"
swobr101: "Ron Swoboda"
sykeb101: "Bob Sykes"
szotk101: "Ken Szotkiewicz"
tabbj101: "Jerry Tabb"
talbf101: "Fred Talbot"
tamaj101: "John Tamargo"
tanaf001: "Frank Tanana"
tartj101: "Jose Tartabull"
tater101: "Randy Tate"
tatuj101: "Jarvis Tatum"
tatuk101: "Ken Tatum"
tavea101: "Alex Taveras"
tavef101: "Frank Taveras"
taylb101: "Bruce Taylor"
taylb105: "Bob Taylor"
taylc101: "Chuck Taylor"
taylc102: "Carl Taylor"
taylh102: "Hawk Taylor"
taylr101: "Ron Taylor"
taylt101: "Tony Taylor"
tekuk001: "Kent Tekulve"
tellt001: "Tom Tellmann"
tempg001: "Garry Templeton"
tenag101: "Gene Tenace"
tepef101: "Frank Tepedino"
terlb101: "Bob Terlecki"
terlg101: "Greg Terlecky"
terpj101: "Jeff Terpko"
terrj101: "Jerry Terrell"
thayg101: "Greg Thayer"
theid101: "Duane Theiss"
theog101: "George Theodore"
theor101: "Ron Theobald"
thomb106: "Bobby Thompson"
thomd001: "Derrell Thomas"
thomd101: "Dan Thomas"
thomd103: "Danny Thompson"
thome101: "Erskine Thomason"
thomg001: "Gorman Thomas"
thomg101: "Gary Thomasson"
thomg102: "George Thomas"
thomj001: "Jason Thompson"
thomm102: "Mike Thompson"
thomr001: "Roy Thomas"
thoms001: "Scot Thompson"
thoms102: "Stan Thomas"
thond001: "Dickie Thon"
thora001: "Andy Thornton"
thoro101: "Otis Thornton"
thorp101: "Paul Thormodsgard"
throg101: "George Throop"
tianl101: "Luis Tiant"
tidrd001: "Dick Tidrow"
tillb101: "Bob Tillman"
timmt101: "Tom Timmermann"
tisct101: "Tom Tischinski"
tobid001: "Dave Tobik"
toddj101: "Jackson Todd"
toddj102: "Jim Todd"
tolab101: "Bobby Tolan"
tomld001: "Dave Tomlin"
tompr101: "Ron Tompkins"
tomst101: "Tommy Toms"
torbj101: "Jeff Torborg"
torra101: "Angel Torres"
torrh101: "Hector Torres"
torrj101: "Joe Torre"
torrm001: "Mike Torrez"
torrp101: "Pablo Torrealba"
torrr101: "Rusty Torres"
tovac101: "Cesar Tovar"
trama001: "Alan Trammell"
travb101: "Bill Travers"
treva001: "Alex Trevino"
trilm001: "Manny Trillo"
troer101: "Rich Troedson"
trous001: "Steve Trout"
tudoj001: "John Tudor"
turnj101: "Jerry Turner"
twitw101: "Wayne Twitchell"
tyroj101: "Jim Tyrone"
tyrow101: "Wayne Tyrone"
tysom101: "Mike Tyson"
uhlat101: "Ted Uhlaender"
umbaj101: "Jim Umbarger"
undep101: "Pat Underwood"
undet001: "Tom Underwood"
unsed101: "Del Unser"
upshc101: "Cecil Upshaw"
upshw001: "Willie Upshaw"
urrej101: "John Urrea"
vailm001: "Mike Vail"
valds101: "Sandy Valdespino"
valeb102: "Bobby Valentine"
valee001: "Ellis Valentine"
vancs101: "Sandy Vance"
varnp101: "Pete Varney"
vasqr101: "Rafael Vasquez"
vealb101: "Bob Veale"
vegaj101: "Jesus Vega"
velac101: "Carlos Velazquez"
velaf101: "Freddie Velazquez"
veleo101: "Otto Velez"
venam001: "Max Venable"
verbj101: "Joe Verbanic"
verhj101: "John Verhoeven"
versz101: "Zoilo Versalles"
veryt001: "Tom Veryzer"
vossb101: "Bill Voss"
vuckp001: "Pete Vuckovich"
vukoj101: "John Vukovich"
wagng101: "Gary Wagner"
wagnm001: "Mark Wagner"
waitr001: "Rick Waits"
walkl101: "Luke Walker"
walkt103: "Tom Walker"
walld001: "Dennis Walling"
walld103: "Dave Wallace"
wallj101: "Joe Wallis"
wallm102: "Mike Wallace"
walls101: "Stan Wall"
waltd101: "Danny Walton"
wardc101: "Chris Ward"
wardg001: "Gary Ward"
wardj103: "Jay Ward"
wardp102: "Pete Ward"
wartd101: "Dan Warthen"
washc001: "Claudell Washington"
washh101: "Herb Washington"
washl101: "LaRue Washington"
washr001: "Ron Washington"
washr101: "Ray Washburn"
washu001: "U L Washington"
waslg101: "Gary Waslewski"
wates101: "Steve Waterbury"
wathj001: "John Wathan"
watsb001: "Bob Watson"
watte101: "Eddie Watt"
weavf101: "Floyd Weaver"
webbh101: "Hank Webb"
websr102: "Ray Webster"
wegem101: "Mike Wegener"
wehrd001: "Dave Wehrmeister"
weisa101: "Al Weis"
welcb001: "Bob Welch"
wenzf101: "Fred Wenz"
wernd101: "Don Werner"
wertd101: "Dennis Werth"
wertd103: "Don Wert"
wessj101: "Jim Wessinger"
wheeg101: "Gary Wheelock"
whilj101: "Jack Whillock"
whisl101: "Larry Whisenton"
white001: "Eddie Whitson"
white002: "Ernie Whitt"
whitf001: "Frank White"
whitf103: "Fred Whitfield"
whitj001: "Jerry White"
whitl001: "Lou Whitaker"
whitm101: "Myron White"
whitr101: "Roy White"
whits101: "Steve Whitaker"
whitt001: "Terry Whitfield"
wickf101: "Floyd Wicker"
wiedt101: "Tom Wiedenbauer"
wihts101: "Sandy Wihtol"
wilbt101: "Ted Wilborn"
wilcm001: "Milt Wilcox"
wilem101: "Mark Wiley"
wiler101: "Randy Wiles"
wilfr001: "Rob Wilfong"
wilhh101: "Hoyt Wilhelm"
wilhj102: "Jim Wilhelm"
wilke102: "Eric Wilkins"
willb101: "Bump Wills"
willb104: "Billy Williams"
willb105: "Bernie Williams"
willc101: "Charlie Williams"
wille101: "Earl Williams"
willj102: "Jim Willoughby"
willj108: "Jim Williams"
willm101: "Mike Willis"
willm102: "Maury Wills"
willm105: "Mark Williams"
willr101: "Rick Williams"
willr102: "Ron Willis"
wills102: "Stan Williams"
willw103: "Walt Williams"
wilsb101: "Bill Wilson"
wilsd102: "Don Wilson"
wilse102: "Earl Wilson"
wilsg104: "Gary Wilson"
wilst104: "Terry Wilshusen"
wilsw001: "Willie Wilson"
wineb101: "Bobby Wine"
winfd001: "Dave Winfield"
wirta101: "Alan Wirth"
wiser101: "Rick Wise"
wockj001: "John Wockenfuss"
wohlj001: "Jim Wohlford"
wolfl101: "Larry Wolfe"
wolfw101: "Wally Wolf"
womad101: "Dooley Womack"
wooda001: "Al Woods"
woodd102: "Dick Woodson"
woodd103: "Darrell Woodard"
woodg001: "Gary Woods"
woodr102: "Ron Woods"
woodw101: "Woody Woodward"
woodw103: "Wilbur Wood"
wortr101: "Rich Wortham"
wrigc102: "Clyde Wright"
wrigj103: "Jim Wright"
wrigk101: "Ken Wright"
wyneb001: "Butch Wynegar"
wynnb102: "Billy Wynne"
wynnj101: "Jim Wynn"
yanch101: "Hugh Yancy"
yastc101: "Carl Yastrzemski"
yatea101: "Al Yates"
yeags001: "Steve Yeager"
yorkj101: "Jim York"
younj001: "Joel Youngblood"
younj101: "John Young"
younk101: "Kip Young"
younl101: "Larry Yount"
younr001: "Robin Yount"
yuraj101: "Jeff Yurak"
zachc101: "Chris Zachary"
zachp001: "Pat Zachry"
zahng001: "Geoff Zahn"
zamoo101: "Oscar Zamora"
zdebj101: "Joe Zdeb"
zebeg101: "George Zeber"
zellb101: "Bart Zeller"
zeppb101: "Bill Zepp"
ziskr101: "Richie Zisk"
