acosj101: "Jose Acosta"
adamb104: "Babe Adams"
adams101: "Sparky Adams"
adams102: "Spencer Adams"
adkig101: "G Adkins"
ainse101: "Eddie Ainsmith"
akerb101: "Bill Akers"
aldrv101: "Vic Aldridge"
alexd101: "Dale Alexander"
alexg102: "Grover Clevelan Alexander"
allee101: "Ethan Allen"
andeb103: "Bill Anderson"
andre102: "Elbert Andrews"
anglt101: "Tom Angley"
applp101: "Pete Appleton"
archm101: "Maurice Archdeacon"
asbjc101: "Casper Asbjornson"
ash-k101: "Ken Ash"
atkil101: "Lefty Atkinson"
attrd101: "Dick Attreau"
austj101: "Jimmy Austin"
autrc102: "Chick Autry"
avere101: "Earl Averill"
badgr101: "Red Badgro"
baece101: "Ed Baecht"
bagbj101: "Jim Bagby"
bagwb101: "Bill Bagwell"
bailb101: "Bill Bailey"
bails101: "Sweetbread Bailey"
bakef102: "Frank Baker"
baken102: "Neal Baker"
baldh101: "Harry Baldwin"
baldh102: "Henry Baldwin"
ballp101: "P Ballinger"
ballw101: "Win Ballou"
bancd101: "Dave Bancroft"
barbd101: "Dave Barbee"
barbt101: "Turner Barber"
barbw101: "Walter Barbare"
barfc101: "Clyde Barfoot"
barnc101: "Charlie Barnabe"
barnc102: "Clyde Barnhart"
barnf101: "Frank Barnes"
barnh101: "Honey Barnes"
barnj102: "Jess Barnes"
barnr104: "Red Barnes"
barnv101: "Virgil Barnes"
barrb104: "Bob Barrett"
barrb105: "Bill Barrett"
barrr103: "Red Barron"
bartd101: "Dick Bartell"
bartl101: "Les Bartholomew"
bassj102: "Johnny Bassler"
batcj101: "Joe Batchelder"
batec101: "Charlie Bates"
battj101: "Jim Battle"
baums101: "Stan Baumgartner"
baynb101: "Bill Bayne"
bealw101: "Walter Beall"
beckb104: "Boom-boom Beck"
beckc101: "Clyde Beck"
beckj101: "Jim Beckman"
bedfg101: "Gene Bedford"
behap101: "Petie Behan"
bellh101: "Hi Bell"
belll101: "Les Bell"
bendc101: "Chief Bender"
bengb101: "Benny Bengough"
bengr101: "Ray Benge"
bennf101: "Fred Bennett"
bennf102: "Frank Bennett"
bennh102: "Herschel Bennett"
bentj101: "Jack Bentley"
bentl101: "Larry Benton"
bentr101: "Rabbit Benton"
bentr102: "Rube Benton"
bents101: "Sid Benton"
bergj102: "Johnny Berger"
bergm103: "Moe Berg"
berrc103: "Charlie Berry"
berrj103: "Joe Berry"
betth101: "Huck Betts"
bettl101: "Larry Bettencourt"
biemh101: "Harry Biemiller"
bigbc101: "Carson Bigbee"
bigbl101: "Lyle Bigbee"
bigee101: "Elliot Bigelow"
billj102: "Josh Billings"
biscj101: "John Bischoff"
bishm102: "Max Bishop"
bissd101: "Del Bissonette"
blacg101: "G Blackerby"
blacl101: "Lena Blackburne"
bladr102: "Ray Blades"
blaeg101: "George Blaeholder"
blaif101: "Footsie Blair"
blaks101: "Sheriff Blake"
blanh101: "Homer Blankenship"
blant101: "Ted Blankenship"
bletc101: "Clarence Blethen"
bluel101: "Lu Blue"
blueo102: "Ossie Bluege"
boect101: "Tony Boeckel"
boehg101: "George Boehler"
boggr101: "R Bogg"
bohns101: "Sam Bohne"
bolej101: "Joe Boley"
boles101: "Stew Bolen"
boneh101: "Hank Boney"
boola101: "Al Bool"
boond102: "Dan Boone"
booni101: "Ike Boone"
bossh101: "Harley Boss"
bottj101: "Jim Bottomley"
bowle101: "Emmett Bowles"
boylb101: "Buzz Boyle"
boylj103: "Jim Boyle"
bradh102: "Herb Bradley"
bradj101: "Joe Bradshaw"
bradn101: "Neal Brady"
brame101: "Erv Brame"
brand101: "Dud Branom"
brane101: "Ed Brandt"
brano101: "Otis Brannan"
bratf101: "Fred Bratschi"
braxg101: "Garland Braxton"
brazf101: "Frank Brazill"
brecb101: "Bill Breckinridge"
brenl101: "Lynn Brenton"
bresr101: "Rube Bressler"
bretd101: "Duke Brett"
bricf101: "Fred Brickell"
brilj101: "Jim Brillheart"
bronh101: "Herman Bronkie"
broom101: "Mandy Brooks"
brott101: "Tony Brottem"
browc103: "Clint Brown"
browe102: "Eddie Brown"
browf102: "Frank Brower"
browj102: "Joe Brown"
browj110: "Jumbo Brown"
browl101: "Lloyd Brown"
browm101: "Myrl Brown"
brugf101: "Frank Bruggy"
bubsh101: "Hal Bubser"
buckg101: "Garland Buckeye"
burkb102: "Bobby Burke"
burkl101: "Les Burke"
burng101: "George Burns"
burng102: "George Burns"
burnj108: "Johnny Burnett"
burrd101: "Dick Burrus"
burwb101: "Bill Burwell"
bushd102: "Donie Bush"
bushg101: "Guy Bush"
bushj102: "Joe Bush"
buskj101: "Joe Buskey"
butlj101: "Johnny Butler"
byrds101: "Sammy Byrd"
byrnj102: "Jerry Byrne"
cadol101: "Leon Cadore"
caldb101: "Bruce Caldwell"
caldc101: "Charlie Caldwell"
calde101: "Earl Caldwell"
callf101: "Frank Callaway"
callm101: "Marty Callaghan"
campa102: "Archie Campbell"
cantb102: "Ben Cantwell"
cantg101: "Guy Cantrell"
carem101: "Max Carey"
carlc101: "Cleo Carlyle"
carlh101: "Hal Carlson"
carlr101: "Roy Carlyle"
carre101: "Ed Carroll"
carro101: "Ownie Carroll"
cartb101: "Blackie Carter"
carth101: "Howie Carter"
causr101: "Red Causey"
cavei101: "Ike Caveney"
chagl101: "Leon Chagnon"
chape102: "Ed Chaplin"
chapt101: "Tiny Chaplin"
cheev101: "Virgil Cheeves"
chric101: "Cuckoo Christensen"
chril103: "Lloyd Christenbury"
churj101: "John Churry"
cicej101: "Joe Cicero"
cissb101: "Bill Cissell"
clabm101: "Moose Clabaugh"
clanb101: "Bud Clancy"
clarb102: "Bill Clarkson"
clard101: "Danny Clark"
clare103: "Earl Clark"
clarl101: "Lefty Clarke"
clars101: "Stu Clarke"
clarw101: "Watty Clark"
clemv101: "Verne Clemons"
cloue101: "Ed Clough"
clowb101: "Bill Clowers"
cobbt101: "Ty Cobb"
cochm101: "Mickey Cochrane"
coffd101: "Dick Coffman"
cohea101: "Andy Cohen"
coleb101: "Bert Cole"
colle101: "Eddie Collins"
collh104: "Hap Collard"
collp101: "Pat Collins"
collp102: "Phil Collins"
collr104: "Rip Collins"
colls101: "Shano Collins"
combe101: "Earle Combs"
comoa101: "Adam Comorosky"
connb102: "Bud Connolly"
conne101: "Ed Connolly"
connj101: "Joe Connolly"
connj108: "Joe Connell"
conns101: "Sarge Connally"
coonj101: "Johnny Cooney"
coonj103: "Jimmy Cooney"
coopw101: "Wilbur Cooper"
corgc101: "Chuck Corgan"
cotep101: "Pete Cote"
cotte102: "Ed Cotter"
cotth101: "Hooks Cotter"
coucj101: "Johnny Couch"
coumf101: "Fritz Coumbe"
courh101: "Harry Courtney"
cousd101: "Dee Cousineau"
coves101: "Stan Coveleski"
cox-d101: "Dick Cox"
cox-e101: "Ernie Cox"
cox-g102: "G Cox"
cox-l102: "Les Cox"
crabe101: "E Crabtree"
cramd102: "Doc Cramer"
crans102: "Sam Crane"
crawp101: "Pat Crawford"
cremb101: "Bob Cremins"
crith101: "Hughie Critz"
cronb101: "Bill Cronin"
cronj101: "Joe Cronin"
cronj103: "Jim Cronin"
croub101: "Buck Crouse"
crowe101: "Ed Crowley"
crowg102: "General Crowder"
cruiw101: "Walton Cruise"
crumr101: "Roy Crumpler"
cullb101: "Bud Culloton"
culln102: "Nick Cullop"
cummj101: "Jack Cummings"
cunnb102: "Bill Cunningham"
cunnb104: "Bruce Cunningham"
cutsg101: "George Cutshaw"
cuylk101: "Kiki Cuyler"
cvenm101: "Mike Cvengros"
dails101: "Sam Dailey"
dalyt102: "Tom Daly"
danea101: "Art Daney"
danfd101: "Dave Danforth"
danni101: "Ike Danning"
daubj101: "Jake Daubert"
daush101: "Hooks Dauss"
davel101: "Lum Davenport"
davic104: "Chick Davies"
david102: "Dixie Davis"
davii102: "Ike Davis"
davik101: "Kiddo Davis"
davis101: "Spud Davis"
dawsj101: "Joe Dawson"
day-c101: "Clyde Day"
dealc102: "Charlie Deal"
deanw101: "Wayland Dean"
dearb101: "Buddy Dear"
debeh101: "Hank DeBerry"
decaa101: "Art Decatur"
deitb101: "Bill Deitrick"
delaa101: "Art Delaney"
delke101: "Eddie Delker"
devib101: "Bernie DeViveiros"
devim101: "Mickey Devine"
devoa101: "Al DeVormer"
dibup101: "Pedro Dibut"
dickb101: "Bill Dickey"
dickl101: "Leo Dickerman"
dillp101: "Pickles Dillhoefer"
dixol101: "Leo Dixon"
doakb101: "Bill Doak"
dober101: "Ray Dobens"
dodgs101: "Sam Dodge"
dolac102: "Cozy Dolan"
dondl101: "Len Dondero"
donop102: "Pete Donohue"
dorab101: "Bill Doran"
dormr101: "Red Dorman"
douga101: "Astyanax Douglass"
dougp101: "Phil Douglas"
doutt101: "Taylor Douthit"
dowds101: "Snooks Dowd"
doylj105: "Jess Doyle"
dresc101: "Chuck Dressen"
dudlc101: "Clise Dudley"
duffl101: "Larry Duff"
dugad101: "Dan Dugan"
dugaj101: "Joe Dugan"
duncp101: "Pat Duncan"
dunhl101: "Lee Dunham"
dunlb101: "Bill Dunlap"
durhe101: "Ed Durham"
durng101: "George Durning"
durol101: "Leo Durocher"
dursc101: "Cedric Durst"
dyere101: "Eddie Dyer"
dykej101: "Jimmy Dykes"
earng101: "George Earnshaw"
eastp101: "Paul Easterling"
eayre101: "Eddie Eayrs"
eckec101: "Charlie Eckert"
edmog101: "George Edmondson"
edwaf101: "Foster Edwards"
edwaj102: "James Edwards"
eggee101: "Elmer Eggert"
ehmkh101: "Howard Ehmke"
ehrhr101: "Rube Ehrhardt"
eichi101: "Ike Eichrodt"
ellef101: "Frank Ellerbe"
elleh101: "Hod Eller"
ellic102: "Carter Elliott"
ellih102: "Hal Elliott"
ellij103: "Jumbo Elliott"
elshr101: "Roy Elsh"
emmef101: "Frank Emmer"
englc102: "Charlie Engle"
englw101: "Woody English"
ens-j101: "Jewel Ens"
erice101: "Eric Erickson"
ericr102: "Ralph Erickson"
eubau101: "Uel Eubanks"
evanj101: "Joe Evans"
everj102: "Johnny Evers"
ewinr101: "Reuben Ewing"
ezzeh101: "Homer Ezzell"
faber101: "Red Faber"
falkb101: "Bibb Falk"
falkc102: "Chet Falk"
farrd101: "Doc Farrell"
faulj101: "Jim Faulkner"
felig101: "Gus Felix"
ferga101: "Alex Ferguson"
ferrr101: "Rick Ferrell"
ferrw101: "Wes Ferrell"
fewsc101: "Chick Fewster"
filld101: "Dana Fillingim"
fitzc101: "C Fitsberger"
fitzf101: "Freddie Fitzsimmons"
fitzh101: "Howie Fitzgerald"
flacm101: "Max Flack"
flagi101: "Ira Flagstead"
flasr101: "Roy Flaskamper"
fleta101: "Art Fletcher"
florp101: "Paul Florence"
flowj101: "Jake Flowers"
foler101: "Ray Foley"
fonsl101: "Lew Fonseca"
fordh101: "Hod Ford"
foreh101: "Happy Foreman"
foste103: "Eddie Foster"
fothb101: "Bob Fothergill"
fourj101: "Jack Fournier"
fowlb101: "Boob Fowler"
foxxj101: "Jimmie Foxx"
franf101: "Fred Frankhouse"
franr101: "Ray Francis"
fredj101: "Johnny Frederick"
freeb101: "Buck Freeman"
freej101: "John Freeman"
freej102: "Jake Freeze"
freih101: "Howard Freigau"
frenl101: "Larry French"
frenw101: "Walt French"
freyb101: "Benny Frey"
fribb101: "Bernie Friberg"
frisf101: "Frankie Frisch"
fuhro101: "Ollie Fuhrman"
fuhro102: "Oscar Fuhr"
fullc101: "Chick Fullis"
fullc102: "Curt Fullerton"
funkl101: "Liz Funk"
fussf101: "Fred Fussell"
gagnc101: "Chick Gagnon"
gaind101: "Del Gainer"
gallc101: "Chick Galloway"
gallg101: "Gil Gallagher"
ganzb101: "Babe Ganzel"
gardl101: "Larry Gardner"
gardr102: "Ray Gardner"
garrc101: "Cliff Garrison"
gasta101: "Alex Gaston"
gastm101: "Milt Gaston"
gautd101: "Doc Gautreau"
gazem101: "Mike Gazella"
gearb101: "Bob Geary"
gehrc101: "Charlie Gehringer"
gehrl101: "Lou Gehrig"
gelbc101: "Charlie Gelbert"
genej101: "Joe Genewich"
gerbw101: "Wally Gerber"
gerkg101: "George Gerken"
geygc101: "Chappie Geygan"
gharp101: "Patsy Gharrity"
giarj101: "Joe Giard"
gibsf101: "Frank Gibson"
gibss101: "Sam Gibson"
gilbw101: "Wally Gilbert"
gilhg101: "George Gilham"
gillg102: "Grant Gillis"
gillj103: "John Gillespie"
gillj105: "Johnny Gill"
glast101: "Tom Glass"
glazw101: "Whitey Glazner"
gleaj101: "Joe Gleason"
goebe101: "Ed Goebel"
goldh101: "Hal Goldsmith"
goldj101: "Jonah Goldman"
golvw101: "Walt Golvin"
gonzm101: "Mike Gonzalez"
goocc101: "Charlie Gooch"
goocj101: "Johnny Gooch"
goodj101: "J Goodell"
goodm102: "Marv Goodwin"
gordr101: "Ray Gordinier"
goslg101: "Goose Goslin"
gowdh101: "Hank Gowdy"
graba101: "Al Grabowski"
grabj101: "Johnny Grabowski"
grace101: "Earl Grace"
grahr101: "Roy Graham"
grahs101: "Skinny Graham"
gramh101: "Hank Grampp"
grang101: "George Grant"
grang102: "George Grantham"
granj104: "Jack Graney"
gravs101: "Sid Graves"
grays102: "Sam Gray"
greej103: "June Greene"
greek101: "Kent Greenfield"
green101: "Nelson Green"
gregv101: "Vean Gregg"
grifb101: "Bert Griffith"
grifm102: "Marty Griffin"
grift102: "Tommy Griffith"
grigd101: "Denver Grigsby"
grimb101: "Burleigh Grimes"
grimc101: "Charlie Grimm"
grimr103: "Ray Grimes"
grohh101: "Heinie Groh"
grost101: "Turkey Gross"
grovl101: "Lefty Grove"
gudam101: "Marv Gudat"
guisl101: "Lou Guisto"
gullt102: "Tom Gulley"
haasm101: "Mule Haas"
hadlb101: "Bump Hadley"
haefb101: "Bill Haeffner"
hafec101: "Chick Hafey"
haidh101: "Hal Haid"
hainj101: "Jesse Haines"
hales101: "Sammy Hale"
hallb104: "Bill Hallahan"
hambj101: "Jim Hamby"
hamie101: "Earl Hamilton"
hammj101: "Jack Hammond"
hanef101: "Fred Haney"
hankd101: "Don Hankins"
hanso101: "Ollie Hanson"
hardm101: "Mel Harder"
hargb101: "Bubbles Hargrave"
hargc101: "Charlie Hargreaves"
hargp101: "Pinky Hargrave"
harpg101: "George Harper"
harra101: "Andy Harrington"
harrb106: "Bucky Harris"
harrd101: "Dave Harris"
harrj103: "Joe Harris"
harrs101: "Slim Harriss"
harrs102: "Spencer Harris"
hartg102: "Grover Hartley"
hartg103: "Gabby Hartnett"
harvl101: "Luther Harvel"
hassj101: "Joe Hassler"
hastb101: "Bob Hasty"
hausj101: "Joe Hauser"
hawkc101: "Chicken Hawks"
hayej101: "Jackie Hayes"
haywr101: "Ray Hayworth"
hearb101: "Bunny Hearn"
heatc101: "Cliff Heathcote"
heilh101: "Harry Heilmann"
heimf101: "Fred Heimach"
hemsr101: "Rollie Hemsley"
hendh101: "Harvey Hendrick"
henlb101: "Butch Henline"
henrd101: "Dutch Henry"
henrs101: "Snake Henry"
hermb102: "Babe Herman"
herra101: "Art Herring"
herrm101: "Mike Herrera"
hevij102: "Johnny Heving"
higbm101: "Mahlon Higbee"
higha101: "Andy High"
hillc102: "Carmen Hill"
hillm101: "Mack Hillis"
hinsp101: "Paul Hinson"
hodaj101: "Johnny Hodapp"
hodgs101: "Shovel Hodge"
hoffd102: "Dutch Hoffman"
hofmf101: "Fred Hofmann"
hogak101: "Kenny Hogan"
hogas101: "Shanty Hogan"
hogsc101: "Chief Hogsett"
hohmb101: "Bill Hohman"
holkw101: "Walter Holke"
hollb102: "Bonnie Hollingsworth"
hollc101: "Charlie Hollocher"
hollc102: "Carl Holling"
holle101: "Ed Holley"
hollj101: "Jim Holloway"
hollk101: "Ken Holloway"
hollm101: "Mul Holland"
holmw101: "Wattie Holm"
holtr102: "Red Holt"
hooda101: "Abie Hood"
hoodw101: "Wally Hood"
hooph101: "Harry Hooper"
hopkp101: "Paul Hopkins"
hornr101: "Rogers Hornsby"
hornt101: "Trader Horne"
hoytw101: "Waite Hoyt"
hubbb101: "Bill Hubbell"
hubbc101: "Carl Hubbell"
hubec101: "Clarence Huber"
hudgj101: "Jimmy Hudgens"
hudlw101: "Willis Hudlin"
hughb102: "Bill Hughes"
hulih101: "Harry Hulihan"
hungb101: "Bernie Hungling"
hunnb101: "Bill Hunnefield"
hunth101: "Herb Hunter"
huntw101: "Walt Huntzinger"
hursd101: "Don Hurst"
hustc101: "Carl Husta"
hutsr101: "Roy Hutson"
ingrm101: "Mel Ingram"
irwiw101: "Walt Irwin"
jackt101: "Travis Jackson"
jacoe101: "Elmer Jacobs"
jacom102: "Merwin Jacobson"
jacor101: "R Jacobs"
jacow101: "William Jacobson"
jahna101: "Art Jahn"
jameb104: "Bernie James"
jamic101: "Charlie Jamieson"
janvh101: "Hal Janvrin"
jeant101: "Tex Jeanes"
jenkj103: "John Jenkins"
jenkt101: "Tom Jenkins"
jessd101: "Dan Jessee"
johna101: "Augie Johns"
johna103: "Art Johnson"
johnd107: "Doc Johnston"
johne102: "Ernie Johnson"
johnf101: "Fred Johnson"
johnh101: "Hank Johnson"
johnj102: "Jing Johnson"
johnj107: "Jimmy Johnston"
johnr102: "Roy Johnson"
johns101: "Syl Johnson"
johns103: "Si Johnson"
johnw102: "Walter Johnson"
joneb103: "Bob Jones"
jonec101: "Cobe Jones"
joned103: "Dick Jones"
joneh101: "Howie Jones"
jonep101: "Percy Jones"
jones104: "Sam Jones"
jonnb101: "Bubber Jonnard"
jonnc101: "Claude Jonnard"
jordb101: "Buck Jordan"
jorga101: "Art Jorgens"
juddr101: "Ralph Judd"
judgj101: "Joe Judge"
kahdi101: "Ike Kahdot"
kallr101: "Rudy Kallio"
kammw101: "Willie Kamm"
kampi101: "Ike Kamp"
kanej102: "John Kane"
karom101: "Marty Karow"
karrb101: "Benn Karr"
kauft101: "Tony Kaufmann"
keart102: "Teddy Kearns"
keatc101: "Chick Keating"
keckc101: "Cactus Keck"
keefd101: "Dave Keefe"
keenj103: "Jimmie Keenan"
keenv101: "Vic Keen"
keesj101: "Jim Keesey"
kellb102: "Bill Kelly"
kellg101: "George Kelly"
kellh101: "Harry Kelley"
kellj101: "Joe Kelly"
kellj107: "John Kelleher"
kellm102: "Mike Kelly"
kemnd101: "Dutch Kemner"
kenne104: "Eddie Kenna"
kerrd101: "Dickie Kerr"
kerrj102: "John Kerr"
kerrm101: "Mel Kerr"
ketcg101: "Gus Ketchum"
kibbh101: "Hod Kibbie"
kiefj101: "Joe Kiefer"
kildp101: "Pete Kilduff"
killb101: "Bill Killefer"
kimmw101: "Wally Kimmick"
kimsc101: "Chad Kimsey"
kingl103: "Lee King"
kircm101: "Mike Kircher"
kleeo101: "Ollie Klee"
kleic101: "Chuck Klein"
klinj102: "Joe Klinger"
klugj101: "Joe Klugmann"
knigj103: "Jack Knight"
knodr101: "Ray Knode"
koehp101: "Pip Koehler"
koenm101: "Mark Koenig"
kolpr101: "Ray Kolp"
konee101: "Ed Konetchy"
kopfl101: "Larry Kopf"
kopfw101: "Wally Kopf"
koupl101: "Lou Koupal"
kremr101: "Ray Kremer"
kresr101: "Red Kress"
kruee101: "Ernie Krueger"
krugm101: "Marty Krug"
lacyg101: "Guy Lacy"
lamab101: "Bill Lamar"
lamob101: "Bobby LaMotte"
langs101: "Sam Langford"
lansg101: "Gene Lansing"
lapap101: "Pete Lapan"
laryl101: "Lyn Lary"
lavad101: "Doc Lavan"
laynh102: "Herman Layne"
lazzt101: "Tony Lazzeri"
leacf101: "Freddy Leach"
lebob101: "Bevo LeBourveau"
lee-c101: "Cliff Lee"
lee-d101: "Dud Lee"
legel101: "Lou Legett"
lehrn101: "Norm Lehr"
leibn101: "Nemo Leibold"
lenne101: "Ed Lennon"
leond102: "Dutch Leonard"
leriw101: "Walt Lerian"
leslr101: "Roy Leslie"
leved101: "Dixie Leverett"
levsd101: "Dutch Levsen"
lindc104: "Carl Lind"
lindf101: "Freddy Lindstrom"
lindj102: "Jim Lindsey"
lintb101: "Bob Linton"
liseh101: "Hod Lisenbee"
liska101: "Ad Liska"
littc101: "Carlisle Littlejohn"
llewc101: "Clem Llewellyn"
loepg101: "George Loepp"
loftd101: "Dick Loftus"
longj103: "Jimmie Long"
lopea102: "Al Lopez"
lovet101: "Tom Lovelace"
lucar101: "Ray Lucas"
lucar102: "Red Lucas"
lucej101: "Joe Lucey"
luebr101: "Roy Luebbe"
lundd101: "Del Lundgren"
luqud101: "Dolf Luque"
lutzr101: "Rube Lutzke"
lutzr102: "Red Lutz"
lyncw101: "Walt Lynch"
lyont102: "Ted Lyons"
lyont103: "Terry Lyons"
macdh101: "Harvey MacDonald"
macfd101: "Danny MacFayden"
mackf101: "Frank Mack"
macpw101: "Waddy MacPhee"
maguf101: "Freddie Maguire"
mahaj101: "Jim Mahady"
mahar101: "Roy Mahaffey"
mailw101: "Walter Mails"
maisg101: "George Maisel"
mallj102: "Jule Mallonee"
malop103: "Pat Malone"
mamaa101: "Al Mamaux"
mancg101: "Gus Mancuso"
mangl101: "Leo Mangum"
manic101: "Clyde Manion"
mannj104: "J Mann"
mannl101: "Les Mann"
manuh101: "Heinie Manush"
marar101: "Rabbit Maranville"
marbf101: "Firpo Marberry"
markc101: "Cliff Markle"
marqj101: "Jim Marquis"
marqr102: "Rube Marquard"
marrw101: "William Marriott"
marse101: "Ed Marshall"
martp103: "Pepper Martin"
marts102: "Speed Martin"
mattc102: "Cloy Mattox"
mattj101: "Jim Mattox"
mattw103: "Wid Matthews"
maune101: "Ernie Maun"
may-j102: "Jakie May"
maync101: "Chick Maynard"
maysc101: "Carl Mays"
mcaui101: "Ike McAuley"
mcbep101: "P McBee"
mccad102: "Dick McCabe"
mccae101: "Emmett McCann"
mccal102: "Lew McCarty"
mcclh103: "Harvey McClellan"
mccrf101: "Frank McCrea"
mccuh101: "Harry McCurdy"
mccup102: "Paul McCullough"
mcgef101: "Frank McGee"
mcgob101: "Beauty McGowan"
mcgrb101: "Bob McGraw"
mchea101: "Austin McHenry"
mcins101: "Stuffy McInnis"
mckah101: "Hal McKain"
mcmam101: "Marty McManus"
mcmin101: "Norm McMillan"
mcmuh101: "Hugh McMullen"
mcnad101: "Dinny McNamara"
mcnae101: "Eric McNair"
mcnag101: "George McNamara"
mcnam101: "Mike McNally"
mcnat101: "Tim McNamara"
mcnat102: "Tom McNamara"
mcnee101: "Earl McNeely"
mcnup101: "Pat McNulty"
mcquh101: "Hugh McQuillan"
mcquh102: "Herb McQuaid"
mcwed101: "Doug McWeeny"
meadl101: "Lee Meadows"
meadr101: "R Meadows"
meekr101: "R Meeke"
meinh101: "Heinie Meine"
melis101: "Ski Melillo"
mellj101: "Joe Mellana"
menom101: "Mike Menosky"
merea101: "Art Merewether"
merkf101: "Fred Merkle"
metid101: "Dewey Metivier"
metza101: "Alex Metzler"
metzl101: "Lenny Metz"
meusb101: "Bob Meusel"
meusi101: "Irish Meusel"
meyeb103: "Benny Meyer"
michr101: "Ralph Michaels"
middj101: "John Middleton"
milac101: "Clyde Milan"
miljj101: "Johnny Miljus"
milla101: "Art Mills"
millb110: "Bing Miller"
milld102: "Dots Miller"
mille101: "Elmer Miller"
mille102: "Elmer Miller"
millf102: "Frank Miller"
millh103: "Hack Miller"
millj106: "Jake Miller"
millj109: "Jake Miller"
millj110: "John Milligan"
millo102: "Otto Miller"
millo103: "Otto Miller"
millr101: "Ralph Miller"
millr108: "Rudy Miller"
millr113: "Russ Miller"
milsg101: "George Milstead"
mitcc102: "Clarence Mitchell"
mitcj101: "Johnny Mitchell"
mogrg101: "George Mogridge"
mohag101: "George Mohart"
mohaj101: "John Mohardt"
mokaj101: "Johnny Mokan"
moncf101: "Freddie Moncewicz"
monrj101: "John Monroe"
monte101: "Ed Montague"
moora103: "Al Moore"
moorb103: "Bill Moore"
moorb104: "Bill Moore"
moorc101: "Cy Moore"
moore102: "Eddie Moore"
moorj104: "Johnny Moore"
moorj107: "Jim Moore"
moorr102: "Roy Moore"
moorr103: "R Moore"
moorw101: "Wilcy Moore"
morer102: "Ray Morehart"
morgc101: "Cy Morgan"
morge102: "Ed Morgan"
morrb101: "Bill Morrell"
morre102: "Ed Morris"
morrg101: "Guy Morrison"
morrj105: "Johnny Morrison"
morrp101: "Phil Morrison"
morsb101: "Bud Morse"
mortg101: "Guy Morton"
mosoj101: "Jim Mosolf"
mossr101: "Ray Moss"
mostj101: "Johnny Mostil"
muelh102: "Heinie Mueller"
muelw102: "Walter Mueller"
mullb101: "Billy Mullen"
mullj103: "Joe Mulligan"
munsj101: "Joe Munson"
murpe102: "Eddie Murphy"
murrg101: "George Murray"
murrj103: "Jim Murray"
myatg101: "Glenn Myatt"
myerb103: "Buddy Myer"
myere101: "Elmer Myers"
myerh102: "Hi Myers"
napib101: "Buddy Napier"
narlb101: "Bill Narleski"
naylr101: "Rollie Naylor"
nealg101: "Greasy Neale"
nehfa101: "Art Nehf"
neisb101: "Bernie Neis"
nekob101: "Bots Nekola"
neubh101: "Hal Neubauer"
neunj101: "Johnny Neun"
nevee101: "Ernie Nevers"
newsb101: "Bobo Newsom"
nichc101: "Chet Nichols"
nichf101: "Fred Nicholson"
niebc101: "Charlie Niebergall"
nieha101: "Al Niehaus"
nixoa101: "Al Nixon"
nortl101: "Lou North"
nunal101: "Les Nunamaker"
oconj103: "John O'Connell"
odent101: "Ted Odenwald"
odomh101: "Heinie Odom"
odonh101: "Harry O'Donnell"
odoul101: "Lefty O'Doul"
oescj101: "Joe Oeschger"
ofarb101: "Bob O'Farrell"
ogdec101: "Curly Ogden"
ogdej101: "Jack Ogden"
ogroj101: "Joe Ogrodowski"
oldhr101: "Red Oldham"
olseo101: "Ole Olsen"
olsoi101: "Ivy Olson"
oneas101: "Skinny O'Neal"
oneim102: "Mickey O'Neil"
oneis101: "Steve O'Neill"
onsle101: "Eddie Onslow"
orouf101: "Frank O'Rourke"
orouj101: "J O'Rourke"
orsae101: "Ernie Orsatti"
orwoo101: "Ossie Orwoll"
osbob102: "Bob Osborn"
osbot101: "Tiny Osborne"
ott-m101: "Mel Ott"
padge101: "Ernie Padgett"
pagep101: "Phil Page"
palme102: "Emilio Palmero"
parkf101: "Frank Parkinson"
parmr101: "Roy Parmelee"
partj101: "Jay Partridge"
pascb102: "Ben Paschal"
paskd101: "Dode Paskert"
patej101: "Joe Pate"
pattj101: "Jimmy Pattison"
pattp101: "Pat Patterson"
paulg101: "Gil Paulsen"
peckr101: "Roger Peckinpaugh"
peelh101: "Homer Peel"
peerr101: "Red Peery"
pennh101: "Herb Pennock"
pennk102: "Ken Penner"
peplh101: "Henry Peploski"
perkc101: "Cy Perkins"
perrp101: "Pol Perritt"
pertb101: "Bill Pertica"
petej102: "John Peters"
pettj103: "Jesse Petty"
pfefj101: "Jeff Pfeffer"
phile102: "Eddie Phillips"
philt102: "Tom Phillips"
piciv101: "Val Picinich"
picke101: "Eddie Pick"
piera101: "Al Pierotti"
pierb103: "Bill Piercy"
pierr101: "Ray Pierce"
pillh101: "Herman Pillette"
pineb101: "Babe Pinelli"
pintl101: "Lerton Pinto"
pipgg101: "George Pipgras"
pippw101: "Wally Pipp"
pittp101: "Pinky Pittinger"
plitn101: "Norman Plitt"
poetj101: "Joe Poetz"
ponde101: "Elmer Ponder"
poolj101: "J Poole"
portd101: "Dick Porter"
portn101: "Ned Porter"
posts101: "Sam Post"
pottn101: "Nellie Pott"
powei101: "Ike Powers"
power101: "Ray Powell"
pratd101: "Del Pratt"
pricj101: "Joe Price"
protd101: "Doc Prothro"
pruda101: "Augie Prudhomme"
prueh101: "Hub Pruett"
pumps101: "Spencer Pumpelly"
purdp101: "Pid Purdy"
quinj102: "Jack Quinn"
rabbj101: "Joe Rabbitt"
raded102: "Drew Rader"
raded104: "Don Rader"
rambp101: "Pete Rambo"
rappg101: "Goldie Rapp"
rawlj101: "Johnny Rawlings"
redfb101: "Buck Redfern"
reesr102: "Randy Reese"
reevb101: "Bobby Reeves"
regab101: "Bill Regan"
regot101: "Tony Rego"
reicd101: "Dick Reichle"
reina102: "Art Reinhart"
retto101: "Otto Rettig"
reync102: "Carl Reynolds"
rhemf101: "Flint Rhem"
rhieb101: "Billy Rhiel"
rhodg101: "Gordon Rhodes"
rhynh101: "Hal Rhyne"
riceb101: "Bob Rice"
riceh101: "Harry Rice"
rices101: "Sam Rice"
richl103: "Lance Richbourg"
richn101: "Nolen Richardson"
ricoh101: "Harry Riconda"
rignt101: "Topper Rigney"
ringj101: "Jimmy Ring"
rivit101: "Tink Riviere"
rixee101: "Eppa Rixey"
robec101: "Charlie Robertson"
robed103: "Dave Robertson"
robeg101: "Gene Robertson"
robej101: "Jim Roberts"
roete101: "Ed Roetz"
roeto101: "Oscar Roettger"
roetw101: "Wally Roettger"
rogeb102: "Billy Rogell"
roggc101: "Clint Rogge"
rohwr101: "Ray Rohwer"
rollr103: "Red Rollings"
romme101: "Eddie Rommel"
rootc101: "Charlie Root"
roseb101: "Bunny Roser"
roses102: "Si Rosenthal"
rossb103: "Buster Ross"
rothj101: "Jack Rothrock"
rouse101: "Edd Roush"
roy-l101: "Luther Roy"
rubla101: "Art Ruble"
rudod101: "Dick Rudolph"
ruelm101: "Muddy Ruel"
ruetd101: "Dutch Ruether"
ruffr101: "Red Ruffing"
rusha101: "Andy Rush"
russa101: "Allan Russell"
russj101: "John Russell"
russj103: "Jack Russell"
russr102: "Reb Russell"
ruthb101: "Babe Ruth"
ryanj104: "Jack Ryan"
ryanr101: "Rosy Ryan"
salls101: "Slim Sallee"
sandh101: "Heinie Sand"
sankb101: "Ben Sankey"
saunr101: "Rusty Saunders"
savid101: "Don Savidge"
sax-o101: "Ollie Sax"
scarr103: "Russ Scarritt"
schab101: "Bobby Schang"
schar103: "Ray Schalk"
schaw101: "Wally Schang"
scheh101: "Heinie Scheer"
schir101: "Red Schillings"
schmr101: "Ray Schmandt"
schmw102: "Walter Schmidt"
schnk101: "Karl Schnell"
schrh101: "Hank Schreiber"
schrp102: "Paul Schreiber"
schuf101: "Fred Schulte"
schuf102: "Ferdie Schupp"
schuh105: "Heinie Schuble"
schuj101: "Joe Schultz"
schuj106: "Johnny Schulte"
scote101: "Everett Scott"
scotj101: "Jack Scott"
scotp101: "Pete Scott"
sedgd101: "Duke Sedgwick"
see-c101: "Charlie See"
seibs101: "Socks Seibold"
selle101: "Epp Sell"
selpc101: "Carey Selph"
settm101: "Merle Settlemire"
seveh101: "Hank Severeid"
sewej101: "Joe Sewell"
sewel101: "Luke Sewell"
shanh101: "Howie Shanks"
shanr101: "Red Shannon"
shanw103: "Wally Shaner"
shauj101: "Joe Shaute"
shawb102: "Bob Shawkey"
sheaa101: "Al Shealy"
sheaj102: "John Shea"
sheam102: "Merv Shea"
shear102: "Red Shea"
sheee101: "Earl Sheely"
sheej101: "Jack Sheehan"
sheet102: "Tom Sheehan"
sherb101: "Bill Sherdel"
sherr102: "Roy Sherid"
shieb101: "Ben Shields"
shing101: "Ginger Shinault"
shinr101: "Ralph Shinners"
shira101: "Art Shires"
shirm101: "Mule Shirley"
shocu101: "Urban Shocker"
shofm101: "Milt Shoffner"
shorb102: "Bill Shores"
shorc101: "Chick Shorten"
shotb101: "Burt Shotton"
shrih101: "Harry Shriver"
sicke101: "Ed Sicking"
siemo101: "Oscar Siemer"
sigaf101: "Frank Sigafoos"
sigmt101: "Trippp Sigman"
simma101: "Al Simmons"
simmp101: "Pat Simmons"
singj101: "John Singleton"
sislg101: "George Sisler"
skifb101: "Bill Skiff"
skinc102: "Camp Skinner"
slays101: "Steve Slayton"
smita103: "Al Smith"
smitb110: "Bob Smith"
smite104: "Elmer Smith"
smite106: "Earl Smith"
smite107: "Earl Smith"
smitg102: "George Smith"
smitg104: "George Smith"
smitj106: "Jack Smith"
smitj107: "Jimmy Smith"
smitm103: "Mike Smith"
smitr103: "Rufus Smith"
smitr105: "Red Smith"
smitr107: "Red Smith"
smits102: "Sherry Smith"
smyth101: "Harry Smythe"
snydf101: "Frank Snyder"
sommr101: "Rudy Sommers"
songd101: "Don Songer"
sorrv101: "Vic Sorrell"
sotha101: "Allen Sothoron"
sothd101: "Denny Sothern"
soutb101: "Billy Southworth"
spald101: "Dick Spalding"
speat101: "Tris Speaker"
speeb101: "By Speece"
speng101: "Glenn Spencer"
spenr101: "Roy Spencer"
spere101: "Ed Sperber"
spoha101: "Al Spohrer"
sprib101: "B Springer"
spurf101: "Freddy Spurgeon"
stalg104: "Gale Staley"
stanj106: "Jerry Standaert"
stano101: "Oscar Stanage"
statj101: "Jigger Statz"
staue101: "Ed Stauffer"
steem102: "Milt Steengrafe"
stenc101: "Casey Stengel"
stepr101: "Riggs Stephenson"
stewl101: "Lefty Stewart"
stews101: "Stuffy Stewart"
stocm101: "Milt Stock"
stoka101: "Art Stokes"
stoka102: "Al Stokes"
stonj102: "John Stone"
stonl101: "Lil Stoner"
stree101: "Ed Strelecki"
strij101: "Joe Stripp"
stroj101: "Jim Stroner"
strua102: "Amos Strunk"
stryd101: "Dutch Stryker"
stuaj101: "Johnny Stuart"
stueg101: "George Stueland"
sturg101: "Guy Sturdy"
stutg101: "G Stutz"
sukec101: "Clyde Sukeforth"
sullc101: "Charlie Sullivan"
sullj105: "John Sullivan"
sullj108: "Jim Sullivan"
sullt102: "Tom Sullivan"
sullt103: "Tom Sullivan"
summh101: "Homer Summa"
sumnc101: "Carl Sumner"
suscg102: "George Susce"
swane101: "Evar Swanson"
swank101: "Karl Swanson"
sweeb101: "Bill Sweeney"
sweel101: "Les Sweetland"
swena101: "Augie Swentor"
swets101: "Steve Swetonic"
tabel101: "Lefty Taber"
taitd101: "Doug Taitt"
tankl101: "Leo Tankersley"
tarba101: "Arlie Tarbert"
tateb101: "Bennie Tate"
tausw101: "Walt Tauscher"
tavej101: "Jackie Tavener"
taylc103: "Chink Taylor"
tayld101: "Danny Taylor"
tayle101: "Ed Taylor"
taylz101: "Zack Taylor"
tennj101: "Jim Tennant"
terrb101: "Bill Terry"
terrz101: "Zeb Terry"
thevt101: "Tommy Thevenow"
thomf105: "Fay Thomas"
thomf106: "Fresco Thompson"
thomh102: "Herb Thomas"
thoml104: "Lefty Thomas"
thomm101: "Myles Thomas"
thomr102: "Red Thomas"
thomt103: "Tommy Thomas"
thorh101: "Hank Thormahlen"
thurs101: "Sloppy Thurston"
tierc101: "Cotton Tierney"
tincb101: "Ben Tincup"
tobij101: "Jack Tobin"
todtp101: "Phil Todt"
tolsc101: "Chick Tolson"
tonef101: "Fred Toney"
topos101: "Specs Toporcer"
torrr102: "Ricardo Torres"
toucc101: "Clay Touchstone"
towni101: "Ira Townsend"
townl101: "Leo Townsend"
trayp101: "Pie Traynor"
tremo101: "Overton Tremper"
tucko101: "Ollie Tucker"
turkl101: "Lucas Turk"
tutwe101: "Elmer Tutwiler"
twomb101: "Babe Twombly"
tylel101: "Lefty Tyler"
tysot102: "Ty Tyson"
uchrj101: "Jimmy Uchrinscko"
uhleg101: "George Uhle"
ulrid101: "Dutch Ulrich"
undew101: "Willie Underhill"
urbal101: "Luke Urban"
ussad101: "Dutch Ussat"
vacht101: "Tex Vache"
vanac101: "Clay Van Alstyne"
vanca101: "Al Van Camp"
vancd101: "Dazzy Vance"
vange101: "Elam Vangilder"
vargb101: "Bill Vargus"
vaugh101: "Hippo Vaughn"
veacb101: "Bobby Veach"
veltp101: "Pat Veltman"
vicke101: "Ernie Vick"
vineb101: "Bob Vines"
voylp101: "Phil Voyles"
walbr101: "Rube Walberg"
walkb101: "Bill Walker"
walkc101: "Curt Walker"
walkf102: "Frank Walker"
walkj101: "Jim Walkup"
walkr102: "Roy Walker"
walkt101: "Tilly Walker"
walsa102: "Augie Walsh"
walse102: "Ed Walsh"
waltr102: "Roxy Walters"
wambb101: "Bill Wambsganss"
wanel101: "Lloyd Waner"
wanep101: "Paul Waner"
wannp101: "Pee-Wee Wanninger"
warda101: "Aaron Ward"
wardc102: "Chuck Ward"
warmc101: "Cy Warmoth"
warnh102: "Hooks Warner"
warnj101: "Jack Warner"
warwb101: "Bill Warwick"
watsm103: "Mule Watson"
watwj101: "Johnny Watwood"
way-b101: "Bob Way"
weavj101: "Jim Weaver"
webbe101: "Earl Webb"
weilb101: "Bob Weiland"
weinl101: "Lefty Weinert"
weisb102: "Butch Weis"
welcf101: "Frank Welch"
welch101: "Herb Welch"
welcj101: "Johnny Welch"
welle101: "Ed Wells"
welsj101: "Jimmy Welsh"
welzt101: "Tony Welzer"
wendl101: "Lew Wendell"
weraj101: "Julie Wera"
wertj101: "Johnny Wertz"
westa101: "Al Weston"
westm101: "Max West"
wests101: "Sam West"
wetzb101: "Buzz Wetzel"
wheam101: "Mack Wheat"
wheaz101: "Zach Wheat"
wheer101: "Rip Wheeler"
white102: "Earl Whitehill"
whitj106: "Jack White"
whitp102: "Possum Whitted"
whitp103: "Pinky Whitney"
wilhk101: "Kaiser Wilhelm"
wilkh101: "Harry Wilke"
wilkr101: "Roy Wilkinson"
willa102: "A Williamson"
willc102: "Claude Willoughby"
willc103: "Cy Williams"
willd105: "Denny Williams"
wille102: "Earl Williams"
willh101: "Howie Williamson"
willk101: "Ken Williams"
willk102: "Kid Willson"
willl101: "Leon Williams"
willl103: "Lefty Willis"
wilsf101: "Frank Wilson"
wilsh102: "Hack Wilson"
wilsj102: "John Wilson"
wilsj105: "Jimmy Wilson"
wilsm103: "Mike Wilson"
wilsr101: "Roy Wilson"
wilth101: "Hal Wiltse"
windb101: "Bill Windle"
winga101: "Al Wingo"
winge102: "Ernie Wingard"
wingi101: "Ivey Wingo"
wingt101: "Ted Wingfield"
winng101: "George Winn"
wintj101: "Jesse Winters"
wirtk101: "Kettle Wirts"
wisnj101: "Jack Wisner"
withf101: "Frank Withrow"
wittw101: "Whitey Witt"
wolfr101: "Ray Wolf"
woodj108: "Joe Wood"
woodl101: "Larry Woodall"
wrigg102: "Glenn Wright"
wrigj104: "Jim Wright"
wrigr102: "Russ Wrightstone"
wrigr104: "Rasty Wright"
wuesy101: "Yats Wuestling"
wyatw101: "Whit Wyatt"
yarnr101: "Rusty Yarnall"
yarrr101: "Rube Yarrison"
yaryy101: "Yam Yaryan"
yde-e101: "Emil Yde"
yellc101: "Chief Yellowhorse"
yerkc101: "Carroll Yerkes"
yorkl101: "Lefty York"
yotee101: "Elmer Yoter"
younc101: "Chief Youngblood"
younr101: "Ross Youngs"
younr103: "Ralph Young"
yowec101: "Carl Yowell"
zacht101: "Tom Zachary"
zahnp101: "Paul Zahniser"
zinkw101: "Walter Zink"
zinnj101: "Jimmy Zinn"
zitzb101: "Billy Zitzmann"
